{
  "mob.mystic_enderminion.death": {
    "category": "neutral",
    "sounds": [
      "sounds/mystic_enderminion/death",
	 "sounds/mystic_enderminion/death"
    ]
  },
  "mob.mystic_enderminion.hurt": {
    "category": "neutral",
    "sounds": [
      "sounds/mystic_enderminion/hurt1",
	  "sounds/mystic_enderminion/hurt2",
	  "sounds/mystic_enderminion/hurt3"
    ]
  },
  "mob.mystic_enderminion.idle": {
    "category": "neutral",
    "sounds": [
      "sounds/mystic_enderminion/idle",
	  "sounds/mystic_enderminion/idle2",
	  "sounds/mystic_enderminion/idle3",
	  "sounds/mystic_enderminion/idle4"
    ]
  },
  "mob.fanmade_enderman.death": {
    "category": "neutral",
    "sounds": [
      "sounds/fanmade_enderman/death",
	 "sounds/fanmade_enderman/death"
    ]
  },
  "mob.fanmade_enderman.hurt": {
    "category": "neutral",
    "sounds": [
      "sounds/fanmade_enderman/idle",
	  "sounds/fanmade_enderman/idle2"
    ]
  },
  "mob.fanmade_enderman.idle": {
    "category": "neutral",
    "sounds": [
      "sounds/fanmade_enderman/idle",
	  "sounds/fanmade_enderman/idle2",
	  "sounds/fanmade_enderman/idle3"
    ]
  },
  "mob.mystic_enderman.death": {
    "category": "neutral",
    "sounds": [
      "sounds/mystic_enderman/death",
	 "sounds/mystic_enderman/death"
    ]
  },
  "mob.mystic_enderman.hurt": {
    "category": "neutral",
    "sounds": [
      "sounds/mystic_enderman/hurt1",
	  "sounds/mystic_enderman/hurt2",
	  "sounds/mystic_enderman/hurt3",
	  "sounds/mystic_enderman/hurt4"
    ]
  },
  "mob.mystic_enderman.idle": {
    "category": "neutral",
    "sounds": [
      "sounds/mystic_enderman/idle",
	  "sounds/mystic_enderman/idle2",
	  "sounds/mystic_enderman/idle3",
	  "sounds/mystic_enderman/idle4",
	  "sounds/mystic_enderman/idle5"
    ]
  },
  "mob.enderminion.death": {
    "category": "neutral",
    "sounds": [
      "sounds/enderminion/death",
	 "sounds/enderminion/death"
    ]
  },
  "mob.enderminion.hurt": {
    "category": "neutral",
    "sounds": [
      "sounds/enderminion/hurt1",
	  "sounds/enderminion/hurt2",
	  "sounds/enderminion/hurt3"
    ]
  },
  "mob.enderminion.idle": {
    "category": "neutral",
    "sounds": [
      "sounds/enderminion/idle",
	  "sounds/enderminion/idle2",
	  "sounds/enderminion/idle3",
	  "sounds/enderminion/idle4"
    ]
  },
  "mob.titan.death": {
    "category": "neutral",
    "sounds": [
      "sounds/titan/death",
	 "sounds/titan/death"
    ]
  },
  "mob.titan.hurt": {
    "category": "neutral",
    "sounds": [
      "sounds/titan/idle",
	  "sounds/titan/idle2"
    ]
  },
  "mob.titan.idle": {
    "category": "neutral",
    "sounds": [
      "sounds/titan/idle",
	  "sounds/titan/idle2",
	  "sounds/titan/idle3",
	  "sounds/titan/idle4",
	  "sounds/titan/idle5"
    ]
  },
  "mob.farlander.death": {
    "category": "neutral",
    "sounds": [
      "sounds/farlander/death",
	 "sounds/farlander/death"
    ]
  },
  "mob.farlander.hurt": {
    "category": "neutral",
    "sounds": [
      "sounds/farlander/hurt1",
	 "sounds/farlander/hurt2",
	 "sounds/farlander/hurt3"
    ]
  },
  "mob.farlander.idle": {
    "category": "neutral",
    "sounds": [
      "sounds/farlander/idle",
	  "sounds/farlander/idle2",
	  "sounds/farlander/idle3",
	  "sounds/farlander/idle4",
	  "sounds/farlander/idle5"
    ]
  }
}