{
	"format_version": "1.12.0",
	"minecraft:geometry": [
		{
			"description": {
				"identifier": "geometry.custom_door",
				"texture_width": 32,
				"texture_height": 16,
				"visible_bounds_width": 2,
				"visible_bounds_height": 3.5,
				"visible_bounds_offset": [0, 1.25, 0]
			},
			"bones": [
				{
					"name": "custom_door",
					"pivot": [0, 0, 0],
					"cubes": [
						{
							"origin": [-8, 0, -8],
							"size": [16, 16, 3],
							"uv": {
								"north": {"uv": [16, 0], "uv_size": [16, 16]},
								"east": {"uv": [19, 0], "uv_size": [-3, 16]},
								"south": {"uv": [32, 0], "uv_size": [-16, 16]},
								"west": {"uv": [29, 0], "uv_size": [3, 16]},
								"down": {"uv": [16, 16], "uv_size": [16, -3]}
							}
						},
						{
							"origin": [-8, 16, -8],
							"size": [16, 16, 3],
							"uv": {
								"north": {"uv": [0, 0], "uv_size": [16, 16]},
								"east": {"uv": [3, 0], "uv_size": [-3, 16]},
								"south": {"uv": [16, 0], "uv_size": [-16, 16]},
								"west": {"uv": [13, 0], "uv_size": [3, 16]},
								"up": {"uv": [16, 13], "uv_size": [16, 3]}
							}
						}
					]
				}
			]
		}
	]
}