{
	"format_version": "1.12.0",
	"minecraft:geometry": [
		{
			"description": {
				"identifier": "geometry.custom_door_open",
				"texture_width": 32,
				"texture_height": 16,
				"visible_bounds_width": 2,
				"visible_bounds_height": 3.5,
				"visible_bounds_offset": [0, 1.25, 0]
			},
			"bones": [
				{
					"name": "custom_door",
					"pivot": [0, 0, 0],
					"cubes": [
						{
							"origin": [-8, 0, -8],
							"size": [3, 16, 16],
							"uv": {
								"north": {"uv": [16, 0], "uv_size": [3, 16]},
								"east": {"uv": [32, 0], "uv_size": [-16, 16]},
								"south": {"uv": [32, 0], "uv_size": [-3, 16]},
								"west": {"uv": [16, 0], "uv_size": [16, 16]},
								"down": {"uv": [32, 16], "uv_size": [-3, -16]}
							}
						},
						{
							"origin": [-8, 16, -8],
							"size": [3, 16, 16],
							"uv": {
								"north": {"uv": [0, 0], "uv_size": [3, 16]},
								"east": {"uv": [16, 0], "uv_size": [-16, 16]},
								"south": {"uv": [13, 0], "uv_size": [3, 16]},
								"west": {"uv": [0, 0], "uv_size": [16, 16]},
								"up": {"uv": [32, 16], "uv_size": [-3, -16]}
							}
						}
					]
				}
			]
		}
	]
}