{
	"format_version": "1.12.0",
	"minecraft:geometry": [
		{
			"description": {
				"identifier": "geometry.stairs",
				"texture_width": 16,
				"texture_height": 16,
				"visible_bounds_width": 4,
				"visible_bounds_height": 4,
				"visible_bounds_offset": [0, 1, 0]
			},
			"bones": [
				{
					"name": "stair",
					"pivot": [0, 0, 0],
					"cubes": [
						{
							"origin": [-8, 0, -8],
							"size": [16, 16, 8],
							"uv": {
								"north": {"uv": [0, 0], "uv_size": [16, 16]},
								"east": {"uv": [8, 0], "uv_size": [8, 16]},
								"south": {"uv": [0, 0], "uv_size": [16, 16]},
								"west": {"uv": [0, 0], "uv_size": [8, 16]},
								"up": {"uv": [0, 0], "uv_size": [16, 8]},
								"down": {"uv": [16, 16], "uv_size": [-16, -8]}
							}
						},
						{
							"origin": [-8, 0, 0],
							"size": [16, 8, 8],
							"uv": {
								"north": {"uv": [0, 8], "uv_size": [16, 8]},
								"east": {"uv": [0, 8], "uv_size": [8, 8]},
								"south": {"uv": [0, 8], "uv_size": [16, 8]},
								"west": {"uv": [8, 8], "uv_size": [8, 8]},
								"up": {"uv": [0, 8], "uv_size": [16, 8]},
								"down": {"uv": [16, 8], "uv_size": [-16, -8]}
							}
						}
					]
				}
			]
		}
	]
}