{
	"format_version": "1.12.0",
	"minecraft:geometry": [
		{
			"description": {
				"identifier": "geometry.tinder_mushroom_base",
				"texture_width": 64,
				"texture_height": 64,
				"visible_bounds_width": 3,
				"visible_bounds_height": 2.5,
				"visible_bounds_offset": [0, 0.75, 0]
			},
			"bones": [
				{
					"name": "root",
					"pivot": [0, 0, 0],
					"rotation": [-5, 0, 0],
					"cubes": [
						{"origin": [-12, 14, 4], "size": [8, 0, 8], "pivot": [0, 0, 0], "rotation": [10, 0, 0], "uv": [26, 0]},
						{"origin": [-8, 4, 4], "size": [6, 0, 6], "pivot": [0, 0, 0], "rotation": [10, 0, 0], "uv": [0, 10]},
						{"origin": [1, 9, 3], "size": [10, 0, 10], "pivot": [0, 0, 0], "rotation": [10, 0, 0], "uv": [0, 0]}
					]
				}
			]
		}
	]
}