{
  "format_version": "1.8.0",
  "minecraft:client_entity": {
    "description": {
      "identifier": "farlandersaddon:mystic_enderman",
      "materials": { "default": "slime" },
      "textures": { "default": "textures/entity/farlanders/mystic_enderman" },
      "geometry": { "default": "geometry.mystic_enderman" },
        "animations": {
				"walk": "animation.ender_minion.walk",
				"attack": "animation.ender_minion.attack",
			    "casting": "animation.ender_golem.scream",
				"celebrating": "animation.ender_golem.scream",
				"wolf_sitting": "animation.ender_minion.sit",
				"move": "animation.ender_minion.idle",
				"look_at_target": "animation.common.look_at_target"
        },
      "scripts": {
        "pre_animation": [
          "variable.attack = Math.sin(variable.attack_time * 38.17);"
        ]
      },
			"animation_controllers": [
				{
					"move": "controller.animation.polarbear.move"
				},
				{
					"attack": "controller.animation.farlander.attack"
				},
				{
					"wolf_sitting": "controller.animation.wolf.sitting" 
				},
				{
					"general": "controller.animation.girlfriend.general" 
				}
			],
      "render_controllers": [ "controller.render.skeleton" ],
      "enable_attachables": true,
      "spawn_egg": {
        "texture": "egg_mystic_enderman",
        "texture_index": 0
      }
    }
  }
}