{
  "format_version": "1.8.0",
  "minecraft:client_entity": {
    "description": {
      "identifier": "farlandersaddon:rebel_farlander",
      "materials": { "default": "slime" },
      "textures": { "default": "textures/entity/farlanders/rebel_farlander" },
      "geometry": { "default": "geometry.rebel_farlander" },
        "animations": {
				"walk": "animation.rebel_farlander.walk",
				"attack": "animation.rebel_farlander.attack",
			    "casting": "animation.rebel_farlander.scream",
				"celebrating": "animation.rebel_farlander.scream",
				"move": "animation.rebel_farlander.idle",
				"look_at_target": "animation.common.look_at_target"
        },
      "scripts": {
        "pre_animation": [
          "variable.attack = Math.sin(variable.attack_time * 38.17);"
        ]
      },
			"animation_controllers": [
				{
					"move": "controller.animation.polarbear.move"
				},
				{
					"attack": "controller.animation.farlander.attack"
				},
				{ 
					"general": "controller.animation.girlfriend.general" 
				}
			],
      "render_controllers": [ "controller.render.skeleton" ],
      "enable_attachables": true,
      "spawn_egg": {
        "texture": "egg_rebel_farlander",
        "texture_index": 0
      }
    }
  }
}