{
	"format_version": "1.8.0",
	"minecraft:attachable": {
		"description": {
			"identifier": "worldanimals:reptil_helmet",
			"materials": {
				"default": "armor",
				"enchanted": "armor_enchanted" 
			},
			"textures": {
				"default": "textures/armor/reptil_helmet",
				"enchanted": "textures/misc/enchanted_item_glint"
			},
			"geometry": {
				"default": "geometry.reptil_helmet"
			},
			"scripts": {
				"parent_setup": "variable.helmet_layer_visible = 0.0;"
			},
			"render_controllers": [
				"controller.render.armor"
			]
		}
	}
}
