{
	"format_version": "1.12.0",
	"minecraft:geometry": [
		{
			"description": {
				"identifier": "geometry.elder_farlander",
				"texture_width": 64,
				"texture_height": 32,
				"visible_bounds_width": 2,
				"visible_bounds_height": 2,
				"visible_bounds_offset": [0, 1, 0]
			},
			"bones": [
				{
					"name": "head",
					"pivot": [0, 23, 0],
					"cubes": [
						{"origin": [-4, 23, -4], "size": [8, 8, 8], "uv": [0, 0]},
						{"origin": [1, 28, -4.25], "size": [3, 1, 1], "inflate": -0.1, "uv": [28, 3]},
						{"origin": [-4, 19, -4.25], "size": [8, 5, 1], "inflate": 0.05, "uv": [24, 0]},
						{"origin": [-3, 16, -4.25], "size": [6, 3, 1], "uv": [24, 0]},
						{"origin": [2, 24, -4.25], "size": [2, 1, 1], "inflate": 0.1, "uv": [24, 0]},
						{"origin": [-4, 24, -4.25], "size": [2, 1, 1], "inflate": 0.1, "uv": [24, 0]},
						{"origin": [-1, 24, -4.25], "size": [2, 1, 1], "uv": [24, 0]},
						{"origin": [-1, 20, -4.75], "size": [2, 3, 1], "uv": [24, 0]},
						{"origin": [-1, 15, -4.75], "size": [2, 3, 1], "uv": [24, 0]},
						{"origin": [-4, 28, -4.25], "size": [3, 1, 1], "inflate": -0.1, "uv": [31, 4]}
					]
				},
				{
					"name": "bone",
					"pivot": [0, 7, 0],
					"cubes": [
						{"origin": [-1, 22, -1], "size": [2, 1, 2], "uv": [40, 25]},
						{"origin": [-4, 10, -2], "size": [8, 12, 4], "uv": [32, 16]},
						{"origin": [-4, 10, 2], "size": [8, 12, 1], "pivot": [0, 22, 2], "rotation": [15, 0, 0], "uv": [0, 19]}
					]
				},
				{
					"name": "leftLeg",
					"pivot": [-2, 10, 0],
					"cubes": [
						{"origin": [-3, 0, -1], "size": [2, 10, 2], "uv": [56, 0]}
					]
				},
				{
					"name": "rightLeg",
					"pivot": [2, 10, 0],
					"cubes": [
						{"origin": [1, 0, -1], "size": [2, 10, 2], "uv": [56, 0]}
					]
				},
				{
					"name": "baston",
					"pivot": [-5, 22, 0],
					"cubes": [
						{"origin": [-6, 13, -1], "size": [2, 9, 2], "pivot": [-5, 22, 0], "rotation": [-45, 0, 0], "uv": [56, 0]},
						{"origin": [-6, 15, -12.5], "size": [2, 2, 7], "inflate": -0.1, "uv": [42, 21]},
						{"origin": [-6, 0, -12.5], "size": [2, 8, 2], "inflate": -0.1, "uv": [42, 0]},
						{"origin": [-6, 7.75, -12.5], "size": [2, 8, 2], "uv": [42, 0]},
						{"origin": [-5, 14.75, -12.5], "size": [2, 2, 2], "inflate": -0.2, "uv": [42, 0]},
						{"origin": [-4, 14.75, -12.5], "size": [2, 2, 2], "inflate": -0.4, "uv": [42, 0]},
						{"origin": [-8, 14.75, -12.5], "size": [2, 2, 2], "inflate": -0.4, "uv": [42, 0]},
						{"origin": [-7, 14.75, -12.5], "size": [2, 2, 2], "inflate": -0.2, "uv": [42, 0]},
						{"origin": [-6, 15, -12.5], "size": [2, 2, 7], "inflate": -0.1, "uv": [42, 21]}
					]
				},
				{
					"name": "rightArm",
					"pivot": [5, 22, 0],
					"cubes": [
						{"origin": [14, 4, -1], "size": [2, 18, 2], "uv": [56, 0]}
					]
				}
			]
		}
	]
}