{
	"format_version": "1.12.0",
	"minecraft:geometry": [
		{
			"description": {
				"identifier": "geometry.ender_minion",
				"texture_width": 64,
				"texture_height": 32,
				"visible_bounds_width": 2,
				"visible_bounds_height": 4.5,
				"visible_bounds_offset": [0, 0.75, 0]
			},
			"bones": [
				{
					"name": "minion",
					"pivot": [0, 0, 0]
				},
				{
					"name": "Leg2",
					"parent": "minion",
					"pivot": [-2, 9, -4],
					"cubes": [
						{"origin": [-3, 7, 1], "size": [2, 7, 2], "pivot": [-2, 14, 2], "rotation": [-45, 0, 0], "uv": [56, 0]},
						{"origin": [-3, 6, -1], "size": [2, 2, 7], "pivot": [-2, 14, 2], "rotation": [-25, 0, 0], "uv": [42, 23]}
					]
				},
				{
					"name": "Leg1",
					"parent": "minion",
					"pivot": [2, 14, 2],
					"cubes": [
						{"origin": [1, 7, 1], "size": [2, 7, 2], "pivot": [2, 14, 2], "rotation": [-15, 0, 0], "uv": [56, 0]},
						{"origin": [1, 0, -1], "size": [2, 8, 2], "inflate": -0.1, "uv": [56, 0]}
					]
				},
				{
					"name": "body",
					"parent": "minion",
					"pivot": [0, 13.2, 2],
					"cubes": [
						{"origin": [-3, 13, -2], "size": [6, 6, 4], "pivot": [0, 21, 0], "rotation": [15, 0, 0], "uv": [32, 16]}
					]
				},
				{
					"name": "head",
					"parent": "body",
					"pivot": [0, 19, 0],
					"cubes": [
						{"origin": [-3, 20.5, -4], "size": [6, 5, 6], "uv": [2, 5]},
						{"origin": [-4, 17.5, -4], "size": [8, 8, 8], "inflate": -1.25, "pivot": [0, 17, 0], "rotation": [10, 0, 0], "uv": [0, 16]}
					]
				},
				{
					"name": "Arm_2",
					"parent": "body",
					"pivot": [-3, 19, 1],
					"cubes": [
						{"origin": [-4, 7, 0], "size": [2, 12, 2], "pivot": [-3, 22, 1], "rotation": [0, 0, 5], "uv": [56, 0]}
					]
				},
				{
					"name": "chest1",
					"parent": "Arm_2",
					"pivot": [-3, 22, 1],
					"rotation": [0, 0, 5],
					"cubes": [
						{"origin": [-5, 8, -1], "size": [4, 4, 4], "inflate": -0.75, "uv": [32, 0]}
					]
				},
				{
					"name": "Arm_1",
					"parent": "body",
					"pivot": [3, 19, 1],
					"cubes": [
						{"origin": [2, 7, 0], "size": [2, 12, 2], "pivot": [3, 22, 1], "rotation": [0, 0, -5], "uv": [56, 0]}
					]
				},
				{
					"name": "chest2",
					"parent": "Arm_1",
					"pivot": [3, 22, 1],
					"rotation": [0, 0, -5],
					"cubes": [
						{"origin": [1, 8, -1], "size": [4, 4, 4], "inflate": -0.75, "uv": [32, 0]},
						{"origin": [2.5, 7, -1], "size": [1, 1, 5], "uv": [32, 8]},
						{"origin": [2.5, 7, -7], "size": [1, 1, 5], "uv": [44, 8]},
						{"origin": [2.5, 7.5, -6], "size": [1, 1, 5], "inflate": -0.25, "uv": [44, 8]},
						{"origin": [2.41284, 6.50381, -6], "size": [1, 1, 5], "inflate": -0.25, "uv": [44, 8]},
						{"origin": [2.5, 7.5, -10], "size": [1, 1, 5], "inflate": -0.26, "uv": [44, 8]},
						{"origin": [2.5, 7.5, -12], "size": [1, 1, 5], "inflate": -0.27, "uv": [44, 8]},
						{"origin": [2.41284, 6.50381, -10], "size": [1, 1, 5], "inflate": -0.26, "uv": [44, 8]},
						{"origin": [2.41284, 6.50381, -12], "size": [1, 1, 5], "inflate": -0.27, "uv": [44, 8]},
						{"origin": [2.5, 7, -12], "size": [1, 1, 5], "uv": [44, 8]},
						{"origin": [2.5, 7, -14], "size": [1, 1, 5], "inflate": -0.2, "uv": [44, 8]},
						{"origin": [2.5, 7, -15], "size": [1, 1, 5], "inflate": -0.4, "uv": [44, 8]},
						{"origin": [2.5, 8, -2], "size": [1, 1, 1], "uv": [32, 8]},
						{"origin": [2.5, 6, -2], "size": [1, 1, 1], "uv": [32, 8]},
						{"origin": [2.5, 5, -3], "size": [1, 1, 1], "uv": [32, 8]},
						{"origin": [2.5, 9, -3], "size": [1, 1, 1], "uv": [32, 8]},
						{"origin": [2.5, 7, -2], "size": [1, 1, 1], "uv": [32, 8]},
						{"origin": [2, 6.5, 4], "size": [2, 2, 2], "uv": [24, 0]}
					]
				}
			]
		}
	]
}