{
	"format_version": "1.12.0",
	"minecraft:geometry": [
		{
			"description": {
				"identifier": "geometry.ender_guardian",
				"texture_width": 64,
				"texture_height": 32,
				"visible_bounds_width": 2,
				"visible_bounds_height": 2,
				"visible_bounds_offset": [0, 1, 0]
			},
			"bones": [
				{
					"name": "head",
					"pivot": [0, 23, 0],
					"cubes": [
						{"origin": [-4, 23, -4], "size": [8, 8, 8], "uv": [0, 0]},
						{"origin": [4, 25, -1], "size": [4, 2, 2], "uv": [45, 22]},
						{"origin": [6, 27, -1], "size": [2, 2, 2], "uv": [43, 20]},
						{"origin": [-8, 25, -1], "size": [4, 2, 2], "uv": [46, 23]},
						{"origin": [-8, 27, -1], "size": [2, 2, 2], "uv": [43, 20]}
					]
				},
				{
					"name": "bone",
					"pivot": [0, 7, 0],
					"cubes": [
						{"origin": [-1, 22, -1], "size": [2, 1, 2], "uv": [45, 20]},
						{"origin": [-4, 14, -2], "size": [8, 8, 4], "uv": [32, 16]},
						{"origin": [-1, 12, -1], "size": [2, 2, 2], "uv": [41, 17]},
						{"origin": [-3, 10, -1], "size": [6, 2, 2], "uv": [48, 22]},
						{"origin": [-2, 12, 2], "size": [4, 9, 4], "inflate": 0.02, "pivot": [0, 16, 2], "rotation": [0, 0, -25], "uv": [12, 16]},
						{"origin": [-1, 19, 4], "size": [1, 8, 1], "pivot": [0, 16, 2], "rotation": [0, 0, -25], "uv": [42, 0]},
						{"origin": [0, 19, 5], "size": [1, 8, 1], "pivot": [0, 16, 2], "rotation": [0, 0, -25], "uv": [42, 0]},
						{"origin": [-3, 26, 4], "size": [2, 1, 1], "pivot": [0, 16, 2], "rotation": [0, 0, -25], "uv": [31, 2]},
						{"origin": [-2, 26, 5], "size": [2, 1, 1], "pivot": [0, 16, 2], "rotation": [0, 0, -25], "uv": [31, 2]},
						{"origin": [-2, 25, 4], "size": [1, 1, 1], "pivot": [0, 16, 2], "rotation": [0, 0, -25], "uv": [31, 2]},
						{"origin": [-1, 25, 5], "size": [1, 1, 1], "pivot": [0, 16, 2], "rotation": [0, 0, -25], "uv": [31, 2]},
						{"origin": [0, 26, 4], "size": [2, 1, 1], "pivot": [0, 16, 2], "rotation": [0, 0, -25], "uv": [31, 2]},
						{"origin": [1, 26, 5], "size": [2, 1, 1], "pivot": [0, 16, 2], "rotation": [0, 0, -25], "uv": [31, 2]},
						{"origin": [0, 25, 4], "size": [1, 1, 1], "pivot": [0, 16, 2], "rotation": [0, 0, -25], "uv": [31, 2]},
						{"origin": [1, 25, 5], "size": [1, 1, 1], "pivot": [0, 16, 2], "rotation": [0, 0, -25], "uv": [31, 2]},
						{"origin": [-2, 20, 2], "size": [4, 1, 4], "inflate": 0.2, "pivot": [0, 16, 2], "rotation": [0, 0, -25], "uv": [26, 0]},
						{"origin": [-2, 12, 2], "size": [4, 1, 4], "inflate": 0.2, "pivot": [0, 16, 2], "rotation": [0, 0, -25], "uv": [48, 0]}
					]
				},
				{
					"name": "leftLeg",
					"pivot": [-2, 10, 0],
					"cubes": [
						{"origin": [-3, 0, -1], "size": [2, 10, 2], "uv": [56, 20]}
					]
				},
				{
					"name": "rightLeg",
					"pivot": [2, 10, 0],
					"cubes": [
						{"origin": [1, 0, -1], "size": [2, 10, 2], "uv": [56, 20]}
					]
				},
				{
					"name": "leftArm",
					"pivot": [-5, 22, 0],
					"cubes": [
						{"origin": [-6, 4, -1], "size": [2, 18, 2], "uv": [56, 12]},
						{"origin": [-6, 4, -5], "size": [2, 2, 10], "inflate": -0.25, "uv": [32, 0]},
						{"origin": [-6, 5, -8], "size": [2, 2, 4], "inflate": -0.3, "uv": [38, 6]},
						{"origin": [-6, 6, -10], "size": [2, 2, 4], "inflate": -0.35, "uv": [38, 6]},
						{"origin": [-6, 7, -10], "size": [2, 2, 2], "inflate": -0.4, "uv": [40, 8]},
						{"origin": [-5.5, 7.5, -9], "size": [1, 1, 9], "inflate": -0.45, "uv": [0, 22]},
						{"origin": [-5.5, 7.5, 0], "size": [1, 1, 9], "inflate": -0.45, "uv": [0, 22]},
						{"origin": [-6, 5, 3], "size": [2, 2, 4], "inflate": -0.3, "uv": [38, 6]},
						{"origin": [-6, 6, 5], "size": [2, 2, 4], "inflate": -0.35, "uv": [38, 6]},
						{"origin": [-6, 7, 7], "size": [2, 2, 2], "inflate": -0.4, "uv": [40, 8]}
					]
				},
				{
					"name": "rightArm",
					"pivot": [5, 22, 0],
					"cubes": [
						{"origin": [4, 4, -1], "size": [2, 18, 2], "uv": [56, 12]}
					]
				}
			]
		}
	]
}