{
	"format_version": "1.12.0",
	"minecraft:geometry": [
		{
			"description": {
				"identifier": "geometry.enderman_ore",
				"texture_width": 64,
				"texture_height": 32,
				"visible_bounds_width": 2,
				"visible_bounds_height": 7,
				"visible_bounds_offset": [0, 0, 0]
			},
			"bones": [
				{
					"name": "body",
					"pivot": [0, 38, 0],
					"mirror": true,
					"cubes": [
						{"origin": [-4, 26, -2], "size": [8, 12, 4], "uv": [32, 16]}
					]
				},
				{
					"name": "head",
					"pivot": [0, 38, 0],
					"mirror": true,
					"cubes": [
						{"origin": [-4, 38, -4], "size": [8, 8, 8], "uv": [0, 0]}
					]
				},
				{
					"name": "hat",
					"parent": "head",
					"pivot": [0, 38, 0],
					"mirror": true,
					"cubes": [
						{"origin": [-4, 38, -4], "size": [8, 8, 8], "inflate": -0.1, "uv": [0, 16]}
					]
				},
				{
					"name": "rightArm",
					"pivot": [3, 36, 0],
					"mirror": true,
					"cubes": [
						{"origin": [2, 8, -1], "size": [2, 30, 2], "uv": [56, 0]}
					]
				},
				{
					"name": "leftArm",
					"pivot": [-5, 36, 0],
					"mirror": true,
					"cubes": [
						{"origin": [-6, 8, -1], "size": [2, 30, 2], "uv": [56, 0], "mirror": false}
					]
				},
				{
					"name": "rightLeg",
					"pivot": [2, 26, 0],
					"mirror": true,
					"cubes": [
						{"origin": [1, -4, -1], "size": [2, 30, 2], "uv": [56, 0]}
					]
				},
				{
					"name": "leftLeg",
					"pivot": [-2, 26, 0],
					"mirror": true,
					"cubes": [
						{"origin": [-3, -4, -1], "size": [2, 30, 2], "uv": [56, 0], "mirror": false}
					]
				}
			]
		}
	]
}