{
	"format_version": "1.12.0",
	"minecraft:geometry": [
		{
			"description": {
				"identifier": "geometry.ender_golem",
				"texture_width": 64,
				"texture_height": 32,
				"visible_bounds_width": 2,
				"visible_bounds_height": 4,
				"visible_bounds_offset": [0, 2, 0]
			},
			"bones": [
				{
					"name": "ender_golem",
					"pivot": [0, 0, 0]
				},
				{
					"name": "leftLeg",
					"parent": "ender_golem",
					"pivot": [-2, 24, 1],
					"rotation": [-12.5, 0, 0],
					"mirror": true,
					"cubes": [
						{"origin": [-3, 12, 0], "size": [2, 12, 2], "uv": [56, 0], "mirror": false}
					]
				},
				{
					"name": "leg1_0",
					"parent": "leftLeg",
					"pivot": [-2, 12, 1],
					"rotation": [12.5, 0, 0],
					"cubes": [
						{"origin": [-3, 0, 0], "size": [2, 12, 2], "uv": [56, 0]}
					]
				},
				{
					"name": "rightLeg",
					"parent": "ender_golem",
					"pivot": [2, 24, 1],
					"rotation": [-12.5, 0, 0],
					"mirror": true,
					"cubes": [
						{"origin": [1, 12, 0], "size": [2, 12, 2], "uv": [56, 0]}
					]
				},
				{
					"name": "leg0_0",
					"parent": "rightLeg",
					"pivot": [2, 12, 1],
					"rotation": [12.5, 0, 0],
					"cubes": [
						{"origin": [1, 0, 0], "size": [2, 12, 2], "uv": [56, 0], "mirror": true}
					]
				},
				{
					"name": "body",
					"parent": "ender_golem",
					"pivot": [0, 23.5, 1],
					"rotation": [5, 0, 0],
					"mirror": true,
					"cubes": [
						{"origin": [-4, 29.5, -1], "size": [8, 12, 4], "uv": [32, 16]},
						{"origin": [-5.5, 38.5, 0], "size": [11, 2, 2], "inflate": -0.25, "uv": [33, 22]},
						{"origin": [-4, 23.5, 0], "size": [8, 2, 2], "uv": [34, 23]},
						{"origin": [-1, 25.5, 0], "size": [2, 4, 2], "uv": [40, 21]}
					]
				},
				{
					"name": "head",
					"parent": "body",
					"pivot": [0, 41.5, 1],
					"mirror": true,
					"cubes": [
						{"origin": [-4, 42.5, -3], "size": [8, 7, 8], "uv": [0, 0]},
						{"origin": [4, 44.5, 0], "size": [4, 2, 2], "uv": [37, 24]},
						{"origin": [-8, 44.5, 0], "size": [4, 2, 2], "uv": [37, 24]},
						{"origin": [6, 46.5, 0], "size": [2, 4, 2], "uv": [37, 24]},
						{"origin": [-8, 46.5, 0], "size": [2, 4, 2], "uv": [37, 24]}
					]
				},
				{
					"name": "boca",
					"parent": "head",
					"pivot": [0, 45.3, 1.1],
					"cubes": [
						{"origin": [-4, 41.3, -2.9], "size": [8, 8, 8], "inflate": -0.2, "uv": [0, 16], "mirror": true}
					]
				},
				{
					"name": "rightArm",
					"parent": "body",
					"pivot": [6, 38.5, 1],
					"rotation": [7.5, 0, 0],
					"mirror": true,
					"cubes": [
						{"origin": [5, 25.5, 0], "size": [2, 15, 2], "uv": [56, 0]}
					]
				},
				{
					"name": "arm0_0",
					"parent": "rightArm",
					"pivot": [6, 25.5, 1],
					"rotation": [-15, 0, 0],
					"cubes": [
						{"origin": [5, 10.5, 0], "size": [2, 15, 2], "uv": [56, 0], "mirror": true}
					]
				},
				{
					"name": "leftArm",
					"parent": "body",
					"pivot": [-6, 38.5, 1],
					"rotation": [7.5, 0, 0],
					"mirror": true,
					"cubes": [
						{"origin": [-7, 25.5, 0], "size": [2, 15, 2], "uv": [56, 0], "mirror": false}
					]
				},
				{
					"name": "arm1_0",
					"parent": "leftArm",
					"pivot": [-6, 25.5, 1],
					"rotation": [-15, 0, 0],
					"cubes": [
						{"origin": [-7, 10.5, 0], "size": [2, 15, 2], "uv": [56, 0]}
					]
				}
			]
		}
	]
}