{
	"format_version": "1.12.0",
	"minecraft:geometry": [
		{
			"description": {
				"identifier": "geometry.farlander",
				"texture_width": 64,
				"texture_height": 32,
				"visible_bounds_width": 2,
				"visible_bounds_height": 4.5,
				"visible_bounds_offset": [0, 0.75, 0]
			},
			"bones": [
				{
					"name": "body",
					"pivot": [0, 7, 0],
					"cubes": [
						{"origin": [-1, 22, -1], "size": [2, 1, 2], "uv": [40, 25]},
						{"origin": [-4, 14, -2], "size": [8, 8, 4], "uv": [32, 16]}
					]
				},
				{
					"name": "head",
					"parent": "body",
					"pivot": [0, 23, 0],
					"cubes": [
						{"origin": [-4, 23, -4], "size": [8, 8, 8], "uv": [0, 0]}
					]
				},
				{
					"name": "leftArm",
					"parent": "body",
					"pivot": [-5, 22, 0],
					"cubes": [
						{"origin": [-6, 13, -1], "size": [2, 9, 2], "uv": [56, 0]},
						{"origin": [-6, 4, -1], "size": [2, 9, 2], "uv": [56, 21]}
					]
				},
				{
					"name": "rightArm",
					"parent": "body",
					"pivot": [5, 22, 0],
					"cubes": [
						{"origin": [4, 13, -1], "size": [2, 9, 2], "uv": [56, 0]},
						{"origin": [4, 4, -1], "size": [2, 9, 2], "uv": [56, 21]}
					]
				},
				{
					"name": "farlander",
					"pivot": [0, 0, 0]
				},
				{
					"name": "rightLeg",
					"parent": "farlander",
					"pivot": [2, 14, 0],
					"cubes": [
						{"origin": [1, 7, -1], "size": [2, 7, 2], "uv": [56, 0]},
						{"origin": [1, 0, -1], "size": [2, 7, 2], "uv": [56, 23]}
					]
				},
				{
					"name": "leftLeg",
					"parent": "farlander",
					"pivot": [-2, 14, 0],
					"cubes": [
						{"origin": [-3, 7, -1], "size": [2, 7, 2], "uv": [56, 0]},
						{"origin": [-3, 0, -1], "size": [2, 7, 2], "uv": [56, 23]}
					]
				}
			]
		}
	]
}