{
	"format_version": "1.12.0",
	"minecraft:geometry": [
		{
			"description": {
				"identifier": "geometry.flippy",
				"texture_width": 128,
				"texture_height": 128,
				"visible_bounds_width": 3,
				"visible_bounds_height": 3.5,
				"visible_bounds_offset": [0, 1.25, 0]
			},
			"bones": [
				{
					"name": "flipply",
					"pivot": [0, 0, 0]
				},
				{
					"name": "body",
					"parent": "flipply",
					"pivot": [0, 8, 0],
					"cubes": [
						{"origin": [-4.5, 8, -2.5], "size": [9, 2, 5], "uv": [29, 36]},
						{"origin": [-4.5, 9.9, -2.5], "size": [9, 8, 5], "inflate": 0.2, "uv": [0, 31]},
						{"origin": [0.25, 15.9, -3.5], "size": [1, 2, 1], "uv": [0, 28]},
						{"origin": [-1.25, 15.9, -3.5], "size": [1, 2, 1], "uv": [0, 28]}
					]
				},
				{
					"name": "head",
					"parent": "body",
					"pivot": [0, 18.9, 0],
					"cubes": [
						{"origin": [-6, 18.9, -6], "size": [12, 14, 12], "uv": [0, 0]},
						{"origin": [-8.5, 31.9, -5.5], "size": [17, 2, 11], "inflate": -0.1, "uv": [48, 0]},
						{"origin": [-8.5, 17.9, -5.5], "size": [17, 2, 11], "inflate": -0.1, "uv": [48, 0]},
						{"origin": [-9, 19.4, -5.5], "size": [3, 13, 11], "uv": [1, 69]},
						{"origin": [-10, 19.4, -5.5], "size": [3, 13, 11], "inflate": -0.25, "uv": [1, 69]},
						{"origin": [6, 19.4, -5.5], "size": [3, 13, 11], "uv": [0, 102]},
						{"origin": [7, 19.4, -5.5], "size": [3, 13, 11], "inflate": -0.25, "uv": [0, 102]},
						{"origin": [-10.4, 31.8, -1.1], "size": [3, 3, 3], "pivot": [-8.9, 33.3, 0.4], "rotation": [0, 0, -30], "uv": [0, 0]},
						{"origin": [7.4, 31.8, -1.1], "size": [3, 3, 3], "pivot": [8.9, 33.3, 0.4], "rotation": [0, 0, 30], "uv": [0, 0]},
						{"origin": [-5, 33.8, -7], "size": [10, 1, 10], "uv": [88, 115]},
						{"origin": [-5.8, 33.6, -6], "size": [10, 4, 10], "inflate": -0.2, "uv": [86, 100]},
						{"origin": [2.9, 33.5, -5], "size": [3, 4, 8], "inflate": -0.2, "pivot": [3.7, 35.6, -1], "rotation": [0, 0, 24], "uv": [63, 113]}
					]
				},
				{
					"name": "arm0",
					"parent": "body",
					"pivot": [6.6, 18, 0],
					"rotation": [0, 0, -5],
					"cubes": [
						{"origin": [4.6, 12, -2], "size": [4, 6, 4], "uv": [36, 26]}
					]
				},
				{
					"name": "arm0_0",
					"parent": "arm0",
					"pivot": [6.6, 13.4, 0.4],
					"rotation": [-45, 0, 0],
					"cubes": [
						{"origin": [4.6, 9.4, -1.6], "size": [4, 4, 4], "inflate": 0.1, "uv": [53, 28]},
						{"origin": [4.1, 6.4, -2.1], "size": [5, 3, 5], "uv": [48, 17]},
						{"origin": [5.3, 5.175, -3.4], "size": [2, 2, 7], "uv": [36, 101]},
						{"origin": [4.8, 4.775, -6.4], "size": [3, 3, 3], "uv": [83, 101]}
					]
				},
				{
					"name": "dedos",
					"parent": "arm0_0",
					"pivot": [6.6, 13.4, 0.4]
				},
				{
					"name": "dedo0",
					"parent": "dedos",
					"pivot": [4.9, 6.4, -2.1],
					"cubes": [
						{"origin": [3.9, 4.65, -2.35], "size": [2, 2, 4], "inflate": -0.25, "uv": [0, 45]}
					]
				},
				{
					"name": "dedo1",
					"parent": "dedos",
					"pivot": [6.4, 6.4, -2.1],
					"cubes": [
						{"origin": [5.4, 4.65, -2.35], "size": [2, 2, 4], "inflate": -0.25, "uv": [0, 45]}
					]
				},
				{
					"name": "dedo2",
					"parent": "dedos",
					"pivot": [7.9, 6.4, -2.1],
					"cubes": [
						{"origin": [6.9, 4.65, -2.35], "size": [2, 2, 4], "inflate": -0.25, "uv": [0, 45]}
					]
				},
				{
					"name": "dedo3",
					"parent": "dedos",
					"pivot": [4.1, 6.4, 2.15],
					"rotation": [0, 90, 0],
					"cubes": [
						{"origin": [3.1, 4.65, 1.9], "size": [2, 2, 4], "inflate": -0.25, "uv": [0, 94]}
					]
				},
				{
					"name": "arm1",
					"parent": "body",
					"pivot": [-6.4, 18, 0],
					"rotation": [0, 0, 10],
					"cubes": [
						{"origin": [-8.4, 12, -2], "size": [4, 6, 4], "uv": [36, 26]}
					]
				},
				{
					"name": "arm1_0",
					"parent": "arm1",
					"pivot": [-6.4, 13.2, 0.3],
					"rotation": [-39, 0, 0],
					"cubes": [
						{"origin": [-8.4, 9.2, -1.7], "size": [4, 4, 4], "inflate": 0.1, "uv": [53, 28]},
						{"origin": [-8.9, 6.2, -2.2], "size": [5, 3, 5], "uv": [48, 17]}
					]
				},
				{
					"name": "dedos2",
					"parent": "arm1_0",
					"pivot": [-6.4, 5.2, 0.3]
				},
				{
					"name": "dedo4",
					"parent": "dedos2",
					"pivot": [-7.7, 6.2, -2.2],
					"cubes": [
						{"origin": [-8.7, 4.45, -2.45], "size": [2, 2, 4], "inflate": -0.25, "uv": [0, 45]}
					]
				},
				{
					"name": "dedo5",
					"parent": "dedos2",
					"pivot": [-6.2, 6.2, -2.2],
					"cubes": [
						{"origin": [-7.2, 4.45, -2.45], "size": [2, 2, 4], "inflate": -0.25, "uv": [0, 45]}
					]
				},
				{
					"name": "dedo6",
					"parent": "dedos2",
					"pivot": [-4.7, 6.2, -2.2],
					"cubes": [
						{"origin": [-5.7, 4.45, -2.45], "size": [2, 2, 4], "inflate": -0.25, "uv": [0, 45]}
					]
				},
				{
					"name": "dedo7",
					"parent": "dedos2",
					"pivot": [-3.9, 6.2, 2.05],
					"rotation": [0, -90, 0],
					"cubes": [
						{"origin": [-4.9, 4.45, 1.8], "size": [2, 2, 4], "inflate": -0.25, "uv": [0, 94]}
					]
				},
				{
					"name": "leg1",
					"parent": "flipply",
					"pivot": [2.25, 8, 0],
					"cubes": [
						{"origin": [0.25, 5, -2], "size": [4, 3, 4], "uv": [108, 0]}
					]
				},
				{
					"name": "leg0_1",
					"parent": "leg1",
					"pivot": [2.25, 5, 0],
					"cubes": [
						{"origin": [0.25, 3, -2], "size": [4, 2, 4], "uv": [107, 18]},
						{"origin": [0.25, 0, -4], "size": [4, 3, 6], "uv": [104, 31]}
					]
				},
				{
					"name": "leg0",
					"parent": "flipply",
					"pivot": [-2.25, 8, 0],
					"cubes": [
						{"origin": [-4.25, 5, -2], "size": [4, 3, 4], "uv": [108, 0]}
					]
				},
				{
					"name": "leg0_0",
					"parent": "leg0",
					"pivot": [-2.25, 5, 0],
					"cubes": [
						{"origin": [-4.25, 3, -2], "size": [4, 2, 4], "uv": [107, 18]},
						{"origin": [-4.25, 0, -4], "size": [4, 3, 6], "uv": [104, 31]}
					]
				}
			]
		}
	]
}