{
	"format_version": "1.12.0",
	"minecraft:geometry": [
		{
			"description": {
				"identifier": "geometry.mystic_ender_minion",
				"texture_width": 64,
				"texture_height": 64,
				"visible_bounds_width": 2,
				"visible_bounds_height": 4.5,
				"visible_bounds_offset": [0, 0.75, 0]
			},
			"bones": [
				{
					"name": "minion",
					"pivot": [0, 0, 0]
				},
				{
					"name": "body",
					"parent": "minion",
					"pivot": [0, 8, 0],
					"cubes": [
						{"origin": [-3, 15, -2], "size": [6, 6, 4], "pivot": [0, 23, 0], "rotation": [15, 0, 0], "uv": [32, 16]},
						{"origin": [-5, 4, 5.8], "size": [10, 20, 1], "inflate": -1, "pivot": [2, 6, 9], "rotation": [15, 0, 0], "uv": [1, 34]}
					]
				},
				{
					"name": "head",
					"parent": "body",
					"pivot": [0, 21, 0],
					"cubes": [
						{"origin": [-3, 22.5, -4], "size": [6, 5, 6], "uv": [2, 5]},
						{"origin": [-4, 19.5, -4], "size": [8, 8, 8], "inflate": -1.25, "pivot": [0, 19, 0], "rotation": [10, 0, 0], "uv": [0, 16]}
					]
				},
				{
					"name": "Arm_2",
					"parent": "body",
					"pivot": [-3, 21, 1],
					"cubes": [
						{"origin": [-4, 9, 0], "size": [2, 12, 2], "pivot": [-3, 24, 1], "rotation": [0, 0, 5], "uv": [56, 0]}
					]
				},
				{
					"name": "Arm_1",
					"parent": "body",
					"pivot": [3, 21, 1],
					"cubes": [
						{"origin": [2, 9, 0], "size": [2, 12, 2], "pivot": [3, 24, 1], "rotation": [0, 0, -5], "uv": [56, 0]}
					]
				},
				{
					"name": "bara",
					"parent": "Arm_1",
					"pivot": [4, 10, 1],
					"rotation": [0, 0, -5],
					"cubes": [
						{"origin": [3.5, 10, -6], "size": [1, 1, 10], "uv": [33, 0]},
						{"origin": [2.40904, 8.91665, -9], "size": [3, 3, 3], "uv": [24, 0]},
						{"origin": [3.5, 8.00761, -8], "size": [1, 5, 1], "uv": [39, 0]},
						{"origin": [3.5, 10, -6], "size": [1, 1, 3], "inflate": -0.1, "pivot": [4, 10, -3], "rotation": [-30, 0, 0], "uv": [0, 0]},
						{"origin": [3.5, 10, -8.8], "size": [1, 1, 3], "inflate": -0.1, "pivot": [4, 10, -3], "rotation": [-30, 0, 0], "uv": [0, 0]},
						{"origin": [3.5, 10, -6], "size": [1, 1, 3], "inflate": -0.1, "pivot": [4, 11, -3], "rotation": [30, 0, 0], "uv": [0, 0]},
						{"origin": [3.5, 10, -8.8], "size": [1, 1, 3], "inflate": -0.1, "pivot": [4, 11, -3], "rotation": [30, 0, 0], "uv": [0, 0]}
					]
				},
				{
					"name": "Leg1",
					"parent": "minion",
					"pivot": [2, 16, 2],
					"cubes": [
						{"origin": [1, 9, 1], "size": [2, 7, 2], "pivot": [2, 16, 2], "rotation": [-15, 0, 0], "uv": [56, 0]},
						{"origin": [1, 2, -1], "size": [2, 8, 2], "inflate": -0.1, "uv": [56, 0]}
					]
				},
				{
					"name": "Leg2",
					"parent": "minion",
					"pivot": [-2, 16, 2],
					"cubes": [
						{"origin": [-3, 9, 1], "size": [2, 7, 2], "pivot": [-2, 16, 2], "rotation": [-45, 0, 0], "uv": [56, 0]},
						{"origin": [-3, 8, -1], "size": [2, 2, 7], "pivot": [-2, 16, 2], "rotation": [-25, 0, 0], "uv": [42, 23]}
					]
				}
			]
		}
	]
}