{
	"format_version": "1.12.0",
	"minecraft:geometry": [
		{
			"description": {
				"identifier": "geometry.mystic_enderman",
				"texture_width": 64,
				"texture_height": 64,
				"visible_bounds_width": 2,
				"visible_bounds_height": 7.5,
				"visible_bounds_offset": [0, 0.25, 0]
			},
			"bones": [
				{
					"name": "minion",
					"pivot": [0, 0, 0]
				},
				{
					"name": "leg",
					"parent": "minion",
					"pivot": [-2, 26, 0],
					"mirror": true,
					"cubes": [
						{"origin": [-3, 0, -1], "size": [2, 30, 2], "uv": [56, 0], "mirror": false}
					]
				},
				{
					"name": "leg1",
					"parent": "minion",
					"pivot": [2, 26, 0],
					"mirror": true,
					"cubes": [
						{"origin": [1, 12, -1], "size": [2, 15, 2], "pivot": [2, 27, 0], "rotation": [-30, 0, 0], "uv": [56, 0]},
						{"origin": [1, -1, -8], "size": [2, 15, 2], "pivot": [2, 14, -7], "rotation": [35, 0, 0], "uv": [56, 0]}
					]
				},
				{
					"name": "body",
					"parent": "minion",
					"pivot": [0, 26, 0],
					"mirror": true,
					"cubes": [
						{"origin": [-4, 26, -2], "size": [8, 12, 4], "uv": [32, 16]},
						{"origin": [-5, 9, 2], "size": [10, 29, 1], "pivot": [0, 37, 0], "rotation": [5, 0, 0], "uv": [1, 34]}
					]
				},
				{
					"name": "Arm_0",
					"parent": "body",
					"pivot": [5, 36, 0],
					"mirror": true,
					"cubes": [
						{"origin": [4, 8, -1], "size": [2, 30, 2], "uv": [56, 0]}
					]
				},
				{
					"name": "Arm_1",
					"parent": "body",
					"pivot": [-5, 36, 0],
					"mirror": true,
					"cubes": [
						{"origin": [-6, 8, -1], "size": [2, 30, 2], "uv": [56, 0], "mirror": false}
					]
				},
				{
					"name": "enemy",
					"parent": "Arm_1",
					"pivot": [4, 10, 1],
					"rotation": [0, 0, -5],
					"cubes": [
						{"origin": [-5.46575, 10.7844, -6], "size": [1, 1, 10], "uv": [33, 0]},
						{"origin": [-6.55671, 9.70105, -9], "size": [3, 3, 3], "uv": [24, 0]},
						{"origin": [-5.46575, 8.79201, -8], "size": [1, 5, 1], "uv": [39, 0]},
						{"origin": [-5.46575, 10.67931, -6.3922], "size": [1, 1, 3], "inflate": -0.1, "pivot": [4, 10, -3], "rotation": [-30, 0, 0], "uv": [0, 0]},
						{"origin": [-5.46575, 10.67931, -9.1922], "size": [1, 1, 3], "inflate": -0.1, "pivot": [4, 10, -3], "rotation": [-30, 0, 0], "uv": [0, 0]},
						{"origin": [-5.46575, 10.67931, -5.6078], "size": [1, 1, 3], "inflate": -0.1, "pivot": [4, 11, -3], "rotation": [30, 0, 0], "uv": [0, 0]},
						{"origin": [-5.46575, 10.67931, -8.4078], "size": [1, 1, 3], "inflate": -0.1, "pivot": [4, 11, -3], "rotation": [30, 0, 0], "uv": [0, 0]}
					]
				},
				{
					"name": "head",
					"parent": "body",
					"pivot": [0, 38, 0],
					"mirror": true,
					"cubes": [
						{"origin": [-4, 38, -4], "size": [8, 8, 8], "uv": [0, 0]}
					]
				},
				{
					"name": "hat",
					"parent": "head",
					"pivot": [0, 38, 0],
					"mirror": true,
					"cubes": [
						{"origin": [-4, 38, -4], "size": [8, 8, 8], "inflate": -0.1, "uv": [0, 16]}
					]
				}
			]
		}
	]
}