{
	"format_version": "1.12.0",
	"minecraft:geometry": [
		{
			"description": {
				"identifier": "geometry.rebel_farlander",
				"texture_width": 64,
				"texture_height": 32,
				"visible_bounds_width": 2,
				"visible_bounds_height": 3,
				"visible_bounds_offset": [0, 1.5, 0]
			},
			"bones": [
				{
					"name": "body",
					"pivot": [0, 10, 0],
					"cubes": [
						{"origin": [-1, 22, -1], "size": [2, 1, 2], "uv": [40, 25]},
						{"origin": [-4, 10, -2], "size": [8, 12, 4], "uv": [32, 16]}
					]
				},
				{
					"name": "head",
					"parent": "body",
					"pivot": [0, 23, 0],
					"cubes": [
						{"origin": [-4, 23, -4], "size": [8, 8, 8], "uv": [0, 0]},
						{"origin": [-4, 23, -4], "size": [8, 8, 8], "inflate": 0.25, "uv": [32, 0]},
						{"origin": [4, 26, -1], "size": [4, 2, 2], "uv": [40, 21]},
						{"origin": [-8, 26, -1], "size": [4, 2, 2], "uv": [40, 21]},
						{"origin": [6, 28, -1], "size": [2, 2, 2], "uv": [40, 21]},
						{"origin": [-8, 28, -1], "size": [2, 2, 2], "uv": [40, 21]}
					]
				},
				{
					"name": "leftArm",
					"parent": "body",
					"pivot": [-5, 22, 0],
					"cubes": [
						{"origin": [-6, 4, -1], "size": [2, 9, 2], "uv": [56, 21]},
						{"origin": [-6, 5, -2], "size": [2, 2, 6], "inflate": -0.25, "uv": [0, 16]},
						{"origin": [-5.5, 5, -9], "size": [1, 2, 6], "inflate": 0.15, "uv": [0, 16]},
						{"origin": [-5.5, 5, -14], "size": [1, 2, 6], "uv": [0, 16]},
						{"origin": [-5.5, 5, -19], "size": [1, 2, 6], "inflate": -0.15, "uv": [0, 16]},
						{"origin": [-6.5, 4.5, -3], "size": [3, 3, 1], "inflate": 0.25, "uv": [0, 29]},
						{"origin": [-6.5, 7.5, -3], "size": [3, 3, 1], "uv": [0, 29]},
						{"origin": [-6.5, 1.5, -3], "size": [3, 3, 1], "uv": [0, 29]},
						{"origin": [-6, 13, -1], "size": [2, 9, 2], "uv": [56, 16]}
					]
				},
				{
					"name": "rightArm",
					"parent": "body",
					"pivot": [5, 22, 0],
					"cubes": [
						{"origin": [4, 4, -1], "size": [2, 9, 2], "uv": [56, 21]},
						{"origin": [4, 13, -1], "size": [2, 9, 2], "uv": [56, 16]}
					]
				},
				{
					"name": "leftLeg",
					"pivot": [-2, 10, 0],
					"cubes": [
						{"origin": [-3, 0, -1], "size": [2, 10, 2], "uv": [24, 20]}
					]
				},
				{
					"name": "rightLeg",
					"pivot": [2, 10, 0],
					"cubes": [
						{"origin": [1, 0, -1], "size": [2, 10, 2], "uv": [24, 20]}
					]
				}
			]
		}
	]
}