{
	"format_version": "1.12.0",
	"minecraft:geometry": [
		{
			"description": {
				"identifier": "geometry.rebel_helmet",
				"texture_width": 64,
				"texture_height": 64,
				"visible_bounds_width": 2,
				"visible_bounds_height": 3.5,
				"visible_bounds_offset": [0, 1.25, 0]
			},
			"bones": [
				{
					"name": "head",
					"pivot": [0, 24, 0],
					"mirror": true,
					"cubes": [
						{"origin": [-5, 24, -4], "size": [9, 9, 9], "inflate": 0.5, "uv": [0.25, 0]},
						{"origin": [4.7, 28, -0.5], "size": [3, 1, 1], "inflate": 0.3, "uv": [20, 11]},
						{"origin": [6.7, 29.6, -0.5], "size": [1, 2, 1], "inflate": 0.3, "uv": [20, 11]},
						{"origin": [-7.6, 28, -0.5], "size": [3, 1, 1], "inflate": 0.3, "uv": [20, 11]},
						{"origin": [-7.6, 29.6, -0.5], "size": [1, 2, 1], "inflate": 0.3, "uv": [20, 11]}
					]
				}
			]
		}
	]
}