{
	"format_version": "1.12.0",
	"minecraft:geometry": [
		{
			"description": {
				"identifier": "geometry.titan",
				"texture_width": 128,
				"texture_height": 128,
				"visible_bounds_width": 5,
				"visible_bounds_height": 6,
				"visible_bounds_offset": [0, 1, 0]
			},
			"bones": [
				{
					"name": "titan",
					"pivot": [0, 0, 0]
				},
				{
					"name": "rightLeg",
					"parent": "titan",
					"pivot": [-3, 22, 0],
					"cubes": [
						{"origin": [-5, 10.5, -3], "size": [4, 11, 4], "inflate": -0.5, "pivot": [2, 22, 0], "rotation": [-10, 0, 0], "uv": [41, 26]}
					]
				},
				{
					"name": "leg1_0",
					"parent": "rightLeg",
					"pivot": [-3, 12, -3],
					"cubes": [
						{"origin": [-5, 0.5, -5], "size": [4, 12, 4], "inflate": -0.5, "uv": [41, 26]}
					]
				},
				{
					"name": "leftLeg",
					"parent": "titan",
					"pivot": [5, 22, 0],
					"cubes": [
						{"origin": [3, 10.5, -3], "size": [4, 11, 4], "inflate": -0.5, "pivot": [2, 22, 0], "rotation": [-10, 0, 0], "uv": [41, 26]}
					]
				},
				{
					"name": "leg0_0",
					"parent": "leftLeg",
					"pivot": [5, 12, -3],
					"cubes": [
						{"origin": [3, 0.5, -5], "size": [4, 12, 4], "inflate": -0.5, "uv": [41, 26]}
					]
				},
				{
					"name": "bone",
					"parent": "titan",
					"pivot": [0, 21, 0],
					"cubes": [
						{"origin": [1, 36, -4], "size": [13, 5, 6], "pivot": [0, 36, 0], "rotation": [10, 0, 0], "uv": [33, 26]},
						{"origin": [-12, 36, -4], "size": [13, 5, 6], "pivot": [0, 36, 0], "rotation": [10, 0, 0], "uv": [33, 26]},
						{"origin": [8, 40, -3], "size": [4, 3, 4], "uv": [43, 27]},
						{"origin": [-9, 40, -3], "size": [4, 3, 4], "uv": [43, 27]},
						{"origin": [-1, 22, -3], "size": [4, 15, 4], "inflate": -0.5, "uv": [36, 33]},
						{"origin": [-5, 21, -3], "size": [12, 2, 4], "uv": [39, 26]},
						{"origin": [-4, 35, -3], "size": [10, 1, 1], "uv": [0, 0]},
						{"origin": [5, 35, -2], "size": [1, 1, 2], "uv": [0, 0]},
						{"origin": [-4, 35, -2], "size": [1, 1, 2], "uv": [0, 0]},
						{"origin": [-4, 35, 0], "size": [10, 1, 1], "uv": [0, 0]},
						{"origin": [-4, 32, -3], "size": [10, 1, 1], "uv": [36, 33]},
						{"origin": [5, 32, -2], "size": [1, 1, 2], "uv": [36, 33]},
						{"origin": [-4, 32, -2], "size": [1, 1, 2], "uv": [36, 33]},
						{"origin": [-4, 32, 0], "size": [10, 1, 1], "uv": [36, 33]},
						{"origin": [-4, 29, -3], "size": [10, 1, 1], "uv": [36, 33]},
						{"origin": [5, 29, -2], "size": [1, 1, 2], "uv": [36, 33]},
						{"origin": [-4, 29, -2], "size": [1, 1, 2], "uv": [36, 33]},
						{"origin": [-4, 29, 0], "size": [10, 1, 1], "uv": [36, 33]},
						{"origin": [-4, 26, -3], "size": [10, 1, 1], "uv": [36, 33]},
						{"origin": [5, 26, -2], "size": [1, 1, 2], "uv": [36, 33]},
						{"origin": [-4, 26, -2], "size": [1, 1, 2], "uv": [36, 33]},
						{"origin": [-4, 26, 0], "size": [10, 1, 1], "uv": [36, 33]}
					]
				},
				{
					"name": "head1",
					"parent": "bone",
					"pivot": [10, 43, -2],
					"cubes": [
						{"origin": [6, 43.5, -6], "size": [8, 7, 8], "uv": [64, 0]},
						{"origin": [14, 46.5, -3], "size": [4, 2, 2], "uv": [38, 49]},
						{"origin": [2, 46.5, -3], "size": [4, 2, 2], "uv": [38, 49]},
						{"origin": [16, 48.5, -3], "size": [2, 3, 2], "uv": [38, 49]},
						{"origin": [2, 48.5, -3], "size": [2, 3, 2], "uv": [38, 49]}
					]
				},
				{
					"name": "boca1",
					"parent": "head1",
					"pivot": [10, 46, -1.5],
					"cubes": [
						{"origin": [6, 42.5, -5.5], "size": [8, 6, 8], "inflate": -0.4, "uv": [0, 17]}
					]
				},
				{
					"name": "head2",
					"parent": "bone",
					"pivot": [-7, 43, -2],
					"cubes": [
						{"origin": [-11, 43.5, -6], "size": [8, 7, 8], "uv": [0, 0]},
						{"origin": [-3, 46.5, -3], "size": [4, 2, 2], "uv": [38, 49]},
						{"origin": [-15, 46.5, -3], "size": [4, 2, 2], "uv": [38, 49]},
						{"origin": [-1, 48.5, -3], "size": [2, 3, 2], "uv": [38, 49]},
						{"origin": [-15, 48.5, -3], "size": [2, 3, 2], "uv": [38, 49]}
					]
				},
				{
					"name": "boca2",
					"parent": "head2",
					"pivot": [-7, 43.5, -1.5],
					"cubes": [
						{"origin": [-11, 42.5, -5.5], "size": [8, 6, 8], "inflate": -0.4, "uv": [0, 17]}
					]
				},
				{
					"name": "rightArm",
					"parent": "bone",
					"pivot": [-14, 40, -1],
					"cubes": [
						{"origin": [-16, 28.69459, -2.93923], "size": [4, 12, 4], "pivot": [-30, 36, 4], "rotation": [10, 0, 0], "uv": [49, 35]}
					]
				},
				{
					"name": "arm0_0",
					"parent": "rightArm",
					"pivot": [-14, 28.2, 0.25],
					"cubes": [
						{"origin": [-16, 11.25, -1.75], "size": [4, 17, 4], "uv": [49, 35]}
					]
				},
				{
					"name": "leftArm",
					"parent": "bone",
					"pivot": [16, 40, -1],
					"cubes": [
						{"origin": [14, 28.69459, -2.93923], "size": [4, 12, 4], "pivot": [0, 36, 4], "rotation": [10, 0, 0], "uv": [49, 35]}
					]
				},
				{
					"name": "arm1_0",
					"parent": "leftArm",
					"pivot": [16, 28.2, 0.25],
					"cubes": [
						{"origin": [14, 11.25, -1.75], "size": [4, 17, 4], "uv": [49, 35]}
					]
				}
			]
		}
	]
}