{
	"format_version": "1.12.0",
	"minecraft:geometry": [
		{
			"description": {
				"identifier": "geometry.wanderer",
				"texture_width": 64,
				"texture_height": 32,
				"visible_bounds_width": 2,
				"visible_bounds_height": 2,
				"visible_bounds_offset": [0, 1, 0]
			},
			"bones": [
				{
					"name": "head",
					"pivot": [0, 23, 0],
					"cubes": [
						{"origin": [-4, 23, -4], "size": [8, 8, 8], "uv": [0, 0]}
					]
				},
				{
					"name": "bone",
					"pivot": [0, 7, 0],
					"cubes": [
						{"origin": [-1, 22, -1], "size": [2, 1, 2], "uv": [40, 25]},
						{"origin": [-4, 10, -2], "size": [8, 12, 4], "uv": [32, 16]}
					]
				},
				{
					"name": "leftLeg",
					"pivot": [-2, 10, 0],
					"cubes": [
						{"origin": [-3, 0, -1], "size": [2, 10, 2], "uv": [56, 20]}
					]
				},
				{
					"name": "rightLeg",
					"pivot": [2, 10, 0],
					"cubes": [
						{"origin": [1, 0, -1], "size": [2, 10, 2], "uv": [56, 20]}
					]
				},
				{
					"name": "otroBraz",
					"pivot": [5, 22, 0],
					"cubes": [
						{"origin": [4, 13, -1], "size": [2, 9, 2], "uv": [56, 0]},
						{"origin": [4, 13, -1], "size": [2, 9, 2], "inflate": -0.05, "pivot": [5, 13, 0], "rotation": [55, 0, 0], "uv": [56, 0]},
						{"origin": [5, 21.25, -5], "size": [1, 1, 6], "inflate": -0.25, "pivot": [5, 13, 0], "rotation": [30, 0, 0], "uv": [24, 0]},
						{"origin": [5, 21.25, 0], "size": [1, 1, 6], "inflate": -0.3, "pivot": [5, 13, 0], "rotation": [30, 0, 0], "uv": [24, 0]},
						{"origin": [5, 21.25, 5], "size": [1, 1, 6], "inflate": -0.35, "pivot": [5, 13, 0], "rotation": [30, 0, 0], "uv": [24, 0]},
						{"origin": [2, 16, 6], "size": [6, 6, 6], "inflate": -0.35, "pivot": [5, 13, 0], "rotation": [30, 0, 0], "uv": [0, 20]},
						{"origin": [2, 12, 6], "size": [6, 6, 6], "inflate": -1.25, "pivot": [5, 13, 0], "rotation": [30, 0, 0], "uv": [0, 20]}
					]
				},
				{
					"name": "rightArm",
					"pivot": [5, 22, 0],
					"cubes": [
						{"origin": [4, 4, -1], "size": [2, 18, 2], "uv": [56, 0]}
					]
				}
			]
		}
	]
}