{
	"format_version": "1.8.0",
	"animations": {
		"animation.ant.idle": {
			"loop": true,
			"animation_length": 3,
			"bones": {
				"body": {
					"rotation": {
						"0.0": [0, 0, 0],
						"1.5": [-2.5, 0, 0],
						"3.0": [0, 0, 0]
					}
				},
				"tail": {
					"rotation": {
						"0.0": [0, 0, 0],
						"1.5": [10, 0, 0],
						"3.0": [0, 0, 0]
					}
				}
			}
		},
		"animation.ant.walk": {
			"loop": true,
			"animation_length": 0.5,
			"bones": {
				"leg0": {
					"rotation": {
						"0.0": [0, 0, 0],
						"0.125": [-12.5, 0, -25],
						"0.25": [0, 0, 0],
						"0.375": [-12.5, 0, -25],
						"0.5": [0, 0, 0]
					}
				},
				"leg1": {
					"rotation": {
						"0.0": [-12.5, 0, -25],
						"0.125": [0, 0, 0],
						"0.25": [-12.5, 0, -25],
						"0.375": [0, 0, 0],
						"0.5": [-12.5, 0, -25]
					}
				},
				"leg2": {
					"rotation": {
						"0.0": [0, 0, 0],
						"0.125": [-12.5, 0, -25],
						"0.25": [0, 0, 0],
						"0.375": [-12.5, 0, -25],
						"0.5": [0, 0, 0]
					}
				},
				"leg3": {
					"rotation": {
						"0.0": [-12.5, 0, -25],
						"0.125": [0, 0, 0],
						"0.25": [-12.5, 0, -25],
						"0.375": [0, 0, 0],
						"0.5": [-12.5, 0, -25]
					}
				},
				"leg4": {
					"rotation": {
						"0.0": [0, 0, 0],
						"0.125": [-12.5, 0, -25],
						"0.25": [0, 0, 0],
						"0.375": [-12.5, 0, -25],
						"0.5": [0, 0, 0]
					}
				},
				"leg5": {
					"rotation": {
						"0.0": [-12.5, 0, -25],
						"0.125": [0, 0, 0],
						"0.25": [-12.5, 0, -25],
						"0.375": [0, 0, 0],
						"0.5": [-12.5, 0, -25]
					}
				}
			}
		}
	}
}