{
	"format_version": "1.8.0",
	"animations": {
		"animation.camel.walk": {
			"loop": true,
			"animation_length": 0.5,
			"bones": {
				"body": {
					"position": {
						"0.0": [0, 0, 0],
						"0.125": [0, -0.5, 0],
						"0.25": [0, 0, 0],
						"0.375": [0, -0.5, 0],
						"0.5": [0, 0, 0]
					}
				},
				"leg0": {
					"rotation": {
						"0.0": [0, 0, 0],
						"0.125": [-45, 0, 0],
						"0.25": [0, 0, 0],
						"0.375": [45, 0, 0],
						"0.5": [0, 0, 0]
					}
				},
				"leg1": {
					"rotation": {
						"0.0": [0, 0, 0],
						"0.125": [45, 0, 0],
						"0.25": [0, 0, 0],
						"0.375": [-45, 0, 0],
						"0.5": [0, 0, 0]
					}
				},
				"leg2": {
					"rotation": {
						"0.0": [0, 0, 0],
						"0.125": [45, 0, 0],
						"0.25": [0, 0, 0],
						"0.375": [-45, 0, 0],
						"0.5": [0, 0, 0]
					}
				},
				"leg3": {
					"rotation": {
						"0.0": [0, 0, 0],
						"0.125": [-45, 0, 0],
						"0.25": [0, 0, 0],
						"0.375": [45, 0, 0],
						"0.5": [0, 0, 0]
					}
				}
			}
		},
		"animation.camel.idle": {
			"loop": true,
			"animation_length": 3,
			"bones": {
				"body": {
					"rotation": {
						"0.0": [0, 0, 0],
						"1.5": [-5, 0, 0],
						"3.0": [0, 0, 0]
					}
				},
				"tail": {
					"rotation": {
						"0.0": [0, 0, 0],
						"1.5": [-17.5, 0, 0],
						"3.0": [0, 0, 0]
					}
				},
				"head": {
					"rotation": {
						"0.0": [0, 0, 0],
						"1.5": [2.5, 0, 0],
						"3.0": [0, 0, 0]
					}
				}
			}
		},
		"animation.camel.sit": {
			"loop": true,
			"animation_length": 3,
			"bones": {
				"leg0": {
					"rotation": [75, 0, 0]
				},
				"leg1": {
					"rotation": [75, 0, 0]
				},
				"leg2": {
					"rotation": [-87.5, 15, 0]
				},
				"leg3": {
					"rotation": [-87.5, -15, 0]
				},
				"camel": {
					"position": [0, -12, 0]
				}
			}
		}
	}
}