{
	"format_version": "1.8.0",
	"animations": {
		"animation.caracal.sit": {
			"loop": true,
			"animation_length": 3,
			"bones": {
				"leg0": {
					"rotation": [-85, -17.5, 0],
					"position": [-1, 1, 0]
				},
				"leg1": {
					"rotation": [-87.5, -20, 0],
					"position": [0, 1, 0]
				},
				"leg2": {
					"rotation": [77.5, 15, 0],
					"position": [0, 2, 3]
				},
				"leg3": {
					"rotation": [77.5, 15, 0],
					"position": [1, 2, 3]
				},
				"head": {
					"rotation": [0, -27.5, 0],
					"position": [1, 0, 1]
				},
				"caracal": {
					"position": [0, -10, 0]
				},
				"tail": {
					"rotation": [0, 50, 0]
				}
			}
		},
		"animation.caracal.idle": {
			"loop": true,
			"animation_length": 3,
			"bones": {
				"body": {
					"rotation": {
						"0.0": [0, 0, 0],
						"1.5": [-2, 0, 0],
						"3.0": [0, 0, 0]
					}
				},
				"tail": {
					"rotation": {
						"0.0": [0, 0, 0],
						"1.5": [-12.5, 0, 0],
						"3.0": [0, 0, 0]
					}
				},
				"oreja1": {
					"rotation": {
						"1.9167": [0, 0, 0],
						"2.0": [0, 0, 5],
						"2.0833": [0, 0, 0]
					}
				},
				"oreja0": {
					"rotation": {
						"1.9167": [0, 0, 0],
						"2.0": [0, 0, -5],
						"2.0833": [0, 0, 0]
					}
				}
			}
		},
		"animation.caracal.walk": {
			"loop": true,
			"animation_length": 0.5,
			"bones": {
				"body": {
					"position": {
						"0.0": [0, 0, 0],
						"0.125": [0, -1, -1],
						"0.25": [0, 0, 0],
						"0.375": [0, -1, -1],
						"0.5": [0, 0, 0]
					}
				},
				"leg3": {
					"rotation": {
						"0.0": [0, 0, 0],
						"0.125": [-45, 0, 0],
						"0.25": [0, 0, 0],
						"0.375": [45, 0, 0],
						"0.5": [0, 0, 0]
					}
				},
				"leg2": {
					"rotation": {
						"0.0": [0, 0, 0],
						"0.125": [45, 0, 0],
						"0.25": [0, 0, 0],
						"0.375": [-45, 0, 0],
						"0.5": [0, 0, 0]
					}
				},
				"leg1": {
					"rotation": {
						"0.0": [0, 0, 0],
						"0.125": [45, 0, 0],
						"0.25": [0, 0, 0],
						"0.375": [-45, 0, 0],
						"0.5": [0, 0, 0]
					}
				},
				"leg0": {
					"rotation": {
						"0.0": [0, 0, 0],
						"0.125": [-45, 0, 0],
						"0.25": [0, 0, 0],
						"0.375": [45, 0, 0],
						"0.5": [0, 0, 0]
					}
				}
			}
		}
	}
}