{
	"format_version": "1.8.0",
	"animations": {
		"animation.chimpanzee.idle": {
			"loop": true,
			"animation_length": 3,
			"bones": {
				"body": {
					"rotation": {
						"0.0": [0, 0, 0],
						"1.5": [-2.5, 0, 0],
						"3.0": [0, 0, 0]
					}
				},
				"body0": {
					"rotation": {
						"0.0": [0, 0, 0],
						"1.5": [2.5, 0, 0],
						"3.0": [0, 0, 0]
					},
					"position": {
						"0.0": [0, 0, 0],
						"1.5": [0, -0.25, 0],
						"3.0": [0, 0, 0]
					}
				}
			}
		},
		"animation.chimpanzee.walk": {
			"loop": true,
			"animation_length": 0.5,
			"bones": {
				"arm1": {
					"rotation": {
						"0.0": [0, 0, 0],
						"0.125": [-22.5, 0, 0],
						"0.25": [0, 0, 0],
						"0.375": [22.5, 0, 0],
						"0.5": [0, 0, 0]
					}
				},
				"leg0_2": {
					"rotation": {
						"0.0": [0, 0, 0],
						"0.125": [-22.5, 0, 0],
						"0.25": [0, 0, 0],
						"0.375": [22.5, 0, 0],
						"0.5": [0, 0, 0]
					}
				},
				"arm0": {
					"rotation": {
						"0.0": [0, 0, 0],
						"0.125": [22.5, 0, 0],
						"0.25": [0, 0, 0],
						"0.375": [-22.5, 0, 0],
						"0.5": [0, 0, 0]
					}
				},
				"leg0_1": {
					"rotation": {
						"0.0": [0, 0, 0],
						"0.125": [22.5, 0, 0],
						"0.25": [0, 0, 0],
						"0.375": [-22.5, 0, 0],
						"0.5": [0, 0, 0]
					}
				},
				"leg0": {
					"rotation": {
						"0.0": [0, 0, 0],
						"0.125": [-22.5, 0, 0],
						"0.25": [0, 0, 0],
						"0.375": [22.5, 0, 0],
						"0.5": [0, 0, 0]
					}
				},
				"leg0_0": {
					"rotation": {
						"0.0": [0, 0, 0],
						"0.25": [0, 0, 0],
						"0.375": [22.5, 0, 0],
						"0.5": [0, 0, 0]
					},
					"position": {
						"0.0": [0, 0, 0],
						"0.25": [0, 0, 0],
						"0.375": [0, 0.7, 0],
						"0.5": [0, 0, 0]
					}
				},
				"leg1": {
					"rotation": {
						"0.0": [0, 0, 0],
						"0.125": [22.5, 0, 0],
						"0.25": [0, 0, 0],
						"0.375": [-22.5, 0, 0],
						"0.5": [0, 0, 0]
					}
				},
				"leg1_0": {
					"rotation": {
						"0.0": [0, 0, 0],
						"0.125": [22.5, 0, 0],
						"0.25": [0, 0, 0],
						"0.375": [0, 0, 0],
						"0.5": [0, 0, 0]
					},
					"position": {
						"0.0": [0, 0, 0],
						"0.125": [0, 0.7, 0],
						"0.25": [0, 0, 0],
						"0.375": [0, 0, 0],
						"0.5": [0, 0, 0]
					}
				}
			}
		},
		"animation.chimpanzee.dance": {
			"animation_length": 2,
			"bones": {
				"chimpanzee": {
					"position": {
						"0.0": [0, 0, 0],
						"0.1667": [0, 0, -3],
						"1.6667": [0, 0, -3],
						"2.0": [0, 0, 0]
					}
				},
				"body": {
					"rotation": {
						"0.0": [0, 0, 0],
						"0.1667": [-37.5, 0, 0],
						"0.2917": [-37.5, 0, 5],
						"0.4167": [-37.5, 0, 0],
						"0.5417": [-37.5, 0, -5],
						"0.6667": [-37.5, 0, 0],
						"0.7917": [-37.5, 0, 5],
						"0.9167": [-37.5, 0, 0],
						"1.0417": [-37.5, 0, -5],
						"1.1667": [-37.5, 0, 0],
						"1.2917": [-37.5, 0, 5],
						"1.4167": [-37.5, 0, 0],
						"1.5417": [-37.5, 0, -5],
						"1.6667": [-37.5, 0, 0],
						"2.0": [0, 0, 0]
					},
					"position": {
						"0.0": [0, 0, 0],
						"0.1667": [0, 0, 0],
						"0.2917": [0, 1, 0],
						"0.4167": [0, 0, 0],
						"0.5417": [0, 1, 0],
						"0.6667": [0, 0, 0],
						"0.7917": [0, 1, 0],
						"0.9167": [0, 0, 0],
						"1.0417": [0, 1, 0],
						"1.1667": [0, 0, 0],
						"1.2917": [0, 1, 0],
						"1.4167": [0, 0, 0],
						"1.5417": [0, 1, 0],
						"1.6667": [0, 0, 0],
						"2.0": [0, 0, 0]
					}
				},
				"body0": {
					"rotation": {
						"0.0": [0, 0, 0],
						"0.1667": [-37.5, 0, 0],
						"0.2917": [-37.5, 0, 0],
						"0.4167": [-37.5, 0, 0],
						"0.5417": [-37.5, 0, 0],
						"0.6667": [-37.5, 0, 0],
						"0.7917": [-37.5, 0, 0],
						"0.9167": [-37.5, 0, 0],
						"1.0417": [-37.5, 0, 0],
						"1.1667": [-37.5, 0, 0],
						"1.2917": [-37.5, 0, 0],
						"1.4167": [-37.5, 0, 0],
						"1.5417": [-37.5, 0, 0],
						"1.6667": [-37.5, 0, 0],
						"2.0": [0, 0, 0]
					}
				},
				"head": {
					"rotation": {
						"0.0": [0, 0, 0],
						"0.1667": [70, 0, 0],
						"0.2917": [70, 0, 0],
						"0.4167": [70, 0, 0],
						"0.5417": [70, 0, 0],
						"0.6667": [70, 0, 0],
						"0.7917": [70, 0, 0],
						"0.9167": [70, 0, 0],
						"1.0417": [70, 0, 0],
						"1.1667": [70, 0, 0],
						"1.2917": [70, 0, 0],
						"1.4167": [70, 0, 0],
						"1.5417": [70, 0, 0],
						"1.6667": [70, 0, 0],
						"2.0": [0, 0, 0]
					},
					"position": {
						"0.0": [0, 0, 0],
						"0.1667": [0, 1, -2],
						"0.2917": [0, 1, -2],
						"0.4167": [0, 1, -2],
						"0.5417": [0, 1, -2],
						"0.6667": [0, 1, -2],
						"0.7917": [0, 1, -2],
						"0.9167": [0, 1, -2],
						"1.0417": [0, 1, -2],
						"1.1667": [0, 1, -2],
						"1.2917": [0, 1, -2],
						"1.4167": [0, 1, -2],
						"1.5417": [0, 1, -2],
						"1.6667": [0, 1, -2],
						"2.0": [0, 0, 0]
					}
				},
				"arm1": {
					"rotation": {
						"0.0": [0, 0, 0],
						"0.1667": [-100, 0, 0],
						"0.2917": [-100, 0, 0],
						"0.4167": [-100, 0, 0],
						"0.5417": [-100, 0, 0],
						"0.6667": [-100, 0, 0],
						"0.7917": [-100, 0, 0],
						"0.9167": [-100, 0, 0],
						"1.0417": [-100, 0, 0],
						"1.1667": [-100, 0, 0],
						"1.2917": [-100, 0, 0],
						"1.4167": [-100, 0, 0],
						"1.5417": [-100, 0, 0],
						"1.6667": [-100, 0, 0],
						"2.0": [0, 0, 0]
					}
				},
				"arm0": {
					"rotation": {
						"0.0": [0, 0, 0],
						"0.1667": [-97.5, 0, 0],
						"0.2917": [-97.5, 0, 0],
						"0.4167": [-97.5, 0, 0],
						"0.5417": [-97.5, 0, 0],
						"0.6667": [-97.5, 0, 0],
						"0.7917": [-97.5, 0, 0],
						"0.9167": [-97.5, 0, 0],
						"1.0417": [-97.5, 0, 0],
						"1.1667": [-97.5, 0, 0],
						"1.2917": [-97.5, 0, 0],
						"1.4167": [-97.5, 0, 0],
						"1.5417": [-97.5, 0, 0],
						"1.6667": [-97.5, 0, 0],
						"2.0": [0, 0, 0]
					}
				},
				"leg0": {
					"rotation": {
						"0.0": [0, 0, 0],
						"0.0833": [-22.5, 0, 0],
						"0.1667": [0, 0, 0],
						"0.2917": [0, 0, 0],
						"0.4167": [0, 0, 0],
						"0.5417": [0, 0, 7.5],
						"0.6667": [0, 0, 0],
						"0.7917": [0, 0, 0],
						"0.9167": [0, 0, 0],
						"1.0417": [0, 0, 7.5],
						"1.1667": [0, 0, 0],
						"1.2917": [0, 0, 0],
						"1.4167": [0, 0, 0],
						"1.5417": [0, 0, 7.5],
						"1.6667": [0, 0, 0],
						"2.0": [0, 0, 0]
					},
					"position": {
						"0.0": [0, 0, 0],
						"0.1667": [0, 0, 0],
						"0.2917": [0, 0, 0],
						"0.4167": [0, 0, 0],
						"0.5417": [0, 1, 0],
						"0.6667": [0, 0, 0],
						"0.7917": [0, 0, 0],
						"0.9167": [0, 0, 0],
						"1.0417": [0, 1, 0],
						"1.1667": [0, 0, 0],
						"1.2917": [0, 0, 0],
						"1.4167": [0, 0, 0],
						"1.5417": [0, 1, 0],
						"1.6667": [0, 0, 0],
						"2.0": [0, 0, 0]
					}
				},
				"leg1": {
					"rotation": {
						"0.0": [0, 0, 0],
						"0.0833": [-22.5, 0, 0],
						"0.1667": [0, 0, 0],
						"0.2917": [0, 0, 7.5],
						"0.4167": [0, 0, 0],
						"0.5417": [0, 0, 0],
						"0.6667": [0, 0, 0],
						"0.7917": [0, 0, 7.5],
						"0.9167": [0, 0, 0],
						"1.0417": [0, 0, 0],
						"1.1667": [0, 0, 0],
						"1.2917": [0, 0, 7.5],
						"1.4167": [0, 0, 0],
						"1.5417": [0, 0, 0],
						"1.6667": [0, 0, 0]
					},
					"position": {
						"0.0": [0, 0, 0],
						"0.1667": [0, 0, 0],
						"0.2917": [0, 1, 0],
						"0.4167": [0, 0, 0],
						"0.5417": [0, 0, 0],
						"0.6667": [0, 0, 0],
						"0.7917": [0, 1, 0],
						"0.9167": [0, 0, 0],
						"1.0417": [0, 0, 0],
						"1.1667": [0, 0, 0],
						"1.2917": [0, 1, 0],
						"1.4167": [0, 0, 0],
						"1.5417": [0, 0, 0],
						"1.6667": [0, 0, 0]
					}
				}
			}
		},
		"animation.chimpanzee.sit": {
			"loop": true,
			"animation_length": 1,
			"bones": {
				"chimpanzee": {
					"rotation": {
						"0.0": [-55, 0, 0],
						"1.0": [-55, 0, 0]
					},
					"position": {
						"0.0": [0, 1, -6],
						"1.0": [0, 1, -6]
					}
				},
				"head": {
					"rotation": {
						"0.0": [65, 0, 0],
						"1.0": [65, 0, 0]
					},
					"position": {
						"0.0": [0, 1.3, 0],
						"1.0": [0, 1.3, 0]
					}
				},
				"arm1": {
					"rotation": {
						"0.0": [57.5, 15, 0],
						"1.0": [57.5, 15, 0]
					}
				},
				"leg0_2": {
					"rotation": {
						"0.0": [-25, 0, 0],
						"1.0": [-25, 0, 0]
					}
				},
				"arm0": {
					"rotation": {
						"0.0": [57.5, -15, 0],
						"1.0": [57.5, -15, 0]
					}
				},
				"leg0_1": {
					"rotation": {
						"0.0": [-25, 0, 0],
						"1.0": [-25, 0, 0]
					}
				},
				"leg0": {
					"rotation": {
						"0.0": [-25, 0, 0],
						"1.0": [-25, 0, 0]
					}
				},
				"leg0_0": {
					"rotation": {
						"0.0": [40, 0, 0],
						"1.0": [40, 0, 0]
					},
					"position": {
						"0.0": [0, 1.2, -0.3],
						"1.0": [0, 1.2, -0.3]
					}
				},
				"leg1": {
					"rotation": {
						"0.0": [-25, 0, 0],
						"1.0": [-25, 0, 0]
					}
				},
				"le1_0": {
					"rotation": {
						"0.0": [40, 0, 0],
						"1.0": [40, 0, 0]
					},
					"position": {
						"0.0": [0, 1.2, -0.3],
						"1.0": [0, 1.2, -0.3]
					}
				}
			}
		}
	}
}