{
	"format_version": "1.8.0",
	"animations": {
		"animation.crab_v2.idle": {
			"loop": true,
			"animation_length": 3,
			"bones": {
				"body": {
					"rotation": {
						"0.0": [0, 0, 0],
						"1.5": [-5, 0, 0],
						"2.9583": [0, 0, 0]
					}
				}
			}
		},
		"animation.crab_v2.walk": {
			"loop": true,
			"animation_length": 0.25,
			"bones": {
				"leg0": {
					"rotation": {
						"0.0": [0, 0, -45],
						"0.125": [0, 0, 0],
						"0.25": [0, 0, -45]
					}
				},
				"leg1": {
					"rotation": {
						"0.0": [0, 0, 0],
						"0.125": [0, 0, -45],
						"0.25": [0, 0, 0]
					}
				},
				"leg2": {
					"rotation": {
						"0.0": [0, 0, -45],
						"0.125": [0, 0, 0],
						"0.25": [0, 0, -45]
					}
				},
				"leg3": {
					"rotation": {
						"0.0": [0, 0, 0],
						"0.125": [0, 0, -45],
						"0.25": [0, 0, 0]
					}
				},
				"leg4": {
					"rotation": {
						"0.0": [0, 0, 0],
						"0.125": [0, 0, -45],
						"0.25": [0, 0, 0]
					}
				},
				"leg5": {
					"rotation": {
						"0.0": [0, 0, -45],
						"0.125": [0, 0, 0],
						"0.25": [0, 0, -45]
					}
				},
				"leg6": {
					"rotation": {
						"0.0": [0, 0, 0],
						"0.125": [0, 0, -45],
						"0.25": [0, 0, 0]
					}
				},
				"leg7": {
					"rotation": {
						"0.0": [0, 0, -45],
						"0.125": [0, 0, 0],
						"0.25": [0, 0, -45]
					}
				}
			}
		},
		"animation.crab_v2.attack": {
			"animation_length": 0.41667,
			"bones": {
				"arm0": {
					"rotation": {
						"0.0": [0, 0, 0],
						"0.125": [0, 27.5, 0],
						"0.25": [0, -30, 0],
						"0.4167": [0, 0, 0]
					}
				},
				"arm1": {
					"rotation": {
						"0.0": [0, 0, 0],
						"0.125": [0, -27.5, 0],
						"0.25": [0, 30, 0],
						"0.4167": [0, 0, 0]
					}
				},
				"body": {
					"rotation": {
						"0.0": [0.5, 0, 0],
						"0.125": [-12.5, 0, 0],
						"0.25": [-12.5, 0, 0],
						"0.4167": [0.5, 0, 0]
					}
				},
				"p1_1": {
					"rotation": {
						"0.0": [0, 0, 0],
						"0.125": [25, 0, 0],
						"0.25": [0, 0, 0],
						"0.4167": [0, 0, 0]
					}
				},
				"p0_0": {
					"rotation": {
						"0.0": [0, 0, 0],
						"0.125": [-32.5, 0, 0],
						"0.25": [0, 0, 0],
						"0.4167": [0, 0, 0]
					}
				},
				"p0_1": {
					"rotation": {
						"0.0": [0, 0, 0],
						"0.125": [25, 0, 0],
						"0.25": [0, 0, 0],
						"0.4167": [0, 0, 0]
					}
				},
				"p1_0": {
					"rotation": {
						"0.0": [0, 0, 0],
						"0.125": [-17.5, 0, 0],
						"0.25": [0, 0, 0],
						"0.4167": [0, 0, 0]
					}
				}
			}
		}
	}
}