{
	"format_version": "1.8.0",
	"animations": {
		"animation.crab.walk": {
			"loop": true,
			"animation_length": 1.28,
			"bones": {
				"leg0": {
					"rotation": {
						"0.0": [0, 0, 0],
						"0.3167": [0, 0, -25],
						"0.6333": [0, 0, 0],
						"1.2833": [0, 0, 0]
					}
				},
				"leg1": {
					"rotation": {
						"0.0": [0, 0, 0],
						"0.6333": [0, 0, 0],
						"0.9667": [0, 0, -25],
						"1.2833": [0, 0, 0]
					}
				},
				"leg2": {
					"rotation": {
						"0.0": [0, 0, 0],
						"0.3167": [0, 0, -25],
						"0.6333": [0, 0, 0],
						"1.2833": [0, 0, 0]
					}
				},
				"leg3": {
					"rotation": {
						"0.0": [0, 0, 0],
						"0.6333": [0, 0, 0],
						"0.9667": [0, 0, -25],
						"1.2833": [0, 0, 0]
					}
				},
				"leg4": {
					"rotation": {
						"0.0": [0, 0, 0],
						"0.6333": [0, 0, 0],
						"0.9667": [0, 0, 25],
						"1.2833": [0, 0, 0]
					}
				},
				"leg5": {
					"rotation": {
						"0.0": [0, 0, 0],
						"0.3167": [0, 0, 25],
						"0.6333": [0, 0, 0],
						"1.2833": [0, 0, 0]
					}
				},
				"leg6": {
					"rotation": {
						"0.0": [0, 0, 0],
						"0.6333": [0, 0, 0],
						"0.9667": [0, 0, 25],
						"1.2833": [0, 0, 0]
					}
				},
				"leg7": {
					"rotation": {
						"0.0": [0, 0, 0],
						"0.3167": [0, 0, 25],
						"0.6333": [0, 0, 0],
						"1.2833": [0, 0, 0]
					}
				}
			}
		}
	}
}