{
	"format_version": "1.8.0",
	"animations": {
		"animation.crocodile.idle": {
			"loop": true,
			"animation_length": 4.1667,
			"bones": {
				"head": {
					"rotation": {
						"0.0": [0, 0, 0],
						"2.0833": [5, 0, 0],
						"4.1667": [0, 0, 0]
					}
				},
				"boca1": {
					"rotation": {
						"0.0": [0, 0, 0],
						"2.0833": [5, 0, 0],
						"4.1667": [0, 0, 0]
					},
					"position": {
						"0.0": [0, 0, 0],
						"2.0833": [0, 1, 0],
						"4.1667": [0, 0, 0]
					}
				},
				"boca2": {
					"rotation": {
						"0.0": [0, 0, 0],
						"2.0833": [5, 0, 0],
						"4.1667": [0, 0, 0]
					},
					"position": {
						"0.0": [0, 0, 0],
						"2.0833": [0, 0, 0]
					}
				}
			}
		},
		"animation.crocodile.walk": {
			"loop": true,
			"animation_length": 0.5,
			"bones": {
				"boca1": {
					"rotation": {
						"0.0": [0, 0, 0],
						"0.2667": [-5, 0, 0],
						"0.5": [0, 0, 0]
					}
				},
				"boca2": {
					"rotation": {
						"0.0": [0, 0, 0],
						"0.2667": [5, 0, 0],
						"0.5": [0, 0, 0]
					}
				},
				"tale1": {
					"rotation": {
						"0.0": [0, 0, 0],
						"0.1333": [0, 10, 0],
						"0.2667": [0, 0, 0],
						"0.3833": [0, -10, 0],
						"0.5": [0, 0, 0]
					}
				},
				"tale2": {
					"rotation": {
						"0.0": [0, 0, 0],
						"0.1333": [0, 15, 0],
						"0.2667": [0, 0, 0],
						"0.3833": [0, -15, 0],
						"0.5": [0, 0, 0]
					}
				},
				"tale3": {
					"rotation": {
						"0.0": [0, 0, 0],
						"0.1333": [0, 17, 0],
						"0.2667": [0, 0, 0],
						"0.3833": [0, -17, 0],
						"0.5": [0, 0, 0]
					}
				},
				"tale4": {
					"rotation": {
						"0.0": [0, 0, 0],
						"0.1333": [0, 18, 0],
						"0.2667": [0, 0, 0],
						"0.3833": [0, -18, 0],
						"0.5": [0, 0, 0]
					}
				},
				"tale5": {
					"rotation": {
						"0.0": [0, 0, 0],
						"0.1333": [0, 20, 0],
						"0.2667": [0, 0, 0],
						"0.3833": [0, -20, 0],
						"0.5": [0, 0, 0]
					}
				},
				"leg0": {
					"rotation": {
						"0.0": [0, 0, 0],
						"0.1333": [-35, 0, 0],
						"0.2667": [0, 0, 0],
						"0.3833": [35, 0, 0],
						"0.5": [0, 0, 0]
					},
					"position": [0, 0, 0],
					"scale": 1
				},
				"leg2": {
					"rotation": {
						"0.0": [0, 0, 0],
						"0.1333": [35, 0, 0],
						"0.2667": [0, 0, 0],
						"0.3833": [-35, 0, 0],
						"0.5": [0, 0, 0]
					},
					"position": [0, 0, 0],
					"scale": 1
				},
				"leg3": {
					"rotation": {
						"0.0": [0, 0, 0],
						"0.1333": [-35, 0, 0],
						"0.2667": [0, 0, 0],
						"0.3833": [35, 0, 0],
						"0.5": [0, 0, 0]
					},
					"position": [0, 0, 0],
					"scale": 1
				},
				"leg4": {
					"rotation": {
						"0.0": [0, 0, 0],
						"0.1333": [35, 0, 0],
						"0.2667": [0, 0, 0],
						"0.3833": [-35, 0, 0],
						"0.5": [0, 0, 0]
					},
					"position": {
						"0.0": [0, 0, 0],
						"0.1333": [0, 0, 0],
						"0.2667": [0, 0, 0],
						"0.3833": [0, 0, 0],
						"0.5": [0, 0, 0]
					},
					"scale": 1
				}
			}
		},
		"animation.crocodile.attack": {
			"loop": true,
			"animation_length": 0.32,
			"bones": {
				"boca1": {
					"rotation": {
						"0.0": [0, 0, 0],
						"0.1667": [-15, 0, 0],
						"0.3167": [0, 0, 0]
					}
				},
				"boca2": {
					"rotation": {
						"0.0": [0, 0, 0],
						"0.1667": [15, 0, 0],
						"0.3167": [0, 0, 0]
					}
				},
				"head": {
					"rotation": {
						"0.0": [0, 0, 0],
						"0.0833": [-17.5, -17.5, 0],
						"0.2167": [-17.5, 27.5, 0],
						"0.3167": [0, 0, 0]
					}
				}
			}
		}
	}
}