{
	"format_version": "1.8.0",
	"animations": {
		"animation.elephant.attack": {
			"animation_length": 0.5417,
			"bones": {
				"bone5": {
					"rotation": {
						"0.0": [0, 0, 0],
						"0.125": [25, -7.5, 0],
						"0.25": [-9.75, -5.25, 0],
						"0.5417": [0, 0, 0]
					},
					"position": {
						"0.0": [0, 0, 0],
						"0.125": [0, -0.9, 0],
						"0.5417": [0, 0, 0]
					}
				},
				"head": {
					"rotation": {
						"0.0": [0, 0, 0],
						"0.125": [30, -22.5, 0],
						"0.25": [7.5, -10, -12.5],
						"0.4167": [-15, 5, -22.5],
						"0.5417": [0, 0, 0]
					},
					"position": {
						"0.0": [0, 0, 0],
						"0.125": [1, 0, -1.5],
						"0.4167": [0, 0, 0],
						"0.5417": [0, 0, 0]
					}
				},
				"head_trompa": {
					"rotation": {
						"0.0": [0, 0, 0],
						"0.125": [-10, 0, 0],
						"0.25": [-77.5, 0, 0],
						"0.5417": [0, 0, 0]
					},
					"position": {
						"0.0": [0, 0, 0],
						"0.25": [0, -6.3, -3.5],
						"0.4167": [0, -1.7, -1.5],
						"0.5417": [0, 0, 0]
					}
				},
				"trompa1": {
					"rotation": {
						"0.0": [0, 0, 0],
						"0.5417": [0, 0, 0]
					},
					"position": {
						"0.0": [0, 0, 0],
						"0.5417": [0, 0, 0]
					}
				}
			}
		},
		"animation.elephant.walk": {
			"loop": true,
			"animation_length": 0.48,
			"bones": {
				"bone5": {
					"rotation": {
						"0.0": [0, 0, 0],
						"0.12": [-7.5, 0, 0],
						"0.24": [0, 0, 0],
						"0.36": [-7.5, 0, 0],
						"0.48": [0, 0, 0]
					}
				},
				"leg2": {
					"rotation": {
						"0.0": [0, 0, 0],
						"0.12": [45, 0, 0],
						"0.24": [0, 0, 0],
						"0.36": [-45, 0, 0],
						"0.48": [0, 0, 0]
					}
				},
				"leg3_1": {
					"rotation": {
						"0.0": [0, 0, 0],
						"0.12": [27.5, 0, 0],
						"0.24": [0, 0, 0],
						"0.36": [12.5, 0, 0],
						"0.48": [0, 0, 0]
					}
				},
				"leg3": {
					"rotation": {
						"0.0": [0, 0, 0],
						"0.12": [-45, 0, 0],
						"0.24": [0, 0, 0],
						"0.36": [45, 0, 0],
						"0.48": [0, 0, 0]
					}
				},
				"leg2_1": {
					"rotation": {
						"0.0": [0, 0, 0],
						"0.12": [12.5, 0, 0],
						"0.24": [0, 0, 0],
						"0.36": [25, 0, 0],
						"0.48": [0, 0, 0]
					}
				},
				"leg0": {
					"rotation": {
						"0.0": [0, 0, 0],
						"0.12": [-45, 0, 0],
						"0.24": [0, 0, 0],
						"0.36": [45, 0, 0],
						"0.48": [0, 0, 0]
					}
				},
				"leg0_1": {
					"rotation": {
						"0.0": [0, 0, 0],
						"0.12": [12.5, 0, 0],
						"0.24": [0, 0, 0],
						"0.36": [25, 0, 0],
						"0.48": [0, 0, 0]
					}
				},
				"leg1": {
					"rotation": {
						"0.0": [0, 0, 0],
						"0.12": [45, 0, 0],
						"0.24": [0, 0, 0],
						"0.36": [-45, 0, 0],
						"0.48": [0, 0, 0]
					}
				},
				"leg1_1": {
					"rotation": {
						"0.0": [0, 0, 0],
						"0.12": [25, 0, 0],
						"0.24": [0, 0, 0],
						"0.36": [12.5, 0, 0],
						"0.48": [0, 0, 0]
					}
				}
			}
		},
		"animation.elephant.celebrate": {
			"animation_length": 1.5,
			"bones": {
				"head_trompa0": {
					"rotation": {
						"0.0": [0, 0, 0],
						"0.2333": [-20, 0, 0],
						"1.0": [-20, 0, 0],
						"1.4333": [0, 0, 0]
					}
				},
				"trompa1": {
					"rotation": {
						"0.0": [0, 0, 0],
						"0.2333": [-50, 0, 0],
						"1.0": [-72.5, 0, 0],
						"1.5": [0, 0, 0]
					},
					"position": {
						"0.0": [0, 0, 0],
						"0.2333": [0, 0, -1],
						"1.0": [0, 0, -1],
						"1.5": [0, 0, 0]
					}
				},
				"trompa2": {
					"rotation": {
						"0.0": [0, 0, 0],
						"0.2333": [-57.5, 0, 0],
						"1.0": [-57.5, 0, 0],
						"1.5": [0, 0, 0]
					},
					"position": {
						"0.0": [0, 0, 0],
						"0.2333": [0, 2, 1],
						"1.0": [0, 2, 1],
						"1.5": [0, 0, 0]
					}
				},
				"trompa3": {
					"rotation": {
						"0.0": [0, 0, 0],
						"0.2333": [-72.5, 0, 0],
						"1.0": [-72.5, 0, 0],
						"1.5": [0, 0, 0]
					},
					"position": {
						"0.0": [0, 0, 0],
						"0.2333": [0, 3.2, 0.8],
						"1.0": [0, 3.2, 0.8],
						"1.5": [0, 0, 0]
					}
				},
				"trompa5": {
					"rotation": {
						"0.0": [0, 0, 0],
						"0.2333": [-94.5, 0, 0],
						"1.0": [-37, 0, 0],
						"1.5": [0, 0, 0]
					},
					"position": {
						"0.0": [0, 0, 0],
						"0.2333": [0, -0.4, 0.2],
						"1.0": [0, -0.8, -1.9],
						"1.5": [0, 0, 0]
					}
				},
				"trompa4": {
					"rotation": {
						"0.0": [0, 0, 0],
						"0.2333": [-82.5, 0, 0],
						"1.0": [-82.5, 0, 0],
						"1.5": [0, 0, 0]
					},
					"position": {
						"0.0": [0, 0, 0],
						"0.2333": [0, 2, 0.2],
						"1.0": [0, 2, 0.2],
						"1.5": [0, 0, 0]
					}
				},
				"head": {
					"rotation": {
						"0.0": [0, 0, 0],
						"0.2333": [-65, 0, 0],
						"1.0": [-65, 0, 0],
						"1.5": [0, 0, 0]
					},
					"position": {
						"0.0": [0, 0, 0],
						"0.2333": [0, 0, 0],
						"1.0": [0, 0, 0],
						"1.5": [0, 0, 0]
					}
				}
			}
		},
		"animation.elephant.idle": {
			"loop": true,
			"animation_length": 3,
			"bones": {
				"bone5": {
					"rotation": {
						"0.0": [0, 0, 0],
						"1.5": [-7.5, 0, 0],
						"3.0": [0, 0, 0]
					}
				},
				"trompa1": {
					"rotation": {
						"0.0": [0, 0, 0],
						"1.5": [7.5, 0, 0],
						"3.0": [0, 0, 0]
					}
				}
			}
		}
	}
}