{
	"format_version": "1.8.0",
	"animations": {
		"animation.gorilla.sit": {
			"loop": true,
			"animation_length": 3,
			"bones": {
				"head": {
					"rotation": [62.5, 0, 0]
				},
				"cube": {
					"rotation": {
						"0.0": [-55, 0, 0],
						"1.5": [-65, 0, 0],
						"3.0": [-55, 0, 0]
					},
					"position": {
						"0.0": [0, 0, -6],
						"3.0": [0, 0, -6]
					}
				},
				"leg0": {
					"rotation": [47.5, 0, 0]
				},
				"leg1": {
					"rotation": [55, 0, 0]
				},
				"leg2": {
					"rotation": [-90, 0, 0],
					"position": [0, -5, 0]
				},
				"leg3": {
					"rotation": [-90, 0, 0],
					"position": [0, -5, 0]
				},
				"gorilla": {
					"position": [0, -7, 0]
				}
			}
		}
	}
}