{
	"format_version": "1.8.0",
	"animations": {
		"animation.iguana.walk": {
			"loop": true,
			"animation_length": 0.48,
			"bones": {
				"tail": {
					"rotation": {
						"0.0": [0, 0, 0],
						"0.12": [0, -27.5, 0],
						"0.24": [0, 0, 0],
						"0.36": [0, 27.5, 0],
						"0.48": [0, 0, 0]
					},
					"position": {
						"0.0": [0, 0, 0],
						"0.12": [0, 0, 0],
						"0.24": [0, 0, 0],
						"0.36": [0, 0, 0],
						"0.48": [0, 0, 0]
					}
				},
				"tail2": {
					"rotation": {
						"0.0": [0, 0, 0],
						"0.12": [0, -32.5, 0],
						"0.24": [0, 0, 0],
						"0.36": [0, 32.5, 0],
						"0.48": [0, 0, 0]
					},
					"position": {
						"0.0": [0, 0, 0],
						"0.24": [0, 0, 0],
						"0.48": [0, 0, 0]
					}
				},
				"tail3": {
					"rotation": {
						"0.0": [0, 0, 0],
						"0.12": [0, -27.5, 0],
						"0.24": [0, 0, 0],
						"0.36": [0, 27.5, 0],
						"0.48": [0, 0, 0]
					},
					"position": {
						"0.0": [0, 0, 0],
						"0.24": [0, 0, 0],
						"0.48": [0, 0, 0]
					}
				},
				"leg0": {
					"rotation": {
						"0.0": [0, 0, 0],
						"0.12": [-45, 0, -27.5],
						"0.24": [0, 0, 0],
						"0.36": [45, 0, -15],
						"0.48": [0, 0, 0]
					},
					"position": {
						"0.0": [0, 0, 0],
						"0.12": [0, 0, 0],
						"0.24": [0, 0, 0],
						"0.36": [0, 0, 0],
						"0.48": [0, 0, 0]
					}
				},
				"leg1": {
					"rotation": {
						"0.0": [0, 0, 0],
						"0.12": [45, 0, -15],
						"0.24": [0, 0, 0],
						"0.36": [-45, 0, 27.5],
						"0.48": [0, 0, 0]
					},
					"position": {
						"0.0": [0, 0, 0],
						"0.12": [0, 0, 0],
						"0.24": [0, 0, 0],
						"0.36": [0, 0, 0],
						"0.48": [0, 0, 0]
					}
				},
				"leg3": {
					"rotation": {
						"0.0": [0, 0, 0],
						"0.12": [45, 0, -15],
						"0.24": [0, 0, 0],
						"0.36": [-45, 0, -27.5],
						"0.48": [0, 0, 0]
					},
					"position": {
						"0.0": [0, 0, 0],
						"0.12": [0, 0, 0],
						"0.24": [0, 0, 0],
						"0.36": [0, 0, 0],
						"0.48": [0, 0, 0]
					}
				},
				"leg2": {
					"rotation": {
						"0.0": [0, 0, 0],
						"0.12": [-45, 0, 27.5],
						"0.24": [0, 0, 0],
						"0.36": [45, 0, -15],
						"0.48": [0, 0, 0]
					},
					"position": {
						"0.0": [0, 0, 0],
						"0.12": [0, 0, 0],
						"0.24": [0, 0, 0],
						"0.36": [0, 0, 0],
						"0.48": [0, 0, 0]
					}
				}
			}
		},
		"animation.iguana.new": {
			"loop": true,
			"bones": {
				"tail": {
					"rotation": [0, 17.5, 0]
				},
				"tail2": {
					"rotation": [0, 45, 0]
				},
				"tail3": {
					"rotation": [0, 52.5, 0]
				},
				"head": {
					"position": [0, -1, 0]
				},
				"leg0": {
					"rotation": [90, 0, 0]
				},
				"leg1": {
					"rotation": [90, 0, 0]
				},
				"leg3": {
					"rotation": [90, 0, 0]
				},
				"leg2": {
					"rotation": [90, 0, 0]
				},
				"model": {
					"position": [0, -2, 0]
				}
			}
		},
		"animation.iguana.sit": {
			"loop": true,
			"bones": {
				"tail": {
					"rotation": [0, 17.5, 0]
				},
				"tail2": {
					"rotation": [0, 45, 0]
				},
				"tail3": {
					"rotation": [0, 52.5, 0]
				},
				"head": {
					"position": [0, -1, 0]
				},
				"leg0": {
					"rotation": [90, 0, 0]
				},
				"leg1": {
					"rotation": [90, 0, 0]
				},
				"leg3": {
					"rotation": [90, 0, 0]
				},
				"leg2": {
					"rotation": [90, 0, 0]
				},
				"model": {
					"position": [0, -2, 0]
				}
			}
		}
	}
}