{
	"format_version": "1.8.0",
	"animations": {
		"animation.komodo_dragon.new": {
			"loop": true
		},
		"animation.komodo_dragon.walk": {
			"loop": true,
			"animation_length": 2.48,
			"bones": {
				"tale": {
					"rotation": {
						"0.0": [0, 0, 0],
						"0.2833": [-2.5, 25, 0],
						"0.5667": [0, 0, 0],
						"0.9167": [-2.5, -25, 0],
						"1.2333": [0, 0, 0],
						"1.5167": [-2.5, 25, 0],
						"1.8": [0, 0, 0],
						"2.1667": [-2.5, -25, 0],
						"2.4833": [0, 0, 0]
					},
					"position": {
						"0.0": [0, 0, 0],
						"0.2833": [0, 0, 0],
						"0.5667": [0, 0, 0],
						"0.9167": [0, 0, 0],
						"1.2333": [0, 0, 0],
						"1.5167": [0, 0, 0],
						"1.8": [0, 0, 0],
						"2.1667": [0, 0, 0],
						"2.4833": [0, 0, 0]
					}
				},
				"tale2": {
					"rotation": {
						"0.0": [0, 0, 0],
						"0.2833": [-2.75, 26, 0],
						"0.5667": [0, 0, 0],
						"0.9167": [0, -25, 0],
						"1.2333": [0, 0, 0],
						"1.5167": [-2.75, 26, 0],
						"1.8": [0, 0, 0],
						"2.1667": [0, -25, 0],
						"2.4833": [0, 0, 0]
					},
					"position": {
						"0.0": [0, 0, 0],
						"0.2833": [0, 0, 0],
						"0.5667": [0, 0, 0],
						"0.9167": [0, 0, 0],
						"1.2333": [0, 0, 0],
						"1.5167": [0, 0, 0],
						"1.8": [0, 0, 0],
						"2.1667": [0, 0, 0],
						"2.4833": [0, 0, 0]
					}
				},
				"tale3": {
					"rotation": {
						"0.0": [0, 0, 0],
						"0.2833": [-3, 27, 0],
						"0.5667": [0, 0, 0],
						"0.9167": [0, -25, 0],
						"1.2333": [0, 0, 0],
						"1.5167": [-3, 27, 0],
						"1.8": [0, 0, 0],
						"2.1667": [0, -25, 0],
						"2.4833": [0, 0, 0]
					},
					"position": {
						"0.0": [0, 0, 0],
						"0.2833": [0, 0, 0],
						"0.5667": [0, 0, 0],
						"0.9167": [0, 0, 0],
						"1.2333": [0, 0, 0],
						"1.5167": [0, 0, 0],
						"1.8": [0, 0, 0],
						"2.1667": [0, 0, 0],
						"2.4833": [0, 0, 0]
					}
				},
				"tale4": {
					"rotation": {
						"0.0": [0, 0, 0],
						"0.2833": [-3.5, 28, 0],
						"0.5667": [0, 0, 0],
						"0.9167": [0, -25, 0],
						"1.2333": [0, 0, 0],
						"1.5167": [-3.5, 28, 0],
						"1.8": [0, 0, 0],
						"2.1667": [0, -25, 0],
						"2.4833": [0, 0, 0]
					},
					"position": {
						"0.0": [0, 0, 0],
						"0.2833": [0, 0, 0],
						"0.5667": [0, 0, 0],
						"0.9167": [0, 0, 0],
						"1.2333": [0, 0, 0],
						"1.5167": [0, 0, 0],
						"1.8": [0, 0, 0],
						"2.1667": [0, 0, 0],
						"2.4833": [0, 0, 0]
					}
				},
				"leg0": {
					"rotation": {
						"0.0": [0, 0, 0],
						"0.2833": [-30, 0, 0],
						"0.5667": [0, 0, 0],
						"0.9167": [25, 0, 0],
						"1.2333": [0, 0, 0],
						"1.5167": [-30, 0, 0],
						"1.8": [0, 0, 0],
						"2.1667": [25, 0, 0],
						"2.4833": [0, 0, 0]
					}
				},
				"leg2": {
					"rotation": {
						"0.0": [0, 0, 0],
						"0.2833": [25, 0, 0],
						"0.5667": [0, 0, 0],
						"0.9167": [-25, 0, 0],
						"1.2333": [0, 0, 0],
						"1.5167": [25, 0, 0],
						"1.8": [0, 0, 0],
						"2.1667": [-25, 0, 0],
						"2.4833": [0, 0, 0]
					}
				},
				"leg1": {
					"rotation": {
						"0.0": [0, 0, 0],
						"0.2833": [25, 0, 0],
						"0.5667": [0, 0, 0],
						"0.9167": [-25, 0, 0],
						"1.2333": [0, 0, 0],
						"1.5167": [25, 0, 0],
						"1.8": [0, 0, 0],
						"2.1667": [-25, 0, 0],
						"2.4833": [0, 0, 0]
					},
					"position": {
						"0.0": [0, 0, 0],
						"0.5667": [0, 0, 0],
						"1.2333": [0, 0, 0],
						"1.8": [0, 0, 0],
						"2.4833": [0, 0, 0]
					}
				},
				"leg3": {
					"rotation": {
						"0.0": [0, 0, 0],
						"0.2833": [-25, 0, 0],
						"0.5667": [0, 0, 0],
						"0.9167": [25, 0, 0],
						"1.2333": [0, 0, 0],
						"1.5167": [-25, 0, 0],
						"1.8": [0, 0, 0],
						"2.1667": [25, 0, 0],
						"2.4833": [0, 0, 0]
					}
				}
			}
		}
	}
}