{
	"format_version": "1.8.0",
	"animations": {
		"animation.lantern_fish.walk": {
			"loop": true,
			"animation_length": 0.96,
			"bones": {
				"bone2": {
					"rotation": {
						"0.0": [0, 0, 0],
						"0.24": [0, 25, 0],
						"0.48": [0, 0, 0],
						"0.72": [0, -25, 0],
						"0.96": [0, 0, 0]
					}
				},
				"bone3": {
					"rotation": {
						"0.0": [0, 0, 0],
						"0.24": [0, 25, 0],
						"0.48": [0, 0, 0],
						"0.72": [0, -25, 0],
						"0.96": [0, 0, 0]
					}
				},
				"bone4": {
					"rotation": {
						"0.0": [0, 0, 0],
						"0.24": [0, -27.5, 0],
						"0.48": [0, 0, 0],
						"0.72": [0, -27.5, 0],
						"0.96": [0, 0, 0]
					}
				},
				"bone5": {
					"rotation": {
						"0.0": [0, 0, 0],
						"0.24": [0, -27.5, 0],
						"0.48": [0, 0, 0],
						"0.72": [0, -27.5, 0],
						"0.96": [0, 0, 0]
					}
				},
				"boca": {
					"rotation": {
						"0.0": [0, 0, 0],
						"0.24": [15, 0, 0],
						"0.48": [0, 0, 0],
						"0.72": [15, 0, 0],
						"0.96": [0, 0, 0]
					}
				}
			}
		}
	}
}