{
	"format_version": "1.8.0",
	"animations": {
		"animation.ornitorrinco.walk": {
			"loop": true,
			"animation_length": 0.8,
			"bones": {
				"tale": {
					"rotation": {
						"0.0": [0, 0, 0],
						"0.2": [35, 0, 0],
						"0.4": [0, 0, 0],
						"0.6": [35, 0, 0],
						"0.8": [0, 0, 0]
					},
					"position": {
						"0.0": [0, 0, 0],
						"0.8": [0, 0, 0]
					},
					"scale": {
						"0.0": [1, 1, 1],
						"0.8": [1, 1, 1]
					}
				},
				"leg0": {
					"rotation": {
						"0.0": [0, 0, 0],
						"0.2": [0, -40, 0],
						"0.4": [0, 0, 0],
						"0.6": [0, 45, 0],
						"0.8": [0, 0, 0]
					},
					"position": {
						"0.0": [0, 0, 0],
						"0.2": [0, 0, 0],
						"0.4": [0, 0, 0],
						"0.6": [0, 0, 0],
						"0.8": [0, 0, 0]
					},
					"scale": {
						"0.0": [1, 1, 1],
						"0.2": [1, 1, 1],
						"0.4": [1, 1, 1],
						"0.6": [1, 1, 1],
						"0.8": [1, 1, 1]
					}
				},
				"leg2": {
					"rotation": {
						"0.0": [0, 0, 0],
						"0.2": [0, -40, 0],
						"0.4": [0, 0, 0],
						"0.6": [0, 45, 0],
						"0.8": [0, 0, 0]
					},
					"position": {
						"0.0": [0, 0, 0],
						"0.2": [0, 0, 0],
						"0.4": [0, 0, 0],
						"0.6": [0, 0, 0],
						"0.8": [0, 0, 0]
					},
					"scale": {
						"0.0": [1, 1, 1],
						"0.2": [1, 1, 1],
						"0.4": [1, 1, 1],
						"0.6": [1, 1, 1],
						"0.8": [1, 1, 1]
					}
				},
				"leg1": {
					"rotation": {
						"0.0": [0, 0, 0],
						"0.2": [0, 45, 0],
						"0.4": [0, 0, 0],
						"0.6": [0, -45, 0],
						"0.8": [0, 0, 0]
					},
					"position": {
						"0.0": [0, 0, 0],
						"0.2": [0, 0, 0],
						"0.4": [0, 0, 0],
						"0.6": [0, 0, 0],
						"0.8": [0, 0, 0]
					},
					"scale": {
						"0.0": [1, 1, 1],
						"0.2": [1, 1, 1],
						"0.4": [1, 1, 1],
						"0.6": [1, 1, 1],
						"0.8": [1, 1, 1]
					}
				},
				"leg3": {
					"rotation": {
						"0.0": [0, 0, 0],
						"0.2": [0, 45, 0],
						"0.4": [0, 0, 0],
						"0.6": [0, -45, 0],
						"0.8": [0, 0, 0]
					},
					"position": {
						"0.0": [0, 0, 0],
						"0.2": [0, 0, 0],
						"0.4": [0, 0, 0],
						"0.6": [0, 0, 0],
						"0.8": [0, 0, 0]
					},
					"scale": {
						"0.0": [1, 1, 1],
						"0.2": [1, 1, 1],
						"0.4": [1, 1, 1],
						"0.6": [1, 1, 1],
						"0.8": [1, 1, 1]
					}
				}
			}
		}
	}
}