{
	"format_version": "1.8.0",
	"animations": {
		"animation.penguin.walk": {
			"loop": true,
			"animation_length": 1.04,
			"bones": {
				"body": {
					"rotation": {
						"0.0": [0, 0, 0],
						"0.4833": [0, 0, 0],
						"1.0333": [0, 0, 0]
					}
				},
				"leg0": {
					"rotation": {
						"0.0": [0, 0, 0],
						"0.2333": [-10, 0, 0],
						"0.4833": [0, 0, 0],
						"0.7167": [10, 0, 0],
						"1.0333": [0, 0, 0]
					}
				},
				"leg1": {
					"rotation": {
						"0.0": [0, 0, 0],
						"0.2333": [10, 0, 0],
						"0.4833": [0, 0, 0],
						"0.7167": [-10, 0, 0],
						"1.0333": [0, 0, 0]
					}
				},
				"ala1": {
					"rotation": {
						"0.0": [0, 0, 0],
						"0.2333": [0, 0, -10],
						"0.4833": [0, 0, 0],
						"0.7167": [0, 0, -10],
						"1.0333": [0, 0, 0]
					},
					"position": {
						"0.0": [0, 0, 0],
						"0.4833": [0, 0, 0],
						"1.0333": [0, 0, 0]
					}
				},
				"ala2": {
					"rotation": {
						"0.0": [0, 0, 0],
						"0.2333": [0, 0, 10],
						"0.4833": [0, 0, 0],
						"0.7167": [0, 0, 10],
						"1.0333": [0, 0, 0]
					},
					"position": {
						"0.0": [0, 0, 0],
						"0.4833": [0, 0, 0],
						"1.0333": [0, 0, 0]
					}
				},
				"head": {
					"rotation": {
						"0.0": [0, 0, 0],
						"0.4833": [0, 0, 0],
						"1.0333": [0, 0, 0]
					},
					"position": {
						"0.0": [0, 0, 0],
						"0.4833": [0, 0, 0],
						"1.0333": [0, 0, 0]
					}
				}
			}
		}
	}
}