{
	"format_version": "1.8.0",
	"animations": {
		"animation.rat.sit": {
			"loop": true,
			"animation_length": 1,
			"bones": {
				"bone": {
					"rotation": [-30, 0, 0],
					"position": [0, -3, 0]
				},
				"head": {
					"position": [0, 2, 3]
				},
				"tale": {
					"rotation": [52.5, 0, 0]
				},
				"leg0": {
					"rotation": [-90, 0, 0],
					"position": [0, -3, 1]
				},
				"leg1": {
					"rotation": [-90, 0, 0],
					"position": [0, -3, 1]
				},
				"leg2": {
					"position": [0, 0, 2]
				},
				"leg3": {
					"position": [0, 0, 2]
				}
			}
		}
	}
}