{
	"format_version": "1.8.0",
	"animations": {
		"animation.rhinoceros.sit": {
			"loop": true,
			"bones": {
				"bone": {
					"position": [0, -4, 0]
				},
				"leg0": {
					"rotation": [-40, 0, 0],
					"position": [0, -5, 0]
				},
				"leg1": {
					"rotation": [-42.5, 0, 0],
					"position": [0, -5, 0]
				},
				"leg2": {
					"rotation": [-90, 0, 0],
					"position": [0, -8, 0]
				},
				"leg3": {
					"rotation": [-90, 0, 0],
					"position": [0, -8, 0]
				}
			}
		},
		"animation.rhinoceros.attack": {
			"animation_length": 0.5,
			"bones": {
				"bone": {
					"rotation": {
						"0.0": [0, 0, 0],
						"0.0833": [10, 0, 0],
						"0.2083": [-12.5, 0, 0],
						"0.5": [0, 0, 0]
					},
					"position": {
						"0.0": [0, 0, 0],
						"0.0833": [0, -0.3, 0],
						"0.2083": [0, 0, 0],
						"0.5": [0, 0, 0]
					}
				},
				"head": {
					"rotation": {
						"0.0": [0, 0, 0],
						"0.0833": [22.5, 0, 0],
						"0.2083": [-75, 0, 0],
						"0.5": [0, 0, 0]
					},
					"position": {
						"0.0": [0, 0, 0],
						"0.2083": [0, 0, -0.9],
						"0.5": [0, 0, 0]
					}
				}
			}
		}
	}
}