{
	"format_version": "1.8.0",
	"animations": {
		"animation.snake.walk": {
			"loop": true,
			"animation_length": 0.48,
			"bones": {
				"body": {
					"position": [-1, 0, 0]
				},
				"body2": {
					"rotation": {
						"0.0": [0, 0, 0],
						"0.24": [0, 12.5, 0],
						"0.48": [0, 0, 0]
					},
					"position": {
						"0.0": [-1, 0, 0],
						"0.24": [1, 0, 0],
						"0.48": [-1, 0, 0]
					}
				},
				"body3": {
					"position": {
						"0.0": [1, 0, 0],
						"0.24": [-1, 0, 0],
						"0.48": [1, 0, 0]
					}
				},
				"body4": {
					"rotation": {
						"0.0": [0, 0, 0],
						"0.24": [0, -22.5, 0],
						"0.48": [0, 0, 0]
					},
					"position": {
						"0.0": [1, 0, 0],
						"0.24": [-1, 0, 0],
						"0.48": [1, 0, 0]
					}
				},
				"body5": {
					"position": {
						"0.0": [-1, 0, 0],
						"0.24": [1, 0, 0],
						"0.48": [-1, 0, 0]
					}
				},
				"body6": {
					"rotation": {
						"0.0": [0, 0, 0],
						"0.24": [0, 35, 0],
						"0.48": [0, 0, 0]
					},
					"position": {
						"0.0": [-1, 0, 0],
						"0.24": [1, 0, 0],
						"0.48": [-1, 0, 0]
					}
				},
				"body7": {
					"position": {
						"0.0": [1, 0, 0],
						"0.24": [-1, 0, 0],
						"0.48": [1, 0, 0]
					}
				},
				"body8": {
					"rotation": {
						"0.0": [0, 0, 0],
						"0.24": [0, -40, 0],
						"0.48": [0, 0, 0]
					},
					"position": {
						"0.0": [1, 0, 0],
						"0.24": [-1, 0, 0],
						"0.48": [1, 0, 0]
					}
				},
				"body9": {
					"position": {
						"0.0": [-1, 0, 0],
						"0.24": [1, 0, 0],
						"0.48": [-1, 0, 0]
					}
				},
				"head": {
					"position": {
						"0.0": [0, 0, 0],
						"0.24": [-1, 0, 0],
						"0.48": [0, 0, 0]
					}
				}
			}
		}
	}
}