{
	"format_version": "1.8.0",
	"animations": {
		"animation.snake_v2.idle": {
			"loop": true,
			"animation_length": 1,
			"bones": {
				"body": {
					"rotation": {
						"0.0": [0, -27.5, 0],
						"1.0": [0, -27.5, 0]
					},
					"position": {
						"0.0": [0.8, 0, 0],
						"1.0": [0.8, 0, 0]
					}
				},
				"bone": {
					"rotation": {
						"0.0": [0, -27.5, 0],
						"1.0": [0, -27.5, 0]
					}
				},
				"bone2": {
					"rotation": {
						"0.0": [0, 27.5, 0],
						"1.0": [0, 27.5, 0]
					}
				},
				"bone3": {
					"rotation": {
						"0.0": [0, 27.5, 0],
						"1.0": [0, 27.5, 0]
					}
				},
				"bone4": {
					"rotation": {
						"0.0": [0, 27.5, 0],
						"1.0": [0, 27.5, 0]
					}
				},
				"bone5": {
					"rotation": {
						"0.0": [0, 27.5, 0],
						"1.0": [0, 27.5, 0]
					}
				},
				"bone6": {
					"rotation": {
						"0.0": [0, -27.5, 0],
						"1.0": [0, -27.5, 0]
					}
				},
				"bone9": {
					"rotation": {
						"0.0": [0, -27.5, 0],
						"1.0": [0, -27.5, 0]
					}
				},
				"bone8": {
					"rotation": {
						"0.0": [0, -27.5, 0],
						"1.0": [0, -27.5, 0]
					}
				},
				"bone7": {
					"rotation": {
						"0.0": [0, -27.5, 0],
						"1.0": [0, -27.5, 0]
					}
				},
				"bone10": {
					"rotation": {
						"0.0": [0, 27.5, 0],
						"1.0": [0, 27.5, 0]
					}
				}
			}
		},
		"animation.snake_v2.walk": {
			"loop": true,
			"animation_length": 0.25,
			"bones": {
				"body": {
					"rotation": {
						"0.0": [0, 0, 0],
						"0.125": [0, 82.5, 0],
						"0.25": [0, 0, 0]
					},
					"position": {
						"0.0": [0, 0, 0],
						"0.125": [-0.8, 0, 0],
						"0.25": [0, 0, 0]
					}
				},
				"bone": {
					"rotation": {
						"0.0": [0, 0, 0],
						"0.125": [0, 82.5, 0],
						"0.25": [0, 0, 0]
					}
				},
				"bone2": {
					"rotation": {
						"0.0": [0, 0, 0],
						"0.125": [0, -82.5, 0],
						"0.25": [0, 0, 0]
					}
				},
				"bone3": {
					"rotation": {
						"0.0": [0, 0, 0],
						"0.125": [0, -82.5, 0],
						"0.25": [0, 0, 0]
					}
				},
				"bone4": {
					"rotation": {
						"0.0": [0, 0, 0],
						"0.125": [0, -82.5, 0],
						"0.25": [0, 0, 0]
					}
				},
				"bone5": {
					"rotation": {
						"0.0": [0, 0, 0],
						"0.125": [0, -82.5, 0],
						"0.25": [0, 0, 0]
					}
				},
				"bone6": {
					"rotation": {
						"0.0": [0, 0, 0],
						"0.125": [0, 82.5, 0],
						"0.25": [0, 0, 0]
					}
				},
				"bone9": {
					"rotation": {
						"0.0": [0, 0, 0],
						"0.125": [0, 82.5, 0],
						"0.25": [0, 0, 0]
					}
				},
				"bone8": {
					"rotation": {
						"0.0": [0, 0, 0],
						"0.125": [0, 82.5, 0],
						"0.25": [0, 0, 0]
					}
				},
				"bone7": {
					"rotation": {
						"0.0": [0, 0, 0],
						"0.125": [0, 82.5, 0],
						"0.25": [0, 0, 0]
					}
				},
				"bone10": {
					"rotation": {
						"0.0": [0, 0, 0],
						"0.125": [0, -82.5, 0],
						"0.25": [0, 0, 0]
					}
				}
			}
		},
		"animation.snake_v2.attack": {
			"animation_length": 0.25,
			"bones": {
				"head": {
					"rotation": {
						"0.0": [0, 0, 0],
						"0.0833": [1.5523, -7.30111, -23.97594],
						"0.1667": [11.93845, 3.73171, -17.10967],
						"0.25": [0, 0, 0]
					},
					"position": {
						"0.0": [0, 0, 0],
						"0.0833": [0, 0, -0.8],
						"0.125": [0, 0, -0.8],
						"0.25": [0, 0, 0]
					}
				},
				"bone3": {
					"rotation": {
						"0.0": [0, 0, 0],
						"0.0833": [25, 0, 0],
						"0.1667": [15, 0, 0],
						"0.25": [0, 0, 0]
					}
				},
				"bone8": {
					"rotation": {
						"0.0": [0, 0, 0],
						"0.0833": [15, 0, 0],
						"0.1667": [15, 0, 0],
						"0.25": [0, 0, 0]
					}
				},
				"snake": {
					"rotation": {
						"0.0": [0, 0, 0],
						"0.0833": [-37, 0, 0],
						"0.1667": [-5.5, 0, 0],
						"0.25": [0, 0, 0]
					},
					"position": {
						"0.0": [0, 0, 0],
						"0.0833": [0, -2.6, 0],
						"0.1667": [0, -1, 0],
						"0.25": [0, 0, 0]
					}
				},
				"boca": {
					"rotation": {
						"0.0": [0, 0, 0],
						"0.0833": [47.5, 0, 0],
						"0.1667": [47.5, 0, 0],
						"0.25": [0, 0, 0]
					}
				}
			}
		}
	}
}