{
	"format_version": "1.8.0",
	"animations": {
		"animation.stingray.idle": {
			"loop": true,
			"animation_length": 1.04,
			"bones": {
				"hueso1": {
					"rotation": {
						"0.0": [0, 0, 0],
						"0.5167": [10, 0, 0],
						"1.0333": [0, 0, 0]
					}
				},
				"hueso2": {
					"rotation": {
						"0.0": [0, 0, 0],
						"0.5167": [12.5, 0, 0],
						"1.0333": [0, 0, 0]
					}
				},
				"hueso3": {
					"rotation": {
						"0.0": [0, 0, 0],
						"0.5167": [15, 0, 0],
						"1.0333": [0, 0, 0]
					}
				},
				"hueso4": {
					"rotation": {
						"0.0": [0, 0, 0],
						"0.5167": [15, 0, 0],
						"1.0333": [0, 0, 0]
					}
				},
				"ala1": {
					"rotation": {
						"0.0": [0, 0, 0],
						"0.5167": [0, 0, -10],
						"1.0333": [0, 0, 0]
					}
				},
				"ala1_1": {
					"rotation": {
						"0.0": [0, 0, 0],
						"0.5167": [0, 0, -10],
						"1.0333": [0, 0, 0]
					}
				},
				"ala2": {
					"rotation": {
						"0.0": [0, 0, 0],
						"0.5167": [0, 0, 10],
						"1.0333": [0, 0, 0]
					}
				},
				"ala2_1": {
					"rotation": {
						"0.0": [0, 0, 0],
						"0.5167": [0, 0, 10],
						"1.0333": [0, 0, 0]
					}
				}
			}
		}
	}
}