{
	"format_version": "1.8.0",
	"animations": {
		"animation.tiger.sit": {
			"loop": true,
			"animation_length": 0.52,
			"bones": {
				"bone": {
					"rotation": [-42.5, 0, 0],
					"position": [0, -4, 4]
				},
				"head": {
					"rotation": [40, 0, 0],
					"position": [0, -1, -2]
				},
				"leg0": {
					"rotation": [-90, 0, 0],
					"position": [0, -10, 1]
				},
				"leg2": {
					"rotation": [-90, 0, 0],
					"position": [0, -10, 1]
				},
				"leg3": {
					"rotation": [-30, 0, 0],
					"position": [0, -1, 3]
				},
				"leg1": {
					"rotation": [-30, 0, 0],
					"position": [0, -1, 3]
				},
				"tale": {
					"rotation": [75, 0, 0]
				}
			}
		},
		"animation.lion.sit": {
			"loop": true,
			"animation_length": 0.52,
			"bones": {
				"bone": {
					"rotation": [-42.5, 0, 0],
					"position": [0, -4, 4]
				},
				"head": {
					"rotation": [40, 0, 0],
					"position": [0, -1, -2]
				},
				"leg0": {
					"rotation": [-90, 0, 0],
					"position": [0, -6, 0]
				},
				"leg2": {
					"rotation": [-90, 0, 0],
					"position": [0, -6, 0]
				},
				"leg3": {
					"rotation": [-15, 0, 0],
					"position": [0, -1, 2]
				},
				"leg1": {
					"rotation": [-15, 0, 0],
					"position": [0, -1, 2]
				},
				"tale": {
					"rotation": [75, 0, 0]
				}
			}
		}
	}
}