{
	"format_version": "1.8.0",
	"animations": {
		"animation.wild_boar_v2.idle": {
			"loop": true,
			"animation_length": 3,
			"bones": {
				"tail": {
					"rotation": [-45, 0, 0]
				},
				"body": {
					"rotation": {
						"0.0": [0, 0, 0],
						"1.5": [-5, 0, 0],
						"3.0": [0, 0, 0]
					}
				}
			}
		},
		"animation.wild_boar_v2.walk": {
			"loop": true,
			"animation_length": 0.66667,
			"bones": {
				"jabali": {
					"position": {
						"0.0": [0, -0.6, 0],
						"0.0833": [0, -0.4, 0],
						"0.1667": [0, -0.3, 0],
						"0.25": [0, -0.1, 0],
						"0.3333": [0, -0.6, 0],
						"0.375": [0, -0.5, 0],
						"0.4167": [0, -0.4, 0],
						"0.5": [0, -0.3, 0],
						"0.5833": [0, -0.1, 0],
						"0.6667": [0, -0.6, 0]
					}
				},
				"leg0": {
					"rotation": {
						"0.0": [-17.5, 0, 0],
						"0.0833": [-5, 0, 0],
						"0.1667": [2.5, 0, 0],
						"0.25": [7.5, 0, 0],
						"0.3333": [25, 0, 0],
						"0.4167": [45, 0, 0],
						"0.5": [27.5, 0, 0],
						"0.5833": [-10, 0, 0],
						"0.6667": [-17.5, 0, 0]
					}
				},
				"leg0_0": {
					"rotation": {
						"0.0": [-45, 0, 0],
						"0.0833": [-17.5, 0, 0],
						"0.1667": [-7.5, 0, 0],
						"0.25": [-15, 0, 0],
						"0.3333": [-45, 0, 0],
						"0.4167": [-37.5, 0, 0],
						"0.5": [-5, 0, 0],
						"0.5833": [-22.5, 0, 0],
						"0.6667": [-45, 0, 0]
					},
					"position": {
						"0.0": [0, -0.2, 0.9],
						"0.0833": [0, 0.1, 0],
						"0.1667": [0, 0, 0],
						"0.25": [0, 0.2, 0],
						"0.3333": [0, 0.325, 0.15],
						"0.4167": [0, 0.25, 0.1],
						"0.5": [0, 0.4, 0],
						"0.5833": [0, 0.15, 0.05],
						"0.6667": [0, 0.325, 0.15]
					}
				},
				"leg1": {
					"rotation": {
						"0.0": [62.5, 0, 0],
						"0.0833": [45, 0, 0],
						"0.1667": [2.5, 0, 0],
						"0.25": [-10, 0, 0],
						"0.3333": [-17.5, 0, 0],
						"0.4167": [-5, 0, 0],
						"0.5": [2.5, 0, 0],
						"0.5833": [38, 0, 0],
						"0.6667": [62.5, 0, 0]
					}
				},
				"leg0_1": {
					"rotation": {
						"0.0": [-45, 0, 0],
						"0.0833": [-37.5, 0, 0],
						"0.1667": [-5, 0, 0],
						"0.25": [-22.5, 0, 0],
						"0.3333": [-45, 0, 0],
						"0.4167": [-17.5, 0, 0],
						"0.5": [-7.5, 0, 0],
						"0.5833": [-15, 0, 0],
						"0.6667": [-45, 0, 0]
					},
					"position": {
						"0.0": [0, -0.7, 1.1],
						"0.0833": [0, 0.3, 0.1],
						"0.1667": [0, 0.4, 0],
						"0.25": [0, 0.2, 0],
						"0.3333": [0, 0.3, 0.1],
						"0.4167": [0, 0.1, 0],
						"0.5": [0, 0, 0],
						"0.5833": [0, 0.2, 0],
						"0.6667": [0, 0.3, 0.2]
					}
				},
				"leg2": {
					"rotation": {
						"0.0": [62.5, 0, 0],
						"0.0833": [45, 0, 0],
						"0.1667": [2.5, 0, 0],
						"0.25": [-10, 0, 0],
						"0.3333": [-17.5, 0, 0],
						"0.4167": [-5, 0, 0],
						"0.5": [2.5, 0, 0],
						"0.5833": [38, 0, 0],
						"0.6667": [62.5, 0, 0]
					}
				},
				"leg2_0": {
					"rotation": {
						"0.0": [-45, 0, 0],
						"0.0833": [-37.5, 0, 0],
						"0.1667": [-5, 0, 0],
						"0.25": [-22.5, 0, 0],
						"0.3333": [-45, 0, 0],
						"0.4167": [-17.5, 0, 0],
						"0.5": [-7.5, 0, 0],
						"0.5833": [-15, 0, 0],
						"0.6667": [-45, 0, 0]
					},
					"position": {
						"0.0": [0, 0.3, 0.1],
						"0.0833": [0, 0.3, 0.1],
						"0.1667": [0, 0.4, 0],
						"0.25": [0, 0.2, 0],
						"0.3333": [0, 0.3, 0.1],
						"0.4167": [0, 0.1, 0],
						"0.5": [0, 0, 0],
						"0.5833": [0, 0.2, 0],
						"0.6667": [0, 0.3, 0.2]
					}
				},
				"leg3": {
					"rotation": {
						"0.0": [-17.5, 0, 0],
						"0.0833": [-5, 0, 0],
						"0.1667": [2.5, 0, 0],
						"0.25": [7.5, 0, 0],
						"0.3333": [25, 0, 0],
						"0.4167": [45, 0, 0],
						"0.5": [27.5, 0, 0],
						"0.5833": [-10, 0, 0],
						"0.6667": [-17.5, 0, 0]
					}
				},
				"leg2_1": {
					"rotation": {
						"0.0": [-45, 0, 0],
						"0.0833": [-17.5, 0, 0],
						"0.1667": [-7.5, 0, 0],
						"0.25": [-15, 0, 0],
						"0.3333": [-45, 0, 0],
						"0.4167": [-37.5, 0, 0],
						"0.5": [-5, 0, 0],
						"0.5833": [-22.5, 0, 0],
						"0.6667": [-45, 0, 0]
					},
					"position": {
						"0.0": [0, 0.3, 0.2],
						"0.0833": [0, 0.1, 0],
						"0.1667": [0, 0, 0],
						"0.25": [0, 0.2, 0],
						"0.3333": [0, 0.325, 0.15],
						"0.4167": [0, 0.25, 0.1],
						"0.5": [0, 0.4, 0],
						"0.5833": [0, 0.15, 0.05],
						"0.6667": [0, 0.325, 0.15]
					}
				}
			}
		},
		"animation.wild_boar_v2.attack": {
			"animation_length": 0.5,
			"bones": {
				"jabali": {
					"rotation": {
						"0.0": [0, 0, 0],
						"0.125": [20, 0, 0],
						"0.25": [-17.5, 0, 0],
						"0.5": [0, 0, 0]
					},
					"position": {
						"0.0": [0, 0, 0],
						"0.125": [0, 2, 0],
						"0.25": [0, 2, 0],
						"0.5": [0, 0, 0]
					}
				},
				"body": {
					"rotation": {
						"0.0": [0, 0, 0],
						"0.2083": [-10, 0, 0],
						"0.5": [0, 0, 0]
					}
				},
				"head": {
					"rotation": {
						"0.0": [0, 0, 0],
						"0.2083": [-12.5, 0, 0],
						"0.5": [0, 0, 0]
					}
				},
				"leg2": {
					"rotation": {
						"0.0": [0, 0, 0],
						"0.125": [-52.5, 0, 0],
						"0.25": [22.5, 0, 0],
						"0.5": [0, 0, 0]
					},
					"position": {
						"0.0": [0, 0, 0],
						"0.25": [0, -3, 1],
						"0.5": [0, 0, 0]
					}
				},
				"leg3": {
					"rotation": {
						"0.0": [0, 0, 0],
						"0.125": [-52.5, 0, 0],
						"0.25": [20, 0, 0],
						"0.5": [0, 0, 0]
					},
					"position": {
						"0.0": [0, 0, 0],
						"0.25": [0, -3, 1],
						"0.5": [0, 0, 0]
					}
				}
			}
		}
	}
}