{
	"format_version": "1.8.0",
	"animations": {
		"animation.zombie_tank.attack": {
			"loop": true,
			"animation_length": 0.44,
			"bones": {
				"head": {
					"rotation": {
						"0.0": [0, 0, 0],
						"0.1667": [30, 15, 0],
						"0.2833": [0, 0, 0],
						"0.4333": [0, 0, 0]
					},
					"position": {
						"0.0": [0, 0, 0],
						"0.1667": [0, -1, 0],
						"0.2833": [0, -2, 0],
						"0.4333": [0, 0, 0]
					},
					"scale": {
						"0.0": [1, 1, 1],
						"0.2833": [1, 1, 1],
						"0.4333": [1, 1, 1]
					}
				},
				"bone": {
					"rotation": {
						"0.0": [0, 0, 0],
						"0.1667": [10, 10, 0],
						"0.2833": [10, 0, 0],
						"0.4333": [0, 0, 0]
					},
					"position": {
						"0.0": [0, 0, 0],
						"0.2833": [0, 0, 0],
						"0.4333": [0, 0, 0]
					},
					"scale": {
						"0.0": [1, 1, 1],
						"0.2833": [1, 1, 1],
						"0.4333": [1, 1, 1]
					}
				},
				"arm0": {
					"rotation": {
						"0.0": [0, 0, 0],
						"0.1667": [30, 10, 0],
						"0.3167": [-95, 0, 0],
						"0.4333": [0, 0, 0]
					},
					"position": {
						"0.0": [0, 0, 0],
						"0.2833": [0, 0, 0],
						"0.4333": [0, 0, 0]
					},
					"scale": {
						"0.0": [1, 1, 1],
						"0.2833": [1, 1, 1],
						"0.4333": [1, 1, 1]
					}
				},
				"arm1": {
					"rotation": {
						"0.0": [0, 0, 0],
						"0.1667": [0, 10, 0],
						"0.2833": [10, 0, 0],
						"0.4333": [0, 0, 0]
					},
					"position": {
						"0.0": [0, 0, 0],
						"0.1667": [-1, 0, -2],
						"0.2833": [0, -1, -2],
						"0.4333": [0, 0, 0]
					},
					"scale": {
						"0.0": [1, 1, 1],
						"0.2833": [1, 1, 1],
						"0.4333": [1, 1, 1]
					}
				},
				"letLeg": {
					"rotation": {
						"0.0": [0, 0, 0],
						"0.2833": [0, 0, 0],
						"0.4333": [0, 0, 0]
					},
					"position": {
						"0.0": [0, 0, 0],
						"0.2833": [0, 0, 0],
						"0.4333": [0, 0, 0]
					},
					"scale": {
						"0.0": [1, 1, 1],
						"0.2833": [1, 1, 1],
						"0.4333": [1, 1, 1]
					}
				},
				"rightLeg": {
					"rotation": {
						"0.0": [0, 0, 0],
						"0.2833": [0, 0, 0],
						"0.4333": [0, 0, 0]
					},
					"position": {
						"0.0": [0, 0, 0],
						"0.2833": [0, 0, 0],
						"0.4333": [0, 0, 0]
					},
					"scale": {
						"0.0": [1, 1, 1],
						"0.2833": [1, 1, 1],
						"0.4333": [1, 1, 1]
					}
				}
			}
		},
		"animation.zombie_tank.flower": {
			"loop": true,
			"bones": {
				"arm0": {
					"rotation": ["-45.8 + ((0.25 * math.abs(math.mod(variable.offer_flower_tick, 70) - 35) - 17.5) / 35)", 0, 0]
				}
			}
		},
		"animation.zombie_tank.move": {
			"loop": true,
			"bones": {
				"arm0": {
					"rotation": ["7.4 - ((1.5 * math.abs(math.mod(query.modified_distance_moved, 13) - 6.5) - 3.25) / 3.25) * query.modified_move_speed * 23.75", 0, 0]
				},
				"arm1": {
					"rotation": ["7.4 - ((1.5 * math.abs(math.mod(query.modified_distance_moved, 13) - 6.5) - 3.25) / 3.25) * -query.modified_move_speed * 23.75", 0, 0]
				}
			}
		},
		"animation.zombie_tank.walk": {
			"loop": true,
			"bones": {
				"body": {
					"rotation": [0, 0, "2.0 * (math.abs(math.mod(query.modified_distance_moved + 6, 13.0) - 6.5) - 3.25)"]
				},
				"leg0": {
					"rotation": ["(math.cos(query.modified_distance_moved * 38.17) * 40.0)", 0, 0]
				},
				"leg1": {
					"rotation": ["(math.cos(query.modified_distance_moved * 38.17 + 180) * 40.0)", 0, 0]
				}
			}
		}
	}
}