{
  "format_version": "1.8.0",
  "minecraft:client_entity": {
    "description": {
      "identifier": "worldanimals:african_elephant",
      "materials": { "default": "slime" },
      "textures": {
        "blue": "textures/entity/elephants/african_elephant_chest",
        "green": "textures/entity/elephants/african_elephant_chest",
        "red_blue": "textures/entity/elephants/african_elephant",
        "yellow_blue": "textures/entity/elephants/african_elephant_chest",
        "grey": "textures/entity/elephants/african_elephant_chest"
      },
      "geometry": { "default": "geometry.elephant" },
      "animations": {
        "setup": "animation.elephant.idle",
        "look_at_target": "animation.common.look_at_target",
        "walk": "animation.elephant.walk",
		"attack": "animation.elephant.attack",
		"casting": "animation.elephant.celebrate",
		"celebrating": "animation.elephant.celebrate",
		"riding.legs": "animation.elephant.celebrate",
        "wolf_sitting": "animation.elephant.sit",
        "baby_transform": "animation.llama.baby_transform"
      },
      "scripts": {
        "pre_animation": [
          "variable.attack = Math.sin(variable.attack_time * 38.17);"
        ]
      },
      "animation_controllers": [
        { "wolf_sitting": "controller.animation.wolf.sitting" },
        { "move": "controller.animation.llama.move" },
        { "baby": "controller.animation.llama.baby" },
				{
					"attack": "controller.animation.animals.attack"
				},
				{
					"general": "controller.animation.subaru_duck.general" 
				}
      ],
      "render_controllers": [ "controller.render.parrot" ],
      "enable_attachables": true,
      "spawn_egg": {
        "texture": "egg_african_elephant",
        "texture_index": 0
      }
    }
  }
}