{
  "format_version": "1.8.0",
  "minecraft:client_entity": {
    "description": {
      "identifier": "worldanimals:ballena",
      "materials": { "default": "dolphin" },
      "textures": {
        "default": "textures/entity/ballena"
      },
      "geometry": {
        "default": "geometry.ballena"
      },
      "animations": {
        "move": "animation.ballena.idle"
      },
      "animation_controllers": [
        { "general": "controller.animation.dolphin.general" }
      ],
      "render_controllers": [ "controller.render.dolphin" ],
      "spawn_egg": {
        "texture": "egg_shark",
        "texture_index": 0
      }
    }
  }
}