{
  "format_version": "1.8.0",
  "minecraft:client_entity": {
    "description": {
      "identifier": "worldanimals:camel",
      "materials": { "default": "slime" },
      "textures": {
        "default": "textures/entity/camel/camel",
		"saddle": "textures/entity/camel/came_chest"
      },
      "geometry": {
        "default": "geometry.camel",
		"saddle": "geometry.camel"
      },
      "animations": {
        "setup": "animation.camel.idle",
        "look_at_target": "animation.common.look_at_target",
        "walk": "animation.camel.walk",
        "wolf_sitting": "animation.camel.sit",
        "baby_transform": "animation.llama.baby_transform"
      },
      "animation_controllers": [
        { "wolf_sitting": "controller.animation.wolf.sitting" },
        { "move": "controller.animation.llama.move" },
        { "baby": "controller.animation.llama.baby" }
      ],
      "render_controllers": [ "controller.render.animals", "controller.render.camel_saddle" ],
      "enable_attachables": true,
      "spawn_egg": {
        "texture": "egg_camel",
        "texture_index": 0
      }
    }
  }
}