{
  "format_version": "1.8.0",
  "minecraft:client_entity": {
    "description": {
      "identifier": "worldanimals:chimpanzee_0",
      "materials": { "default": "slime", "armor": "stray_clothes" },
      "textures": {
        "default": "textures/entity/chimpanzee/chimpanzee_1",
        "orange": "textures/entity/chimpanzee/astronaut_0",
        "blue": "textures/entity/chimpanzee/astronaut_1",
        "white": "textures/entity/chimpanzee/astronaut_2",
        "cream": "textures/entity/chimpanzee/astronaut_3"
      },
      "geometry": {
        "default": "geometry.chimpanzee",
        "chimpanzee_astronaut_suit": "geometry.chimpanzee_astronaut_suit"
      },
      "animations": {
        "setup": "animation.chimpanzee.idle",
        "walk": "animation.chimpanzee.walk",
		"casting": "animation.chimpanzee.dance",
		"celebrating": "animation.chimpanzee.dance",
		"riding.legs": "animation.chimpanzee.dance",
        "look_at_target": "animation.common.look_at_target",
        "wolf_sitting": "animation.chimpanzee.sit"
      },
      "animation_controllers": [
        { "wolf_sitting": "controller.animation.wolf.sitting" },
        { "move": "controller.animation.llama.move" },
        { "baby": "controller.animation.llama.baby" },
				{
					"general": "controller.animation.subaru_duck.general" 
				}
      ],
      "render_controllers": [ "controller.render.chimpanzee", "controller.render.chimpanzee_astronaut_suit" ],
      "spawn_egg": {
        "texture": "egg_chimpanzee",
        "texture_index": 0
      }
    }
  }
}