{
  "format_version": "1.8.0",
  "minecraft:client_entity": {
    "description": {
      "identifier": "worldanimals:crocodile",
      "materials": { "default": "slime" },
      "textures": {
        "default": "textures/entity/reptils/crocodile"
      },
      "geometry": { "default": "geometry.crocodile" },
      "animations": {
        "setup": "animation.crocodile.idle",
		"attack": "animation.crocodile.attack",
        "walk": "animation.crocodile.walk"
      },
      "scripts": {
        "pre_animation": [
          "variable.attack = Math.sin(variable.attack_time * 38.17);"
        ]
      },
      "animation_controllers": [
        { "move": "controller.animation.llama.move" },
        { "baby": "controller.animation.llama.baby" },
				{
					"attack": "controller.animation.animals.attack"
				}
      ],
      "render_controllers": [ "controller.render.polarbear" ],
      "enable_attachables": true,
      "spawn_egg": {
        "texture": "egg_crocodile",
        "texture_index": 0
      }
    }
  }
}