{
  "format_version": "1.8.0",
  "minecraft:client_entity": {
    "description": {
      "identifier": "worldanimals:duck",
      "materials": { "default": "parrot"},
      "textures": {
        "blue": "textures/entity/duck/baby_duck",
        "green": "textures/entity/duck/baby_duck",
        "red_blue": "textures/entity/duck/duck",
        "yellow_blue": "textures/entity/duck/baby_duck",
        "grey": "textures/entity/duck/baby_duck"
      },
      "geometry": {
        "default": "geometry.duck_original"
      },
      "animations": {
        "setup": "animation.llama.setup",
        "walk": "animation.quadruped.walk",
        "look_at_target": "animation.common.look_at_target",
        "wolf_sitting": "animation.lion.sit"
      },
      "animation_controllers": [
        { "wolf_sitting": "controller.animation.wolf.sitting" },
        { "move": "controller.animation.llama.move" },
        { "baby": "controller.animation.llama.baby" }
      ],
      "render_controllers": [ "controller.render.parrot" ],
      "spawn_egg": {
        "texture": "egg_duck",
        "texture_index": 0
      }
    }
  }
}