{
  "format_version": "1.8.0",
  "minecraft:client_entity": {
    "description": {
      "identifier": "worldanimals:flamingo",
      "materials": { "default": "slime" },
      "textures": {
        "default": "textures/entity/flamingo"
      },
      "geometry": { "default": "geometry.flamingo" },
      "animations": {
        "setup": "animation.elephant.idle",
        "walk": "animation.quadruped.walk"
      },
      "animation_controllers": [
        { "move": "controller.animation.llama.move" },
        { "baby": "controller.animation.llama.baby" }
      ],
      "render_controllers": [ "controller.render.polarbear" ],
      "enable_attachables": true,
      "spawn_egg": {
        "texture": "egg_flamingo",
        "texture_index": 0
      }
    }
  }
}
