{
  "format_version": "1.8.0",
  "minecraft:client_entity": {
    "description": {
      "identifier": "worldanimals:kiwi",
      "materials": { "default": "slime" },
      "textures": {
        "default": "textures/entity/kiwi"
      },
      "geometry": { "default": "geometry.kiwi" },
      "animations": {
        "setup": "animation.elephant.idle",
        "walk": "animation.quadruped.walk"
      },
      "animation_controllers": [
        { "move": "controller.animation.llama.move" },
        { "baby": "controller.animation.llama.baby" }
      ],
      "render_controllers": [ "controller.render.polarbear" ],
      "enable_attachables": true,
      "spawn_egg": {
        "texture": "egg_kiwi",
        "texture_index": 0
      }
    }
  }
}