{
  "format_version": "1.8.0",
  "minecraft:client_entity": {
    "description": {
      "identifier": "worldanimals:rhinoceros",
      "materials": { "default": "slime", "armor": "stray_clothes" },
      "textures": {
        "default": "textures/entity/rhinoceros",
        "reptil": "textures/entity/rhinoceros/reptil_armor",
        "gold": "textures/entity/rhinoceros/gold_armor",
        "iron": "textures/entity/rhinoceros/iron_armor",
        "diamond": "textures/entity/rhinoceros/diamond_armor",
        "citrine": "textures/entity/rhinoceros/citrine_armor",
        "ruby": "textures/entity/rhinoceros/ruby_armor",
        "emerald": "textures/entity/rhinoceros/emerald_armor",
        "netherite": "textures/entity/rhinoceros/netherite_armor"
      },
      "geometry": {
        "default": "geometry.rhinoceros_normal",
        "armor": "geometry.rhinocerosarmor"
      },
      "animations": {
        "setup": "animation.llama.setup",
        "walk": "animation.quadruped.walk",
		"attack": "animation.rhinoceros.attack",
        "look_at_target": "animation.common.look_at_target",
        "baby_transform": "animation.llama.baby_transform",
        "wolf_sitting": "animation.rhinoceros.sit"
      },
      "scripts": {
        "pre_animation": [
          "variable.attack = Math.sin(variable.attack_time * 38.17);"
        ]
      },
      "animation_controllers": [
        { "wolf_sitting": "controller.animation.wolf.sitting" },
        { "move": "controller.animation.llama.move" },
        { "baby": "controller.animation.llama.baby" },
				{
					"attack": "controller.animation.animals.attack"
				}
      ],
      "render_controllers": [ "controller.render.animals", "controller.render.rhinoceros_armor" ],
      "spawn_egg": {
        "texture": "egg_rhinoceros",
        "texture_index": 0
      }
    }
  }
}