{
  "format_version": "1.8.0",
  "minecraft:client_entity": {
    "description": {
      "identifier": "worldanimals:snail",
      "materials": { "default": "slime" },
      "textures": {
        "default": "textures/entity/snail"
      },
      "geometry": { "default": "geometry.snail" },
      "animations": {
        "setup": "animation.llama.setup",
        "walk": "animation.quadruped.walk",
        "look_at_target": "animation.common.look_at_target",
        "baby_transform": "animation.llama.baby_transform"
      },
      "animation_controllers": [
        { "move": "controller.animation.llama.move" },
        { "baby": "controller.animation.llama.baby" }
      ],
      "render_controllers": [ "controller.render.polarbear" ],
      "enable_attachables": true,
      "spawn_egg": {
        "texture": "egg_tiger",
        "texture_index": 0
      }
    }
  }
}