{
    "format_version": "1.19.10",
    "minecraft:block": {
        "description": {
            "identifier": "chisel:braid_andesite",
            "properties": {
            }
        },
        "components": {
            "minecraft:material_instances" : {
				"*": {
					"texture": "braid_andesite",
					"render_method" : "opaque"
				}
			},
            "minecraft:unit_cube": {},

            "minecraft:collision_box": {
                "origin": [-8,0,-8],
                "size": [16,16,16]
            },
            "minecraft:aim_collision": {
                "origin": [-8,0,-8],
                "size": [16,16,16]
            },
            "minecraft:creative_category": {
				"category": "construction",
				"group": "itemGroup.name.stoneBrick"
			},
			"minecraft:destroy_time": 0.5,
			"minecraft:explosion_resistance": 20,
			"minecraft:block_light_filter": 15,
			"minecraft:map_color": "#818186",
			"minecraft:block_light_emission": 0,
			
			"tag:stone": {}

	    
		},


        "events": {
			
        },

        "permutations": [
		    
        ]
    }
}