{
  "format_version": "1.19.10",
  "minecraft:block": {
    "description": {
      "identifier": "chisel:papers_bookshelf_dark_oak",
      "properties": {
	  
	  }
    },
        "components": {
			"minecraft:creative_category": {
				"category": "items",
				"group": "itemGroup.name.items"
			},
			"minecraft:destroy_time": 0.5,
			"minecraft:explosion_resistance": 20,
			"minecraft:block_light_filter": 15,
			"minecraft:map_color": "#492f17",
			"minecraft:block_light_emission": 0,
			
			"tag:wood": {}
        }
    }
}