{
	"format_version": "1.12.0",
	"minecraft:geometry": [
		{
			"description": {
				"identifier": "geometry.ant",
				"texture_width": 64,
				"texture_height": 64,
				"visible_bounds_width": 3,
				"visible_bounds_height": 2.5,
				"visible_bounds_offset": [0, 0.75, 0]
			},
			"bones": [
				{
					"name": "body",
					"pivot": [0, 0, 0],
					"cubes": [
						{"origin": [-1.5, 3, -3.5], "size": [3, 3, 4], "pivot": [0, 4.5, 0], "rotation": [-22.5, 0, 0], "uv": [16, 13]},
						{"origin": [-1.5, 3, 0.3], "size": [3, 3, 3], "inflate": -0.2, "uv": [0, 23]},
						{"origin": [-1.5, 2.4, 1.3], "size": [3, 1, 1], "inflate": -0.225, "uv": [0, 2]},
						{"origin": [-1.5, 2.8, -2.5], "size": [3, 1, 1], "inflate": -0.1, "uv": [0, 4]},
						{"origin": [-1.5, 2.5, -0.5], "size": [3, 1, 1], "inflate": -0.1, "uv": [0, 0]}
					]
				},
				{
					"name": "tail",
					"parent": "body",
					"pivot": [0, 4.5, 2.5],
					"rotation": [-17.5, 0, 0],
					"cubes": [
						{"origin": [-2.5, 2, 2.5], "size": [5, 5, 8], "uv": [0, 0]}
					]
				},
				{
					"name": "head",
					"parent": "body",
					"pivot": [0, 6.3, -2.7],
					"cubes": [
						{"origin": [-2, 4.3, -6.8], "size": [4, 4, 4], "uv": [0, 13]},
						{"origin": [1.1, 4.3, -8.5], "size": [1, 2, 2], "inflate": -0.2, "pivot": [1.5, 5.3, -6.1], "rotation": [0, 20, 0], "uv": [0, 29]},
						{"origin": [-2.1, 4.3, -8.5], "size": [1, 2, 2], "inflate": -0.2, "pivot": [-1.5, 5.3, -6.1], "rotation": [0, -20, 0], "uv": [12, 13]},
						{"origin": [1, 8, -4.8], "size": [1, 1, 1], "inflate": -0.15, "uv": [4, 6]},
						{"origin": [-2, 8, -4.8], "size": [1, 1, 1], "inflate": -0.15, "uv": [0, 6]},
						{"origin": [-2, 8.3, -4.8], "size": [1, 5, 1], "inflate": -0.35, "pivot": [-1.5, 8.8, -4.3], "rotation": [35, 12.5, 0], "uv": [6, 29]},
						{"origin": [1, 8.3, -4.8], "size": [1, 5, 1], "inflate": -0.35, "pivot": [1.5, 8.8, -4.3], "rotation": [35, -15, 0], "uv": [30, 8]},
						{"origin": [-2, 12.3, -9.1], "size": [1, 1, 5], "inflate": -0.35, "pivot": [-1.5, 8.8, -4.3], "rotation": [35, 12.5, 0], "uv": [18, 0]},
						{"origin": [1, 12.3, -9.1], "size": [1, 1, 5], "inflate": -0.35, "pivot": [1.5, 8.8, -4.3], "rotation": [35, -15, 0], "uv": [11, 20]}
					]
				},
				{
					"name": "leg0",
					"parent": "body",
					"pivot": [1.5, 3.3, -2],
					"rotation": [0, 17.5, 0],
					"cubes": [
						{"origin": [-0.2, 3.7, -2.5], "size": [6, 1, 1], "inflate": -0.2, "pivot": [2, 5.3, -2], "rotation": [0, 0, -45], "uv": [25, 0]},
						{"origin": [5.4, -0.7, -2.5], "size": [1, 8, 1], "inflate": -0.3, "pivot": [5.6, 5.8, -2], "rotation": [0, 0, -20], "uv": [28, 26]}
					]
				},
				{
					"name": "leg1",
					"parent": "body",
					"pivot": [1.5, 3, 0],
					"cubes": [
						{"origin": [-0.2, 3.4, -0.5], "size": [6, 1, 1], "inflate": -0.2, "pivot": [2, 5, 0], "rotation": [0, 0, -45], "uv": [23, 24]},
						{"origin": [5.4, -1, -0.5], "size": [1, 8, 1], "inflate": -0.3, "pivot": [5.6, 5.5, 0], "rotation": [0, 0, -20], "uv": [24, 26]}
					]
				},
				{
					"name": "leg2",
					"parent": "body",
					"pivot": [1.5, 3, 2],
					"rotation": [0, -17.5, 0],
					"cubes": [
						{"origin": [-0.2, 3.4, 1.5], "size": [6, 1, 1], "inflate": -0.2, "pivot": [2, 5, 2], "rotation": [0, 0, -45], "uv": [18, 22]},
						{"origin": [5.4, -1, 1.5], "size": [1, 8, 1], "inflate": -0.3, "pivot": [5.6, 5.5, 2], "rotation": [0, 0, -20], "uv": [20, 26]}
					]
				},
				{
					"name": "legs",
					"parent": "body",
					"pivot": [0, 0, 0],
					"rotation": [0, 180, 0]
				},
				{
					"name": "leg3",
					"parent": "legs",
					"pivot": [1.5, 3, -2],
					"rotation": [0, 17.5, 0],
					"cubes": [
						{"origin": [-0.2, 3.4, -2.5], "size": [6, 1, 1], "inflate": -0.2, "pivot": [2, 5, -2], "rotation": [0, 0, -45], "uv": [0, 21]},
						{"origin": [5.4, -1, -2.5], "size": [1, 8, 1], "inflate": -0.3, "pivot": [5.6, 5.5, -2], "rotation": [0, 0, -20], "uv": [16, 26]}
					]
				},
				{
					"name": "leg4",
					"parent": "legs",
					"pivot": [1.5, 3, 0],
					"cubes": [
						{"origin": [-0.2, 3.4, -0.5], "size": [6, 1, 1], "inflate": -0.2, "pivot": [2, 5, 0], "rotation": [0, 0, -45], "uv": [18, 20]},
						{"origin": [5.4, -1, -0.5], "size": [1, 8, 1], "inflate": -0.3, "pivot": [5.6, 5.5, 0], "rotation": [0, 0, -20], "uv": [12, 26]}
					]
				},
				{
					"name": "leg5",
					"parent": "legs",
					"pivot": [1.5, 3.4, 2],
					"rotation": [0, -17.5, 0],
					"cubes": [
						{"origin": [-0.2, 3.8, 1.5], "size": [6, 1, 1], "inflate": -0.2, "pivot": [2, 5.4, 2], "rotation": [0, 0, -45], "uv": [18, 6]},
						{"origin": [5.4, -0.6, 1.5], "size": [1, 8, 1], "inflate": -0.3, "pivot": [5.6, 5.9, 2], "rotation": [0, 0, -20], "uv": [26, 8]}
					]
				}
			]
		}
	]
}