{
	"format_version": "1.12.0",
	"minecraft:geometry": [
		{
			"description": {
				"identifier": "geometry.antelope",
				"texture_width": 128,
				"texture_height": 128,
				"visible_bounds_width": 4,
				"visible_bounds_height": 3.5,
				"visible_bounds_offset": [0, 1.25, 0]
			},
			"bones": [
				{
					"name": "bone",
					"pivot": [0, 0, 0],
					"cubes": [
						{"origin": [-4, 9, -8], "size": [8, 10, 16], "uv": [0, 0]},
						{"origin": [-2, 14.8, -10], "size": [4, 4, 2], "uv": [0, 0]}
					]
				},
				{
					"name": "head",
					"pivot": [0, 15, 7],
					"cubes": [
						{"origin": [-2, 14, 3], "size": [4, 10, 6], "pivot": [0, 15, 7], "rotation": [-30, 0, 0], "uv": [108, 0]},
						{"origin": [-3, 24, 3], "size": [6, 6, 8], "pivot": [0, 15, 7], "rotation": [-30, 0, 0], "uv": [70, 0]},
						{"origin": [-6, 28, 3], "size": [3, 2, 1], "pivot": [0, 15, 7], "rotation": [-30, 0, 0], "uv": [70, 29]},
						{"origin": [3, 28, 3], "size": [3, 2, 1], "pivot": [0, 15, 7], "rotation": [-30, 0, 0], "uv": [70, 29]},
						{"origin": [2, 30, -7], "size": [1, 1, 10], "pivot": [0, 15, 7], "rotation": [-30, 0, 0], "uv": [0, 32]},
						{"origin": [1, 30, 3], "size": [2, 1, 4], "pivot": [0, 15, 7], "rotation": [-30, 0, 0], "uv": [52, 0]},
						{"origin": [-3, 30, -7], "size": [1, 1, 10], "pivot": [0, 15, 7], "rotation": [-30, 0, 0], "uv": [0, 32]},
						{"origin": [-3, 30, 3], "size": [2, 1, 4], "pivot": [0, 15, 7], "rotation": [-30, 0, 0], "uv": [52, 0]},
						{"origin": [-2.5, 24.5, 11], "size": [5, 5, 3], "pivot": [0, 15, 7], "rotation": [-30, 0, 0], "uv": [51, 12]}
					]
				},
				{
					"name": "leg0",
					"pivot": [-2.1, 11, 6.1],
					"cubes": [
						{"origin": [-5.1, 7.1, 4.1], "size": [4, 6, 4], "uv": [0, 76]},
						{"origin": [-4.6, 0.2, 4.5], "size": [3, 7, 3], "inflate": 0.2, "uv": [0, 102]},
						{"origin": [-4.6, 0.2, 7.9], "size": [3, 2, 1], "inflate": 0.2, "uv": [0, 112]}
					]
				},
				{
					"name": "leg1",
					"pivot": [4.1, 11, 6.1],
					"cubes": [
						{"origin": [1.1, 7.1, 4.1], "size": [4, 6, 4], "uv": [0, 76]},
						{"origin": [1.6, 0.2, 4.5], "size": [3, 7, 3], "inflate": 0.2, "uv": [0, 102]},
						{"origin": [1.6, 0.2, 7.9], "size": [3, 2, 1], "inflate": 0.2, "uv": [0, 112]}
					]
				},
				{
					"name": "leg2",
					"pivot": [-2.1, 11, -6.1],
					"cubes": [
						{"origin": [-5.1, 7.1, -8.1], "size": [4, 6, 4], "uv": [0, 76]},
						{"origin": [-4.6, 0.2, -7.7], "size": [3, 7, 3], "inflate": 0.2, "uv": [0, 102]},
						{"origin": [-4.6, 0.2, -4.3], "size": [3, 2, 1], "inflate": 0.2, "uv": [0, 112]}
					]
				},
				{
					"name": "leg3",
					"pivot": [4.1, 11, -6.1],
					"cubes": [
						{"origin": [1.1, 7.1, -8.1], "size": [4, 6, 4], "uv": [0, 76]},
						{"origin": [1.6, 0.2, -7.7], "size": [3, 7, 3], "inflate": 0.2, "uv": [0, 102]},
						{"origin": [1.6, 0.2, -4.3], "size": [3, 2, 1], "inflate": 0.2, "uv": [0, 112]}
					]
				}
			]
		}
	]
}