{
	"format_version": "1.12.0",
	"minecraft:geometry": [
		{
			"description": {
				"identifier": "geometry.ballena",
				"texture_width": 128,
				"texture_height": 128,
				"visible_bounds_width": 8,
				"visible_bounds_height": 2.5,
				"visible_bounds_offset": [0, 0.75, 0]
			},
			"bones": [
				{
					"name": "whale",
					"pivot": [0, 0, 0],
					"cubes": [
						{"origin": [-5, 0, -27], "size": [9, 11, 16], "inflate": 0.025, "uv": [0, 0]},
						{"origin": [-1.5, 10.4, -23], "size": [2, 1, 2], "inflate": 0.1, "uv": [0, 0]}
					]
				},
				{
					"name": "tail0000",
					"parent": "whale",
					"pivot": [-0.5, 5.5, -11],
					"cubes": [
						{"origin": [-5, 0, -11], "size": [9, 11, 20], "inflate": 0.35, "uv": [0, 93]}
					]
				},
				{
					"name": "tail000",
					"parent": "tail0000",
					"pivot": [-0.5, 6, 11.5],
					"cubes": [
						{"origin": [-5, 0, 9], "size": [9, 11, 12], "inflate": 0.15, "uv": [0, 48]}
					]
				},
				{
					"name": "tail0_0",
					"parent": "tail000",
					"pivot": [0, 5, 21],
					"cubes": [
						{"origin": [-4.5, 0.5, 20], "size": [8, 10, 8], "pivot": [0, 9.5, 21], "rotation": [-12.5, 0, 0], "uv": [70, 28]}
					]
				},
				{
					"name": "tail0",
					"parent": "tail0_0",
					"pivot": [0, 5, 27],
					"cubes": [
						{"origin": [-4, 0.5, 27.4], "size": [7, 9, 8], "pivot": [0, 9.5, 21], "rotation": [-7.5, 0, 0], "uv": [71, 10]}
					]
				},
				{
					"name": "tail1",
					"parent": "tail0",
					"pivot": [0, 4, 34.5],
					"rotation": [-12.5, 0, 0],
					"cubes": [
						{"origin": [-8.5, -0.1, 35], "size": [8, 1, 13], "pivot": [-6.5, 0.4, 41.1], "rotation": [0, -45, 0], "uv": [29, 66]},
						{"origin": [-0.5, -0.1, 39], "size": [12, 1, 8], "pivot": [5.5, 0.4, 41.1], "rotation": [0, -45, 0], "uv": [71, 1]},
						{"origin": [-3.5, -1.1, 34.1], "size": [6, 8, 7], "uv": [0, 71]}
					]
				},
				{
					"name": "aleta0",
					"parent": "whale",
					"pivot": [4, 1.5, -21],
					"rotation": [0, 0, 30],
					"cubes": [
						{"origin": [14, 1, -25], "size": [7, 1, 8], "inflate": -0.2, "uv": [63, 75]},
						{"origin": [3, 1, -25], "size": [12, 1, 8], "uv": [58, 66]}
					]
				},
				{
					"name": "aleta1",
					"parent": "whale",
					"pivot": [-5, 1.5, -21],
					"rotation": [0, 0, -30],
					"cubes": [
						{"origin": [-23, 1, -25], "size": [7, 1, 8], "inflate": -0.2, "uv": [72, 49]},
						{"origin": [-17, 1, -25], "size": [12, 1, 8], "uv": [34, 0]}
					]
				},
				{
					"name": "cabeza",
					"parent": "whale",
					"pivot": [0, 0, -16],
					"cubes": [
						{"origin": [-5, 9.675, -44.7], "size": [9, 1, 18], "inflate": -0.02, "pivot": [-0.5, 9.5, -27], "rotation": [12.5, 0, 0], "uv": [35, 9]},
						{"origin": [-5, 4.975, -38.7], "size": [9, 5, 12], "inflate": -0.02, "pivot": [-0.5, 9.5, -27], "rotation": [12.5, 0, 0], "uv": [42, 49]},
						{"origin": [-5, 10.2, -44.7], "size": [9, 1, 18], "inflate": -0.25, "pivot": [-0.5, 9.5, -27], "rotation": [12.5, 0, 0], "uv": [34, 30]},
						{"origin": [3, 1.57945, -44.03249], "size": [1, 6, 8], "inflate": -0.025, "pivot": [-0.51667, 6.17112, -39.78249], "rotation": [22.5, 0, 0], "uv": [36, 80]},
						{"origin": [-5, 1.57945, -44.03249], "size": [1, 6, 8], "inflate": -0.025, "pivot": [-0.51667, 6.17112, -39.78249], "rotation": [22.5, 0, 0], "uv": [18, 78]},
						{"origin": [-4.55, 1.60445, -44.08249], "size": [8, 6, 3], "inflate": -0.05, "pivot": [-0.51667, 6.17112, -39.78249], "rotation": [22.5, 0, 0], "uv": [30, 49]},
						{"origin": [-5, 0.5, -43], "size": [9, 4, 17], "inflate": 0.5, "pivot": [-0.5, 1.5, -27], "rotation": [12.5, 0, 0], "uv": [0, 27]}
					]
				},
				{
					"name": "bone",
					"parent": "cabeza",
					"pivot": [-0.5, 1.5, -27]
				},
				{
					"name": "bone2",
					"parent": "cabeza",
					"pivot": [0, 5.36408, -31.95176],
					"rotation": [-45, 0, -180]
				}
			]
		}
	]
}