{
	"format_version": "1.12.0",
	"minecraft:geometry": [
		{
			"description": {
				"identifier": "geometry.bear_v2",
				"texture_width": 128,
				"texture_height": 128,
				"visible_bounds_width": 3,
				"visible_bounds_height": 2.5,
				"visible_bounds_offset": [0, 0.75, 0]
			},
			"bones": [
				{
					"name": "bear",
					"pivot": [0, 0, 0]
				},
				{
					"name": "leg1",
					"parent": "bear",
					"pivot": [-4.5, 14, 6.5],
					"cubes": [
						{"origin": [-6, 6.6, 4.5], "size": [5, 8, 5], "pivot": [-3.5, 11, 8], "rotation": [15, 0, 0], "uv": [48, 49]}
					]
				},
				{
					"name": "leg0_1",
					"parent": "leg1",
					"pivot": [-3.5, 7, 8],
					"cubes": [
						{"origin": [-5.5, 2, 6], "size": [4, 5, 4], "uv": [64, 9]},
						{"origin": [-6, 0, 4.1], "size": [5, 2, 6], "uv": [60, 33]},
						{"origin": [-2, -0.1, 2.1], "size": [1, 2, 3], "inflate": -0.2, "uv": [66, 59]},
						{"origin": [-6, -0.1, 2.1], "size": [1, 2, 3], "inflate": -0.2, "uv": [43, 49]},
						{"origin": [-4.75, -0.1, 2.1], "size": [1, 2, 3], "inflate": -0.2, "uv": [36, 5]},
						{"origin": [-3.25, -0.1, 2.1], "size": [1, 2, 3], "inflate": -0.2, "uv": [0, 5]}
					]
				},
				{
					"name": "leg0",
					"parent": "bear",
					"pivot": [4.5, 14, 6.5],
					"cubes": [
						{"origin": [1, 6.6, 4.5], "size": [5, 8, 5], "pivot": [3.5, 11, 8], "rotation": [15, 0, 0], "uv": [0, 55]}
					]
				},
				{
					"name": "leg0_0",
					"parent": "leg0",
					"pivot": [3.5, 7, 8],
					"cubes": [
						{"origin": [1.5, 2, 6], "size": [4, 5, 4], "uv": [66, 67]},
						{"origin": [1, 0, 4.1], "size": [5, 2, 6], "uv": [14, 62]},
						{"origin": [5, -0.1, 2.1], "size": [1, 2, 3], "inflate": -0.2, "uv": [63, 0]},
						{"origin": [1, -0.1, 2.1], "size": [1, 2, 3], "inflate": -0.2, "uv": [44, 0]},
						{"origin": [2.25, -0.1, 2.1], "size": [1, 2, 3], "inflate": -0.2, "uv": [36, 0]},
						{"origin": [3.75, -0.1, 2.1], "size": [1, 2, 3], "inflate": -0.2, "uv": [0, 0]}
					]
				},
				{
					"name": "body",
					"parent": "bear",
					"pivot": [0, 13, 8],
					"cubes": [
						{"origin": [-6, 8.6, -9.1], "size": [12, 10, 12], "uv": [0, 0]},
						{"origin": [-5, 17.3, -8.9], "size": [10, 3, 6], "inflate": 0.4, "pivot": [0, 18.6, 2.9], "rotation": [8, 0, 0], "uv": [32, 22]},
						{"origin": [-5.5, 8.5, 2], "size": [11, 9, 10], "pivot": [0, 13, 6.5], "rotation": [-10, 0, 0], "uv": [0, 22]},
						{"origin": [-1, 11.46788, 11.39719], "size": [2, 2, 2], "inflate": 0.1, "pivot": [0, 12.46788, 11.39719], "rotation": [15, 0, 0], "uv": [58, 21]}
					]
				},
				{
					"name": "head",
					"parent": "body",
					"pivot": [0, 14.2, -6]
				},
				{
					"name": "cabeza",
					"parent": "head",
					"pivot": [0, 14.2, -6],
					"cubes": [
						{"origin": [-4.5, 12.2, -15], "size": [9, 8, 6], "pivot": [0, 12.2, -13], "rotation": [-22, 0, 0], "uv": [36, 35]},
						{"origin": [-2, 13.8, -22], "size": [4, 3, 4], "uv": [36, 62]},
						{"origin": [-4, 12.2, -18], "size": [8, 8, 6], "uv": [0, 41]},
						{"origin": [3, 20, -14], "size": [3, 3, 1], "pivot": [2.5, 21.7, -13.5], "rotation": [0, -17.5, 37.5], "uv": [50, 31]},
						{"origin": [-6, 19.9, -14], "size": [3, 3, 1], "pivot": [-2.5, 21.7, -13.5], "rotation": [0, 17.5, -37.5], "uv": [42, 31]}
					]
				},
				{
					"name": "boca",
					"parent": "cabeza",
					"pivot": [0, 13.9, -18],
					"cubes": [
						{"origin": [-2, 12.2, -21.8], "size": [4, 2, 4], "inflate": -0.2, "uv": [66, 18]}
					]
				},
				{
					"name": "leg2",
					"parent": "body",
					"pivot": [2.7, 14, -6.7],
					"cubes": [
						{"origin": [1.2, 7, -9.2], "size": [5, 8, 5], "uv": [28, 49]}
					]
				},
				{
					"name": "leg0_2",
					"parent": "leg2",
					"pivot": [3.7, 7, -6.7],
					"cubes": [
						{"origin": [1.7, 2, -8.7], "size": [4, 5, 4], "uv": [63, 45]},
						{"origin": [1.2, 0, -10.6], "size": [5, 2, 6], "uv": [58, 25]},
						{"origin": [5.2, -0.1, -12.6], "size": [1, 2, 3], "inflate": -0.2, "uv": [68, 2]},
						{"origin": [1.2, -0.1, -12.6], "size": [1, 2, 3], "inflate": -0.2, "uv": [20, 57]},
						{"origin": [2.45, -0.1, -12.6], "size": [1, 2, 3], "inflate": -0.2, "uv": [28, 43]},
						{"origin": [3.95, -0.1, -12.6], "size": [1, 2, 3], "inflate": -0.2, "uv": [0, 27]}
					]
				},
				{
					"name": "leg3",
					"parent": "body",
					"pivot": [-4.7, 14, -6.7],
					"cubes": [
						{"origin": [-6.2, 7, -9.2], "size": [5, 8, 5], "uv": [48, 0]}
					]
				},
				{
					"name": "leg0_3",
					"parent": "leg3",
					"pivot": [-3.7, 7, -6.7],
					"cubes": [
						{"origin": [-5.7, 2, -8.7], "size": [4, 5, 4], "uv": [54, 62]},
						{"origin": [-6.2, 0, -10.6], "size": [5, 2, 6], "uv": [48, 13]},
						{"origin": [-2.2, -0.1, -12.6], "size": [1, 2, 3], "inflate": -0.2, "uv": [0, 68]},
						{"origin": [-6.2, 0, -12.6], "size": [1, 2, 3], "inflate": -0.2, "uv": [15, 55]},
						{"origin": [-4.95, -0.1, -12.6], "size": [1, 2, 3], "inflate": -0.2, "uv": [22, 41]},
						{"origin": [-3.45, -0.1, -12.6], "size": [1, 2, 3], "inflate": -0.2, "uv": [0, 22]}
					]
				}
			]
		}
	]
}