{
	"format_version": "1.12.0",
	"minecraft:geometry": [
		{
			"description": {
				"identifier": "geometry.bear",
				"texture_width": 128,
				"texture_height": 128,
				"visible_bounds_width": 3,
				"visible_bounds_height": 3,
				"visible_bounds_offset": [0, 0, 0]
			},
			"bones": [
				{
					"name": "head",
					"pivot": [0, 14, -16],
					"mirror": true,
					"cubes": [
						{"origin": [-3.5, 10, -19], "size": [7, 7, 7], "uv": [0, 0]},
						{"origin": [-2.5, 10, -22], "size": [5, 3, 3], "uv": [0, 44]},
						{"origin": [2.5, 16, -17], "size": [2, 2, 1], "uv": [26, 0]},
						{"origin": [-4.5, 16, -17], "size": [2, 2, 1], "uv": [26, 0]}
					]
				},
				{
					"name": "done",
					"pivot": [2, 15, 12],
					"rotation": [90, 0, 0],
					"mirror": true,
					"cubes": [
						{"origin": [-7, 14, 5], "size": [14, 14, 11], "uv": [0, 19]},
						{"origin": [-1, 12, 9], "size": [2, 2, 2], "uv": [18, 33]},
						{"origin": [-6, 28, 5], "size": [12, 12, 10], "uv": [39, 0]}
					]
				},
				{
					"name": "leg0",
					"pivot": [4.5, 10, 6],
					"mirror": true,
					"cubes": [
						{"origin": [2.5, 0, 4], "size": [4, 10, 8], "uv": [50, 22]}
					]
				},
				{
					"name": "leg1",
					"pivot": [-4.5, 10, 6],
					"mirror": true,
					"cubes": [
						{"origin": [-6.5, 0, 4], "size": [4, 10, 8], "uv": [50, 22]}
					]
				},
				{
					"name": "leg2",
					"pivot": [3.5, 10, -8],
					"mirror": true,
					"cubes": [
						{"origin": [1.5, 0, -10], "size": [4, 10, 6], "uv": [50, 40]}
					]
				},
				{
					"name": "leg3",
					"pivot": [-3.5, 10, -8],
					"mirror": true,
					"cubes": [
						{"origin": [-5.5, 0, -10], "size": [4, 10, 6], "uv": [50, 40]}
					]
				}
			]
		}
	]
}