{
	"format_version": "1.12.0",
	"minecraft:geometry": [
		{
			"description": {
				"identifier": "geometry.buffalo",
				"texture_width": 128,
				"texture_height": 128,
				"visible_bounds_width": 4,
				"visible_bounds_height": 4,
				"visible_bounds_offset": [0, 1, 0]
			},
			"bones": [
				{
					"name": "buffalo",
					"pivot": [0, 0, -3]
				},
				{
					"name": "leg3",
					"parent": "buffalo",
					"pivot": [-5.1, 16, 10],
					"cubes": [
						{"origin": [-7.1, 9.9, 7], "size": [4, 8, 4], "inflate": 1.25, "pivot": [0, 14, 9], "rotation": [20, 0, 0], "uv": [15, 30]},
						{"origin": [-7.1, 0.4, 7.7], "size": [4, 2, 4], "inflate": 0.4, "uv": [13, 15]},
						{"origin": [-6.6, 2.3, 8.5], "size": [3, 8, 3], "inflate": 0.5, "uv": [41, 31]}
					]
				},
				{
					"name": "leg2",
					"parent": "buffalo",
					"pivot": [5.1, 16, 10],
					"cubes": [
						{"origin": [3.1, 9.9, 7], "size": [4, 8, 4], "inflate": 1.25, "pivot": [0, 14, 9], "rotation": [20, 0, 0], "uv": [15, 30]},
						{"origin": [3.1, 0.4, 7.8], "size": [4, 2, 4], "inflate": 0.4, "uv": [13, 15]},
						{"origin": [3.6, 2.3, 8.6], "size": [3, 8, 3], "inflate": 0.5, "uv": [41, 31]}
					]
				},
				{
					"name": "leg1",
					"parent": "buffalo",
					"pivot": [-4.5, 16, -8],
					"cubes": [
						{"origin": [-6.5, 9.9, -11], "size": [4, 8, 4], "inflate": 1, "pivot": [0, 14, -10], "rotation": [20, 0, 0], "uv": [15, 30]},
						{"origin": [-6.5, 0.4, -10.4], "size": [4, 2, 4], "inflate": 0.4, "uv": [13, 15]},
						{"origin": [-6, 2.3, -9.4], "size": [3, 8, 3], "inflate": 0.5, "uv": [41, 31]}
					]
				},
				{
					"name": "leg0",
					"parent": "buffalo",
					"pivot": [4.5, 16, -8],
					"cubes": [
						{"origin": [2.5, 9.9, -11], "size": [4, 8, 4], "inflate": 1, "pivot": [0, 14, -10], "rotation": [20, 0, 0], "uv": [15, 30]},
						{"origin": [2.5, 0.4, -10.4], "size": [4, 2, 4], "inflate": 0.4, "uv": [13, 15]},
						{"origin": [3, 2.3, -9.4], "size": [3, 8, 3], "inflate": 0.5, "uv": [41, 31]}
					]
				},
				{
					"name": "bone",
					"parent": "buffalo",
					"pivot": [0, 14, -12],
					"cubes": [
						{"origin": [-6, 14, -13], "size": [12, 12, 12], "pivot": [0, 14, -13], "rotation": [-10, 0, 0], "uv": [0, 94]},
						{"origin": [-6, 24.7, -13], "size": [12, 3, 12], "inflate": -0.4, "pivot": [0, 14, -13], "rotation": [-10, 0, 0], "uv": [0, 94]},
						{"origin": [-6, 12, -1], "size": [12, 12, 14], "inflate": 0.5, "uv": [56, 90]},
						{"origin": [-6, 24, -1], "size": [12, 2, 14], "inflate": 0.1, "uv": [56, 90]},
						{"origin": [-2, 11, 5], "size": [4, 1, 4], "inflate": 0.25, "uv": [71, 12]},
						{"origin": [-0.5, 21.5, 13], "size": [1, 1, 6], "pivot": [0, 22, 13], "rotation": [-55, 0, 0], "uv": [85, 28]},
						{"origin": [-0.5, 21.5, 19], "size": [1, 1, 4], "inflate": 0.25, "pivot": [0, 22, 13], "rotation": [-55, 0, 0], "uv": [0, 40]},
						{"origin": [-0.5, 21.5, 21.6], "size": [1, 1, 2], "inflate": 0.1, "pivot": [0, 22, 13], "rotation": [-55, 0, 0], "uv": [0, 20]}
					]
				},
				{
					"name": "head",
					"parent": "bone",
					"pivot": [0, 20, -11],
					"cubes": [
						{"origin": [-4, 18, -24], "size": [8, 8, 6], "uv": [0, 0]},
						{"origin": [2, 22, -19], "size": [5, 3, 1], "pivot": [3, 22, -18.5], "rotation": [0, 0, 35], "uv": [0, 15]},
						{"origin": [-7, 22, -19], "size": [5, 3, 1], "pivot": [-3, 22, -18.5], "rotation": [0, 0, -35], "uv": [0, 15]},
						{"origin": [-4, 25, -21], "size": [8, 3, 3], "inflate": 0.1, "uv": [106, 0]},
						{"origin": [3, 25, -21], "size": [4, 3, 3], "inflate": -0.1, "pivot": [3, 25, -20], "rotation": [0, 0, 15], "uv": [0, 33]},
						{"origin": [-7, 25, -21], "size": [4, 3, 3], "inflate": -0.1, "pivot": [-4, 25, -20], "rotation": [0, 0, -15], "uv": [0, 33]},
						{"origin": [8.4, 24.8, -21], "size": [2, 4, 3], "inflate": -0.25, "uv": [74, 29]},
						{"origin": [-10.6, 25.2, -21], "size": [2, 4, 3], "inflate": -0.25, "uv": [74, 29]},
						{"origin": [8.4, 27.3, -21], "size": [2, 4, 3], "inflate": -0.45, "pivot": [9.4, 28.3, -20], "rotation": [0, 0, -15], "uv": [12, 84]},
						{"origin": [-10.6, 27.3, -21], "size": [2, 4, 3], "inflate": -0.45, "pivot": [-9.6, 28.3, -20], "rotation": [0, 0, 15], "uv": [12, 84]},
						{"origin": [7.5, 29.9, -21], "size": [2, 3, 3], "inflate": -0.5, "pivot": [8.5, 30.9, -20], "rotation": [0, 0, -45], "uv": [0, 81]},
						{"origin": [-9.7, 29.9, -21], "size": [2, 3, 3], "inflate": -0.5, "pivot": [-8.7, 30.9, -20], "rotation": [0, 0, 45], "uv": [0, 81]},
						{"origin": [6.5, 24, -21], "size": [4, 3, 3], "inflate": -0.2, "pivot": [7, 24, -20], "rotation": [0, 0, -15], "uv": [63, 0]},
						{"origin": [-10.8, 24.3, -21], "size": [4, 3, 3], "inflate": -0.2, "pivot": [-7, 24, -20], "rotation": [0, 0, 15], "uv": [63, 0]},
						{"origin": [-2.5, 19.4, -27], "size": [5, 3, 3], "uv": [38, 0]},
						{"origin": [-1, 21.7, -27.3], "size": [2, 1, 1], "uv": [0, 47]},
						{"origin": [-2, 18.5, -26.6], "size": [4, 1, 3], "pivot": [-2, 18.9, -20.6], "rotation": [-4, 0, 0], "uv": [77, 100]},
						{"origin": [-2, 22.6, -26.6], "size": [4, 2, 3], "pivot": [-2, 22.6, -20.6], "rotation": [20, 0, 0], "uv": [77, 100]},
						{"origin": [-4, 15.5, -20], "size": [8, 8, 10], "inflate": 0.2, "pivot": [-1, 15, -10], "rotation": [-15, 0, 0], "uv": [0, 62]}
					]
				}
			]
		}
	]
}