{
	"format_version": "1.12.0",
	"minecraft:geometry": [
		{
			"description": {
				"identifier": "geometry.butterfly",
				"texture_width": 64,
				"texture_height": 64,
				"visible_bounds_width": 3,
				"visible_bounds_height": 1.5,
				"visible_bounds_offset": [0, 0.25, 0]
			},
			"bones": [
				{
					"name": "bone",
					"pivot": [0, 0, 0],
					"cubes": [
						{"origin": [-1, 0, -4], "size": [2, 2, 8], "inflate": -0.5, "uv": [0, 54]},
						{"origin": [-1, 0, -4], "size": [2, 2, 2], "inflate": -0.2, "uv": [0, 44]},
						{"origin": [0, 0, -7], "size": [1, 1, 4], "inflate": -0.4, "pivot": [0.5, 0.5, -4.2], "rotation": [0, -25, 0], "uv": [47, 44]},
						{"origin": [0, -1, -7.9], "size": [1, 1, 2], "inflate": -0.38, "pivot": [0.5, 0.5, -4.2], "rotation": [-26, -25, 0], "uv": [49, 46]},
						{"origin": [-1, 0, -7], "size": [1, 1, 4], "inflate": -0.4, "pivot": [-0.5, 0.5, -4.2], "rotation": [0, 25, 0], "uv": [47, 44]},
						{"origin": [-1, -1, -7.9], "size": [1, 1, 2], "inflate": -0.38, "pivot": [-0.5, 0.5, -4.2], "rotation": [-26, 25, 0], "uv": [49, 46]}
					]
				},
				{
					"name": "alas0",
					"pivot": [0, 1, 0],
					"cubes": [
						{"origin": [-10, 0, -5], "size": [10, 1, 10], "uv": [0, 0]}
					]
				},
				{
					"name": "bone2",
					"parent": "alas0",
					"pivot": [0, 1, 0]
				},
				{
					"name": "alas1",
					"pivot": [0, 1, 0],
					"cubes": [
						{"origin": [-10, 2, -5], "size": [10, 1, 10], "pivot": [0, 2, -5], "rotation": [0, 0, -180], "uv": [0, 0]}
					]
				}
			]
		}
	]
}