{
	"format_version": "1.12.0",
	"minecraft:geometry": [
		{
			"description": {
				"identifier": "geometry.capuchin_monkeys",
				"texture_width": 64,
				"texture_height": 64,
				"visible_bounds_width": 3,
				"visible_bounds_height": 2.5,
				"visible_bounds_offset": [0, 0.75, 0]
			},
			"bones": [
				{
					"name": "monkey",
					"pivot": [0, 0, 0]
				},
				{
					"name": "tale",
					"parent": "monkey",
					"pivot": [1.5, 9, 4],
					"rotation": [25, 0, 0],
					"cubes": [
						{"origin": [0.5, 8.1, 4], "size": [1, 1, 5], "inflate": -0.1, "uv": [0, 43]},
						{"origin": [0.5, 8.9, 8], "size": [1, 4, 1], "inflate": -0.1, "uv": [0, 55]},
						{"origin": [0.5, 12.3, 7.5], "size": [1, 4, 1], "inflate": -0.2, "pivot": [1.5, 13.9, 8], "rotation": [25, 0, 0], "uv": [24, 0]}
					]
				},
				{
					"name": "leg3",
					"parent": "monkey",
					"pivot": [-0.5, 8, -2.5],
					"cubes": [
						{"origin": [-1.5, 0.3, -3], "size": [1, 4, 1], "inflate": 0.3, "uv": [0, 0]},
						{"origin": [-2, -0.1, -3.6], "size": [2, 1, 2], "inflate": 0, "uv": [0, 5]},
						{"origin": [-2, 4, -3.5], "size": [2, 4, 2], "inflate": 0.1, "uv": [8, 0]}
					]
				},
				{
					"name": "leg2",
					"parent": "monkey",
					"pivot": [-0.5, 8, 3.5],
					"cubes": [
						{"origin": [-1.5, 0.3, 3], "size": [1, 4, 1], "inflate": 0.3, "uv": [4, 0]},
						{"origin": [-2, -0.1, 2.4], "size": [2, 1, 2], "inflate": 0, "uv": [0, 5]},
						{"origin": [-2, 4, 2.5], "size": [2, 4, 2], "inflate": 0.1, "uv": [16, 0]}
					]
				},
				{
					"name": "leg1",
					"parent": "monkey",
					"pivot": [3.5, 8, 3.5],
					"cubes": [
						{"origin": [2.5, 0.3, 3], "size": [1, 4, 1], "inflate": 0.3, "uv": [4, 0]},
						{"origin": [2, -0.1, 2.4], "size": [2, 1, 2], "inflate": 0, "uv": [0, 5]},
						{"origin": [2, 4, 2.5], "size": [2, 4, 2], "inflate": 0.1, "uv": [16, 0]}
					]
				},
				{
					"name": "leg0",
					"parent": "monkey",
					"pivot": [3.5, 8, -2.5],
					"cubes": [
						{"origin": [2.5, 0.3, -3], "size": [1, 4, 1], "inflate": 0.3, "uv": [0, 0]},
						{"origin": [2, -0.1, -3.6], "size": [2, 1, 2], "inflate": 0, "uv": [0, 5]},
						{"origin": [2, 4, -3.5], "size": [2, 4, 2], "inflate": 0.1, "uv": [8, 0]}
					]
				},
				{
					"name": "bone",
					"parent": "monkey",
					"pivot": [0, 6.7, 2],
					"cubes": [
						{"origin": [-1.5, 5.7, -3.3], "size": [5, 5, 8], "pivot": [0, 10, -3], "rotation": [-12.5, 0, 0], "uv": [0, 11]}
					]
				},
				{
					"name": "head",
					"parent": "bone",
					"pivot": [0.5, 10, -3],
					"cubes": [
						{"origin": [-1.5, 6.5, -8], "size": [5, 5, 5], "inflate": 0.1, "uv": [41, 1]},
						{"origin": [2.5, 8.5, -6], "size": [1, 2, 1], "inflate": 0.1, "pivot": [3.6, 9.5, -6.1], "rotation": [0, 45, 0], "uv": [0, 8]},
						{"origin": [-1.5, 8.5, -6], "size": [1, 2, 1], "inflate": 0.1, "pivot": [-1.6, 9.5, -6.1], "rotation": [0, -45, 0], "uv": [0, 8]},
						{"origin": [-1.5, 6.5, -8.6], "size": [5, 5, 1], "inflate": -0.3, "uv": [28, 0]},
						{"origin": [-0.5, 6.6, -8.9], "size": [3, 3, 1], "inflate": -0.2, "uv": [0, 15]}
					]
				}
			]
		}
	]
}