{
	"format_version": "1.12.0",
	"minecraft:geometry": [
		{
			"description": {
				"identifier": "geometry.caracal",
				"texture_width": 128,
				"texture_height": 128,
				"visible_bounds_width": 4,
				"visible_bounds_height": 3.5,
				"visible_bounds_offset": [0, 1.25, 0]
			},
			"bones": [
				{
					"name": "caracal",
					"pivot": [0, 0, 0]
				},
				{
					"name": "body",
					"parent": "caracal",
					"pivot": [0, 10, -1],
					"cubes": [
						{"origin": [-4.5, 10, -8], "size": [9, 8, 16], "uv": [79, 0]}
					]
				},
				{
					"name": "tail",
					"parent": "body",
					"pivot": [0, 17, 8],
					"rotation": [-37.5, 0, 0],
					"cubes": [
						{"origin": [-0.5, 16.5, 7], "size": [1, 1, 8], "uv": [39, 16]},
						{"origin": [-0.5, 17.3, 14.925], "size": [1, 1, 8], "inflate": -0.025, "pivot": [0, 17, 16], "rotation": [40, 0, 0], "uv": [58, 31]}
					]
				},
				{
					"name": "head",
					"parent": "body",
					"pivot": [0, 16, -8],
					"cubes": [
						{"origin": [-3, 14, -12], "size": [6, 8, 6], "pivot": [0, 19, -9], "rotation": [45, 0, 0], "uv": [0, 113]}
					]
				},
				{
					"name": "cabeza",
					"parent": "head",
					"pivot": [0, 21, -8],
					"cubes": [
						{"origin": [-4, 18, -16], "size": [8, 8, 8], "uv": [23, 0]},
						{"origin": [-2, 20.5, -18], "size": [4, 1, 3], "uv": [71, 25]},
						{"origin": [-1, 21.25, -18.3], "size": [2, 1, 4], "inflate": -0.025, "pivot": [0, 22.5, -16.5], "rotation": [25, 0, 0], "uv": [55, 11]}
					]
				},
				{
					"name": "oreja0",
					"parent": "cabeza",
					"pivot": [-1, 26, -11.5],
					"rotation": [0, 0, -10],
					"cubes": [
						{"origin": [-4, 26, -12], "size": [3, 4, 1], "uv": [82, 3]},
						{"origin": [-3.5, 29.7, -12], "size": [2, 1, 1], "inflate": -0.1, "uv": [82, 3]},
						{"origin": [-2.6, 28.1, -12], "size": [1, 4, 1], "inflate": -0.125, "pivot": [-3.5, 30, -11.5], "rotation": [0, 0, -45], "uv": [75, 11]}
					]
				},
				{
					"name": "oreja1",
					"parent": "cabeza",
					"pivot": [1, 26, -11.5],
					"rotation": [0, 0, 10],
					"cubes": [
						{"origin": [1, 26, -12], "size": [3, 4, 1], "uv": [82, 3]},
						{"origin": [1.5, 29.7, -12], "size": [2, 1, 1], "inflate": -0.1, "uv": [82, 3]},
						{"origin": [1.6, 28.1, -12], "size": [1, 4, 1], "inflate": -0.125, "pivot": [3.5, 30, -11.5], "rotation": [0, 0, 45], "uv": [75, 11]}
					]
				},
				{
					"name": "boca",
					"parent": "cabeza",
					"pivot": [0, 20.5, -15.4],
					"cubes": [
						{"origin": [-2, 19.5, -17.9], "size": [4, 1, 3], "uv": [110, 26]}
					]
				},
				{
					"name": "panuelo",
					"parent": "head",
					"pivot": [0, 17.23223, -7.23223],
					"cubes": [
						{"origin": [-3.5, 16.73223, -10.73223], "size": [7, 2, 7], "pivot": [0, 17.23223, -7.23223], "rotation": [36, 0, 0], "uv": [0, 84]},
						{"origin": [-3.5, 15.73223, -10.73223], "size": [7, 2, 7], "inflate": -0.1, "pivot": [0, 17.23223, -7.23223], "rotation": [36, 0, 0], "uv": [0, 103]},
						{"origin": [-0.5, 14.13223, -10.43223], "size": [2, 2, 1], "pivot": [0, 17.23223, -7.23223], "rotation": [36, 0, 0], "uv": [0, 94]},
						{"origin": [-0.5, 11.13223, -8.43223], "size": [2, 2, 1], "uv": [0, 94]},
						{"origin": [-0.5, 9.13223, -8.43223], "size": [2, 2, 1], "uv": [7, 94]}
					]
				},
				{
					"name": "leg3",
					"parent": "caracal",
					"pivot": [2.5, 10, 6],
					"cubes": [
						{"origin": [1, 0, 6], "size": [3, 6, 3], "uv": [58, 21]},
						{"origin": [1, 5.8, 4.5], "size": [3, 6, 4], "inflate": 0.1, "pivot": [2.5, 9, 7.5], "rotation": [17.5, 0, 0], "uv": [55, 0]},
						{"origin": [1, 0, 5], "size": [3, 2, 1], "uv": [82, 0]}
					]
				},
				{
					"name": "leg2",
					"parent": "caracal",
					"pivot": [-2.5, 10, 6],
					"cubes": [
						{"origin": [-4, 0, 6], "size": [3, 6, 3], "uv": [58, 21]},
						{"origin": [-4, 5.8, 4.5], "size": [3, 6, 4], "inflate": 0.1, "pivot": [-2.5, 9, 7.5], "rotation": [17.5, 0, 0], "uv": [55, 0]},
						{"origin": [-4, 0, 5], "size": [3, 2, 1], "uv": [82, 0]}
					]
				},
				{
					"name": "leg1",
					"parent": "caracal",
					"pivot": [2.5, 10, -6.5],
					"cubes": [
						{"origin": [1, 0, -8], "size": [3, 6, 3], "uv": [58, 21]},
						{"origin": [1, 6, -8], "size": [3, 6, 3], "inflate": 0.1, "uv": [69, 0]},
						{"origin": [1, 0, -9], "size": [3, 2, 1], "uv": [82, 0]}
					]
				},
				{
					"name": "leg0",
					"parent": "caracal",
					"pivot": [-2.5, 10, -6.5],
					"cubes": [
						{"origin": [-4, 0, -8], "size": [3, 6, 3], "uv": [58, 21]},
						{"origin": [-4, 6, -8], "size": [3, 6, 3], "inflate": 0.1, "uv": [69, 0]},
						{"origin": [-4, 0, -9], "size": [3, 2, 1], "uv": [82, 0]}
					]
				}
			]
		}
	]
}