{
	"format_version": "1.12.0",
	"minecraft:geometry": [
		{
			"description": {
				"identifier": "geometry.caracal_scarf",
				"texture_width": 128,
				"texture_height": 128,
				"visible_bounds_width": 4,
				"visible_bounds_height": 3.5,
				"visible_bounds_offset": [0, 1.25, 0]
			},
			"bones": [
				{
					"name": "caracal",
					"pivot": [0, 0, 0]
				},
				{
					"name": "body",
					"parent": "caracal",
					"pivot": [0, 10, -1]
				},
				{
					"name": "head",
					"parent": "body",
					"pivot": [0, 16, -8]
				},
				{
					"name": "panuelo",
					"parent": "head",
					"pivot": [0, 17.23223, -7.23223],
					"cubes": [
						{"origin": [-3.5, 16.73223, -10.73223], "size": [7, 2, 7], "pivot": [0, 17.23223, -7.23223], "rotation": [36, 0, 0], "uv": [0, 84]},
						{"origin": [-3.5, 15.73223, -10.73223], "size": [7, 2, 7], "inflate": -0.1, "pivot": [0, 17.23223, -7.23223], "rotation": [36, 0, 0], "uv": [0, 103]},
						{"origin": [-0.5, 14.13223, -10.43223], "size": [2, 2, 1], "pivot": [0, 17.23223, -7.23223], "rotation": [36, 0, 0], "uv": [0, 94]},
						{"origin": [-0.5, 11.13223, -8.43223], "size": [2, 2, 1], "uv": [0, 94]},
						{"origin": [-0.5, 9.13223, -8.43223], "size": [2, 2, 1], "uv": [7, 94]}
					]
				}
			]
		}
	]
}