{
	"format_version": "1.12.0",
	"minecraft:geometry": [
		{
			"description": {
				"identifier": "geometry.chimpanzee",
				"texture_width": 128,
				"texture_height": 128,
				"visible_bounds_width": 3,
				"visible_bounds_height": 2.5,
				"visible_bounds_offset": [0, 0.75, 0]
			},
			"bones": [
				{
					"name": "chimpanzee",
					"pivot": [0, 0, 1]
				},
				{
					"name": "body",
					"parent": "chimpanzee",
					"pivot": [0, 6.1, 4.8],
					"rotation": [-37.5, 0, 0],
					"cubes": [
						{"origin": [-4, 4.2, -4.4], "size": [8, 8, 6], "uv": [26, 10]},
						{"origin": [-3.5, 4.1, 0.6], "size": [7, 7, 6], "pivot": [0, 8.2, 3.6], "rotation": [-17.5, 0, 0], "uv": [26, 26]}
					]
				},
				{
					"name": "body0",
					"parent": "body",
					"pivot": [0, 6.2, -2.2],
					"rotation": [67.5, 0, 0],
					"cubes": [
						{"origin": [-4.5, 4.1, -10.1], "size": [9, 9, 7], "pivot": [5, 4.1, -4.1], "rotation": [-42.5, 0, 0], "uv": [0, 0]}
					]
				},
				{
					"name": "head",
					"parent": "body0",
					"pivot": [0, 13.1, -4.1],
					"rotation": [-30, 0, 0],
					"cubes": [
						{"origin": [-4, 10.1, -12.1], "size": [8, 7, 8], "uv": [0, 16]},
						{"origin": [0.3, 15.1, -12.3], "size": [3, 1, 1], "inflate": 0.1, "uv": [32, 24]},
						{"origin": [-3.3, 15.1, -12.3], "size": [3, 1, 1], "inflate": 0.1, "uv": [0, 21]},
						{"origin": [-2, 11.85, -13.6], "size": [4, 1, 2], "uv": [40, 39]},
						{"origin": [-2, 10.25, -13], "size": [4, 2, 2], "inflate": 0.05, "pivot": [0, 9.8, -11.65], "rotation": [15, 0, 0], "uv": [12, 32]},
						{"origin": [-1, 12.85, -13.1], "size": [2, 2, 1], "pivot": [0, 12.85, -13.1], "rotation": [-30, 0, 0], "uv": [25, 4]}
					]
				},
				{
					"name": "oreja0",
					"parent": "head",
					"pivot": [4, 13.6, -9.1],
					"rotation": [0, 25, 0],
					"cubes": [
						{"origin": [3.25, 12.1, -9.1], "size": [1, 3, 2], "uv": [0, 16]}
					]
				},
				{
					"name": "oreja1",
					"parent": "head",
					"pivot": [-4, 13.6, -9.1],
					"rotation": [0, -25, 0],
					"cubes": [
						{"origin": [-4.25, 12.1, -9.1], "size": [1, 3, 2], "uv": [0, 0]}
					]
				},
				{
					"name": "arm1",
					"parent": "body0",
					"pivot": [-4.5, 10.3, -5.6],
					"rotation": [-27.5, 0, 0],
					"cubes": [
						{"origin": [-7.2, 4.4, -8.2], "size": [3, 6, 3], "inflate": -0.3, "pivot": [-5.7, 2.1, -5.1], "rotation": [-12.5, 0, 0], "uv": [25, 46]}
					]
				},
				{
					"name": "leg0_2",
					"parent": "arm1",
					"pivot": [-5.75, 5.1, -5.6],
					"cubes": [
						{"origin": [-7.2, -0.65, -7.6], "size": [3, 6, 3], "inflate": -0.1, "uv": [13, 44]},
						{"origin": [-7.2, -1.9, -7.1], "size": [3, 2, 2], "uv": [25, 0]},
						{"origin": [-7.2, -1.9, -5.1], "size": [3, 1, 2], "uv": [46, 28]}
					]
				},
				{
					"name": "arm0",
					"parent": "body0",
					"pivot": [4.5, 10.3, -5.6],
					"rotation": [-30, 0, 0],
					"cubes": [
						{"origin": [4.2, 4.4, -8.2], "size": [3, 6, 3], "inflate": -0.3, "pivot": [5.7, 2.1, -5.1], "rotation": [-12.5, 0, 0], "uv": [48, 0]}
					]
				},
				{
					"name": "leg0_1",
					"parent": "arm0",
					"pivot": [5.75, 5.2, -5.6],
					"cubes": [
						{"origin": [4.2, -0.65, -7.6], "size": [3, 6, 3], "inflate": -0.1, "uv": [0, 47]},
						{"origin": [4.2, -1.9, -7.1], "size": [3, 2, 2], "uv": [46, 24]},
						{"origin": [4.2, -1.9, -5.1], "size": [3, 1, 2], "uv": [48, 9]}
					]
				},
				{
					"name": "leg0",
					"parent": "chimpanzee",
					"pivot": [2.5, 9, 5.5],
					"cubes": [
						{"origin": [0.5, 3.5, 3.5], "size": [4, 5, 4], "inflate": -0.1, "pivot": [3, 4, 6], "rotation": [-12.5, 0, 0], "uv": [32, 0]}
					]
				},
				{
					"name": "leg0_0",
					"parent": "leg0",
					"pivot": [2.5, 4, 5.5],
					"cubes": [
						{"origin": [0.5, 1.25, 3.5], "size": [4, 3, 4], "inflate": -0.25, "uv": [28, 39]},
						{"origin": [0.5, 0, 3.3], "size": [4, 2, 4], "uv": [40, 42]},
						{"origin": [0.5, 0, 2.3], "size": [4, 2, 1], "uv": [37, 48]}
					]
				},
				{
					"name": "leg1",
					"parent": "chimpanzee",
					"pivot": [-2.5, 9, 5.5],
					"cubes": [
						{"origin": [-4.5, 3.5, 3.5], "size": [4, 5, 4], "inflate": -0.1, "pivot": [-2, 4, 6], "rotation": [-12.5, 0, 0], "uv": [0, 32]}
					]
				},
				{
					"name": "le1_0",
					"parent": "leg1",
					"pivot": [-2.5, 4, 5.5],
					"cubes": [
						{"origin": [-4.5, 1.25, 3.5], "size": [4, 3, 4], "inflate": -0.25, "uv": [12, 37]},
						{"origin": [-4.5, 0, 3.3], "size": [4, 2, 4], "uv": [0, 41]},
						{"origin": [-4.5, 0, 2.3], "size": [4, 2, 1], "uv": [48, 12]}
					]
				}
			]
		}
	]
}