{
	"format_version": "1.12.0",
	"minecraft:geometry": [
		{
			"description": {
				"identifier": "geometry.chimpanzee_astronaut_suit",
				"texture_width": 128,
				"texture_height": 128,
				"visible_bounds_width": 3,
				"visible_bounds_height": 2.5,
				"visible_bounds_offset": [0, 0.75, 0]
			},
			"bones": [
				{
					"name": "chimpanzee",
					"pivot": [0, 0, 1]
				},
				{
					"name": "body",
					"parent": "chimpanzee",
					"pivot": [0, 6.1, 4.8],
					"rotation": [-37.5, 0, 0],
					"cubes": [
						{"origin": [-3.5, 4.1, 0.6], "size": [7, 7, 6], "inflate": 0.35, "pivot": [0, 8.2, 3.6], "rotation": [-17.5, 0, 0], "uv": [94, 26]},
						{"origin": [-4, 4.2, -3.4], "size": [8, 8, 5], "inflate": 0.35, "uv": [95, 11]}
					]
				},
				{
					"name": "body0",
					"parent": "body",
					"pivot": [0, 6.2, -2.2],
					"rotation": [67.5, 0, 0],
					"cubes": [
						{"origin": [-4.5, 4.1, -10.1], "size": [9, 9, 7], "inflate": 0.35, "pivot": [5, 4.1, -4.1], "rotation": [-42.5, 0, 0], "uv": [68, 0]}
					]
				},
				{
					"name": "head",
					"parent": "body0",
					"pivot": [0, 13.1, -4.1],
					"rotation": [-30, 0, 0],
					"cubes": [
						{"origin": [-5, 9.1, -12.6], "size": [10, 1, 9], "uv": [90, 82]},
						{"origin": [4.25, 10.1, -8.6], "size": [1, 7, 4], "uv": [118, 96]},
						{"origin": [-5.25, 10.1, -8.6], "size": [1, 7, 4], "uv": [106, 96]},
						{"origin": [-5, 17.1, -12.6], "size": [10, 1, 9], "uv": [90, 70]},
						{"origin": [-5, 10.1, -4.6], "size": [10, 7, 1], "uv": [106, 116]}
					]
				},
				{
					"name": "oreja0",
					"parent": "head",
					"pivot": [4, 13.6, -9.1],
					"rotation": [0, 25, 0]
				},
				{
					"name": "oreja1",
					"parent": "head",
					"pivot": [-4, 13.6, -9.1],
					"rotation": [0, -25, 0]
				},
				{
					"name": "arm1",
					"parent": "body0",
					"pivot": [-4.5, 10.3, -5.6],
					"rotation": [-27.5, 0, 0],
					"cubes": [
						{"origin": [-9.225, 4.4, -9.7], "size": [6, 6, 6], "inflate": -1.95, "pivot": [5.7, 2.1, -5.1], "rotation": [-12.5, 0, 0], "uv": [69, 56]},
						{"origin": [-7.2, 4.4, -8.2], "size": [3, 6, 3], "inflate": 0.05, "pivot": [-5.7, 2.1, -5.1], "rotation": [-12.5, 0, 0], "uv": [93, 46]}
					]
				},
				{
					"name": "leg0_2",
					"parent": "arm1",
					"pivot": [-5.75, 5.1, -5.6],
					"cubes": [
						{"origin": [-7.2, -0.65, -7.6], "size": [3, 6, 3], "inflate": 0.25, "uv": [81, 44]}
					]
				},
				{
					"name": "arm0",
					"parent": "body0",
					"pivot": [4.5, 10.3, -5.6],
					"rotation": [-30, 0, 0],
					"cubes": [
						{"origin": [4.2, 4.4, -8.2], "size": [3, 6, 3], "inflate": 0.05, "pivot": [5.7, 2.1, -5.1], "rotation": [-12.5, 0, 0], "uv": [116, 0]},
						{"origin": [3.225, 4.4, -9.7], "size": [6, 6, 6], "inflate": -1.95, "pivot": [5.7, 2.1, -5.1], "rotation": [-12.5, 0, 0], "uv": [104, 48]}
					]
				},
				{
					"name": "leg0_1",
					"parent": "arm0",
					"pivot": [5.75, 5.2, -5.6],
					"cubes": [
						{"origin": [4.2, -0.65, -7.6], "size": [3, 6, 3], "inflate": 0.25, "uv": [68, 47]}
					]
				},
				{
					"name": "leg0",
					"parent": "chimpanzee",
					"pivot": [2.5, 9, 5.5],
					"cubes": [
						{"origin": [0.5, 3.5, 3.5], "size": [4, 5, 4], "inflate": 0.25, "pivot": [3, 4, 6], "rotation": [-12.5, 0, 0], "uv": [100, 0]}
					]
				},
				{
					"name": "leg0_0",
					"parent": "leg0",
					"pivot": [2.5, 4, 5.5],
					"cubes": [
						{"origin": [0.5, 1.25, 3.5], "size": [4, 3, 4], "inflate": 0.1, "uv": [96, 39]}
					]
				},
				{
					"name": "leg1",
					"parent": "chimpanzee",
					"pivot": [-2.5, 9, 5.5],
					"cubes": [
						{"origin": [-4.5, 3.5, 3.5], "size": [4, 5, 4], "inflate": 0.25, "pivot": [-2, 4, 6], "rotation": [-12.5, 0, 0], "uv": [68, 32]}
					]
				},
				{
					"name": "le1_0",
					"parent": "leg1",
					"pivot": [-2.5, 4, 5.5],
					"cubes": [
						{"origin": [-4.5, 1.25, 3.5], "size": [4, 3, 4], "inflate": 0.1, "uv": [80, 37]}
					]
				}
			]
		}
	]
}