{
	"format_version": "1.12.0",
	"minecraft:geometry": [
		{
			"description": {
				"identifier": "geometry.clam",
				"texture_width": 64,
				"texture_height": 64,
				"visible_bounds_width": 2,
				"visible_bounds_height": 1,
				"visible_bounds_offset": [0, 0, 0]
			},
			"bones": [
				{
					"name": "bone",
					"pivot": [0, 0, 3],
					"cubes": [
						{"origin": [-2, 0, -5], "size": [4, 1, 8], "inflate": 0.01, "uv": [0, 24]},
						{"origin": [-1, 0.1, -4], "size": [5, 1, 6], "inflate": -0.1, "pivot": [1, 0, 0], "rotation": [0, -35, 0], "uv": [42, 21]},
						{"origin": [-4, 0.1, -4], "size": [5, 1, 6], "inflate": -0.1, "pivot": [-1, 0, 0], "rotation": [0, 35, 0], "uv": [42, 21]}
					]
				},
				{
					"name": "bone2",
					"pivot": [0, 1, 3],
					"cubes": [
						{"origin": [-2, 1, -5], "size": [4, 1, 8], "inflate": 0.01, "uv": [0, 0]},
						{"origin": [-1, 0.9, -4], "size": [5, 1, 6], "inflate": -0.1, "pivot": [1, 1, 0], "rotation": [0, -35, 0], "uv": [42, 0]},
						{"origin": [-4, 0.9, -4], "size": [5, 1, 6], "inflate": -0.1, "pivot": [-1, 1, 0], "rotation": [0, 35, 0], "uv": [42, 0]}
					]
				},
				{
					"name": "bone3",
					"pivot": [0, 0, 3],
					"rotation": [0, -45, 0],
					"cubes": [
						{"origin": [-2, 0, 3], "size": [2, 1, 3], "pivot": [0, 0, 3], "rotation": [-15, 0, 0], "uv": [0, 60]}
					]
				},
				{
					"name": "bone4",
					"pivot": [0, 0, 3],
					"rotation": [0, 45, 0],
					"cubes": [
						{"origin": [0, 0, 3], "size": [2, 1, 3], "pivot": [0, 0, 3], "rotation": [-15, 0, 0], "uv": [0, 60]}
					]
				},
				{
					"name": "pearl",
					"pivot": [0, -1, -1],
					"cubes": [
						{"origin": [-1, 0, -1], "size": [2, 2, 2], "inflate": -0.1, "uv": [0, 24]}
					]
				}
			]
		}
	]
}