{
	"format_version": "1.12.0",
	"minecraft:geometry": [
		{
			"description": {
				"identifier": "geometry.coco_3d",
				"texture_width": 64,
				"texture_height": 64,
				"visible_bounds_width": 3,
				"visible_bounds_height": 2.5,
				"visible_bounds_offset": [0, 0.75, 0]
			},
			"bones": [
				{
					"name": "bone",
					"pivot": [0, 0, 0],
					"cubes": [
						{"origin": [-7, 1, -7], "size": [14, 14, 14], "uv": [0, 0]},
						{"origin": [7, 2, -6], "size": [1, 12, 12], "uv": [36, 28]},
						{"origin": [-8, 2, -6], "size": [1, 12, 12], "uv": [36, 28]},
						{"origin": [-6, 2, -8], "size": [12, 12, 1], "uv": [0, 28]},
						{"origin": [-6, 2, 7], "size": [12, 12, 1], "uv": [0, 28]},
						{"origin": [-6, 0, -6], "size": [12, 1, 12], "uv": [0, 51]},
						{"origin": [-6, 15, -6], "size": [12, 1, 12], "uv": [0, 51]}
					]
				}
			]
		}
	]
}