{
	"format_version": "1.12.0",
	"minecraft:geometry": [
		{
			"description": {
				"identifier": "geometry.crab_v2",
				"texture_width": 64,
				"texture_height": 64,
				"visible_bounds_width": 3,
				"visible_bounds_height": 1.5,
				"visible_bounds_offset": [0, 0.25, 0]
			},
			"bones": [
				{
					"name": "crab",
					"pivot": [0, 0, 0],
					"cubes": [
						{"origin": [-4, 2, -4], "size": [8, 3, 8], "uv": [0, 0]},
						{"origin": [1, 4.6, -4], "size": [1, 1, 1], "inflate": -0.1, "pivot": [1.5, 5, -3.5], "rotation": [15.27269, -8.64738, 28.83844], "uv": [27, 6]},
						{"origin": [-2, 4.6, -4], "size": [1, 1, 1], "inflate": -0.1, "pivot": [-1.5, 5, -3.5], "rotation": [15.27269, 8.64738, -28.83844], "uv": [18, 15]},
						{"origin": [-2.2, 4.75, -4], "size": [1, 2, 1], "inflate": -0.2, "pivot": [-1.5, 5, -3.5], "rotation": [17.43745, 1.50179, -4.76968], "uv": [9, 18]},
						{"origin": [1.2, 4.75, -4], "size": [1, 2, 1], "inflate": -0.2, "pivot": [1.5, 5, -3.5], "rotation": [17.43745, -1.50179, 4.76968], "uv": [24, 4]},
						{"origin": [-3, 5, -3], "size": [6, 1, 6], "uv": [0, 11]}
					]
				},
				{
					"name": "arm1",
					"parent": "crab",
					"pivot": [3, 3, -4],
					"rotation": [0, -42.5, 0],
					"cubes": [
						{"origin": [1, 3, -9.1], "size": [3, 1, 3], "inflate": 0.2, "uv": [18, 11]},
						{"origin": [1, 2, -9.1], "size": [3, 1, 3], "uv": [21, 15]},
						{"origin": [2, 2, -6.7], "size": [2, 2, 3], "inflate": -0.2, "pivot": [3, 3, -4], "rotation": [1.63851, -0.81924, -0.81445], "uv": [0, 22]}
					]
				},
				{
					"name": "arm0",
					"parent": "crab",
					"pivot": [-3, 3, -4],
					"rotation": [0, 42.5, 0],
					"cubes": [
						{"origin": [-4, 2, -6.7], "size": [2, 2, 3], "inflate": -0.2, "uv": [21, 19]},
						{"origin": [-4, 3, -9.1], "size": [3, 1, 3], "inflate": 0.2, "uv": [0, 18]},
						{"origin": [-4, 2, -9.1], "size": [3, 1, 3], "uv": [12, 18]}
					]
				},
				{
					"name": "legs",
					"parent": "crab",
					"pivot": [0, 0, 0]
				},
				{
					"name": "leg3",
					"parent": "legs",
					"pivot": [4, 3, -1],
					"rotation": [0, 7.5, 0],
					"cubes": [
						{"origin": [4, 3, -1.5], "size": [3, 1, 1], "pivot": [4, 3, -1], "rotation": [0, 0, 2.5], "uv": [7, 22]},
						{"origin": [7.1, -0.2, -1.5], "size": [1, 4, 1], "inflate": -0.1, "pivot": [7, 0, -1], "rotation": [0, 0, -10], "uv": [25, 24]}
					]
				},
				{
					"name": "leg2",
					"parent": "legs",
					"pivot": [4, 3, -3],
					"rotation": [0, 17.5, 0],
					"cubes": [
						{"origin": [4, 3, -3.5], "size": [3, 1, 1], "pivot": [4, 3, -3], "rotation": [0, 0, 2.5], "uv": [14, 23]},
						{"origin": [7.1, -0.2, -3.5], "size": [1, 4, 1], "inflate": -0.1, "pivot": [7, 0, -3], "rotation": [0, 0, -10], "uv": [0, 27]}
					]
				},
				{
					"name": "leg1",
					"parent": "legs",
					"pivot": [4, 3, 3],
					"rotation": [0, -17.5, 0],
					"cubes": [
						{"origin": [4, 3, 2.5], "size": [3, 1, 1], "pivot": [4, 3, 3], "rotation": [0, 0, 2.5], "uv": [24, 0]},
						{"origin": [7.1, -0.2, 2.5], "size": [1, 4, 1], "inflate": -0.1, "pivot": [7, 0, 3], "rotation": [0, 0, -10], "uv": [4, 27]}
					]
				},
				{
					"name": "leg0",
					"parent": "legs",
					"pivot": [4, 3, 1],
					"rotation": [0, -12.5, 0],
					"cubes": [
						{"origin": [4, 3, 0.5], "size": [3, 1, 1], "pivot": [4, 3, 1], "rotation": [0, 0, 2.5], "uv": [24, 2]},
						{"origin": [7.1, -0.2, 0.5], "size": [1, 4, 1], "inflate": -0.1, "pivot": [7, 0, 1], "rotation": [0, 0, -10], "uv": [18, 28]}
					]
				},
				{
					"name": "legs2",
					"parent": "crab",
					"pivot": [0, 0, 0],
					"rotation": [0, 180, 0]
				},
				{
					"name": "leg4",
					"parent": "legs2",
					"pivot": [4, 3, -1],
					"rotation": [0, 7.5, 0],
					"cubes": [
						{"origin": [4, 3, -1.5], "size": [3, 1, 1], "pivot": [4, 3, -1], "rotation": [0, 0, 2.5], "uv": [0, 6]},
						{"origin": [7.1, -0.2, -1.5], "size": [1, 4, 1], "inflate": -0.1, "pivot": [7, 0, -1], "rotation": [0, 0, -10], "uv": [14, 25]}
					]
				},
				{
					"name": "leg5",
					"parent": "legs2",
					"pivot": [4, 3, -3],
					"rotation": [0, 17.5, 0],
					"cubes": [
						{"origin": [4, 3, -3.5], "size": [3, 1, 1], "pivot": [4, 3, -3], "rotation": [0, 0, 2.5], "uv": [0, 4]},
						{"origin": [7.1, -0.2, -3.5], "size": [1, 4, 1], "inflate": -0.1, "pivot": [7, 0, -3], "rotation": [0, 0, -10], "uv": [21, 24]}
					]
				},
				{
					"name": "leg6",
					"parent": "legs2",
					"pivot": [4, 3, 3],
					"rotation": [0, -17.5, 0],
					"cubes": [
						{"origin": [4, 3, 2.5], "size": [3, 1, 1], "pivot": [4, 3, 3], "rotation": [0, 0, 2.5], "uv": [0, 2]},
						{"origin": [7.1, -0.2, 2.5], "size": [1, 4, 1], "inflate": -0.1, "pivot": [7, 0, 3], "rotation": [0, 0, -10], "uv": [10, 24]}
					]
				},
				{
					"name": "leg7",
					"parent": "legs2",
					"pivot": [4, 3, 1],
					"rotation": [0, -12.5, 0],
					"cubes": [
						{"origin": [4, 3, 0.5], "size": [3, 1, 1], "pivot": [4, 3, 1], "rotation": [0, 0, 2.5], "uv": [0, 0]},
						{"origin": [7.1, -0.2, 0.5], "size": [1, 4, 1], "inflate": -0.1, "pivot": [7, 0, 1], "rotation": [0, 0, -10], "uv": [0, 11]}
					]
				}
			]
		}
	]
}