{
	"format_version": "1.12.0",
	"minecraft:geometry": [
		{
			"description": {
				"identifier": "geometry.crab",
				"texture_width": 64,
				"texture_height": 64,
				"visible_bounds_width": 3,
				"visible_bounds_height": 2.5,
				"visible_bounds_offset": [0, 0.75, 0]
			},
			"bones": [
				{
					"name": "bone",
					"pivot": [0, 2, 0],
					"cubes": [
						{"origin": [-5, 2, -5], "size": [10, 4, 10], "uv": [0, 0]},
						{"origin": [1, 3, -9], "size": [4, 2, 4], "pivot": [5, 2, -5], "rotation": [0, -20, 0], "uv": [0, 25]},
						{"origin": [1, 2, -8], "size": [4, 1, 3], "pivot": [5, 2, -5], "rotation": [0, -20, 0], "uv": [50, 34]},
						{"origin": [-5, 3, -9], "size": [4, 2, 4], "pivot": [-5, 2, -5], "rotation": [0, 15, 0], "uv": [0, 25]},
						{"origin": [-5, 2, -8], "size": [4, 1, 3], "pivot": [-5, 2, -5], "rotation": [0, 15, 0], "uv": [50, 34]},
						{"origin": [-4, 6, -4], "size": [8, 2, 8], "uv": [0, 54]},
						{"origin": [2, 6, -3.8], "size": [1, 4, 1], "uv": [0, 0]},
						{"origin": [-3, 6, -3.8], "size": [1, 4, 1], "uv": [0, 0]}
					]
				},
				{
					"name": "leg0",
					"pivot": [5, 3, -3],
					"cubes": [
						{"origin": [4, 3, -3.5], "size": [4, 1, 1], "inflate": -0.15, "pivot": [5, 3, -3], "rotation": [0, 0, 15], "uv": [54, 0]},
						{"origin": [7.25, -0.15, -3.5], "size": [1, 3, 1], "inflate": -0.25, "pivot": [7.5, 3, -3], "rotation": [0, 0, -10], "uv": [60, 28]}
					]
				},
				{
					"name": "leg1",
					"pivot": [5, 3, -1],
					"cubes": [
						{"origin": [4, 3, -1.5], "size": [4, 1, 1], "inflate": -0.15, "pivot": [5, 3, -1], "rotation": [0, 0, 15], "uv": [54, 0]},
						{"origin": [7.25, -0.15, -1.5], "size": [1, 3, 1], "inflate": -0.25, "pivot": [7.5, 3, -1], "rotation": [0, 0, -10], "uv": [60, 28]}
					]
				},
				{
					"name": "leg2",
					"pivot": [5, 3, 1],
					"cubes": [
						{"origin": [4, 3, 0.5], "size": [4, 1, 1], "inflate": -0.15, "pivot": [5, 3, 1], "rotation": [0, 0, 15], "uv": [54, 0]},
						{"origin": [7.25, -0.15, 0.5], "size": [1, 3, 1], "inflate": -0.25, "pivot": [7.5, 3, 1], "rotation": [0, 0, -10], "uv": [60, 28]}
					]
				},
				{
					"name": "leg3",
					"pivot": [5, 3, 3],
					"cubes": [
						{"origin": [4, 3, 2.5], "size": [4, 1, 1], "inflate": -0.15, "pivot": [5, 3, 3], "rotation": [0, 0, 15], "uv": [54, 0]},
						{"origin": [7.25, -0.15, 2.5], "size": [1, 3, 1], "inflate": -0.25, "pivot": [7.5, 3, 3], "rotation": [0, 0, -10], "uv": [60, 28]}
					]
				},
				{
					"name": "leg4",
					"pivot": [-5, 3, -3],
					"cubes": [
						{"origin": [-8, 3, -3.5], "size": [4, 1, 1], "inflate": -0.15, "pivot": [-5, 3, -3], "rotation": [0, 0, -15], "uv": [54, 0]},
						{"origin": [-8.25, -0.15, -3.5], "size": [1, 3, 1], "inflate": -0.25, "pivot": [-7.5, 3, -3], "rotation": [0, 0, 10], "uv": [60, 28]}
					]
				},
				{
					"name": "leg5",
					"pivot": [-5, 3, -1],
					"cubes": [
						{"origin": [-8, 3, -1.5], "size": [4, 1, 1], "inflate": -0.15, "pivot": [-5, 3, -1], "rotation": [0, 0, -15], "uv": [54, 0]},
						{"origin": [-8.25, -0.15, -1.5], "size": [1, 3, 1], "inflate": -0.25, "pivot": [-7.5, 3, -1], "rotation": [0, 0, 10], "uv": [60, 28]}
					]
				},
				{
					"name": "leg6",
					"pivot": [-5, 3, 1],
					"cubes": [
						{"origin": [-8, 3, 0.5], "size": [4, 1, 1], "inflate": -0.15, "pivot": [-5, 3, 1], "rotation": [0, 0, -15], "uv": [54, 0]},
						{"origin": [-8.25, -0.15, 0.5], "size": [1, 3, 1], "inflate": -0.25, "pivot": [-7.5, 3, 1], "rotation": [0, 0, 10], "uv": [60, 28]}
					]
				},
				{
					"name": "leg7",
					"pivot": [-5, 3, 3],
					"cubes": [
						{"origin": [-8, 3, 2.5], "size": [4, 1, 1], "inflate": -0.15, "pivot": [-5, 3, 3], "rotation": [0, 0, -15], "uv": [54, 0]},
						{"origin": [-8.25, -0.15, 2.5], "size": [1, 3, 1], "inflate": -0.25, "pivot": [-7.5, 3, 3], "rotation": [0, 0, 10], "uv": [60, 28]}
					]
				}
			]
		}
	]
}