{
	"format_version": "1.12.0",
	"minecraft:geometry": [
		{
			"description": {
				"identifier": "geometry.crocodile",
				"texture_width": 128,
				"texture_height": 128,
				"visible_bounds_width": 9,
				"visible_bounds_height": 2.5,
				"visible_bounds_offset": [0, 0.75, 0]
			},
			"bones": [
				{
					"name": "bone",
					"pivot": [0, 2, 0],
					"cubes": [
						{"origin": [-5, 2, -8], "size": [10, 9, 24], "uv": [0, 0]},
						{"origin": [4, 10.8, -8], "size": [1, 1, 2], "inflate": -0.2, "uv": [3, 16]},
						{"origin": [-5, 10.8, -8], "size": [1, 1, 2], "inflate": -0.2, "uv": [3, 16]},
						{"origin": [-4, 10.8, -8], "size": [1, 1, 2], "inflate": -0.2, "uv": [3, 16]},
						{"origin": [3, 10.8, -8], "size": [1, 1, 2], "inflate": -0.2, "uv": [3, 16]},
						{"origin": [4, 10.8, 0], "size": [1, 1, 2], "inflate": -0.2, "uv": [3, 16]},
						{"origin": [-5, 10.8, 0], "size": [1, 1, 2], "inflate": -0.2, "uv": [3, 16]},
						{"origin": [-4, 10.8, 0], "size": [1, 1, 2], "inflate": -0.2, "uv": [3, 16]},
						{"origin": [3, 10.8, 0], "size": [1, 1, 2], "inflate": -0.2, "uv": [3, 16]},
						{"origin": [4, 10.8, 8], "size": [1, 1, 2], "inflate": -0.2, "uv": [3, 16]},
						{"origin": [-5, 10.8, 8], "size": [1, 1, 2], "inflate": -0.2, "uv": [3, 16]},
						{"origin": [-4, 10.8, 8], "size": [1, 1, 2], "inflate": -0.2, "uv": [3, 16]},
						{"origin": [3, 10.8, 8], "size": [1, 1, 2], "inflate": -0.2, "uv": [3, 16]},
						{"origin": [4, 10.8, -4], "size": [1, 1, 2], "inflate": -0.2, "uv": [3, 16]},
						{"origin": [-5, 10.8, -4], "size": [1, 1, 2], "inflate": -0.2, "uv": [3, 16]},
						{"origin": [-4, 10.8, -4], "size": [1, 1, 2], "inflate": -0.2, "uv": [3, 16]},
						{"origin": [3, 10.8, -4], "size": [1, 1, 2], "inflate": -0.2, "uv": [3, 16]},
						{"origin": [4, 10.8, 4], "size": [1, 1, 2], "inflate": -0.2, "uv": [3, 16]},
						{"origin": [-5, 10.8, 4], "size": [1, 1, 2], "inflate": -0.2, "uv": [3, 16]},
						{"origin": [-4, 10.8, 4], "size": [1, 1, 2], "inflate": -0.2, "uv": [3, 16]},
						{"origin": [3, 10.8, 4], "size": [1, 1, 2], "inflate": -0.2, "uv": [3, 16]},
						{"origin": [4, 10.8, 12], "size": [1, 1, 2], "inflate": -0.2, "uv": [3, 16]},
						{"origin": [-5, 10.8, 12], "size": [1, 1, 2], "inflate": -0.2, "uv": [3, 16]},
						{"origin": [-4, 10.8, 12], "size": [1, 1, 2], "inflate": -0.2, "uv": [3, 16]},
						{"origin": [3, 10.8, 12], "size": [1, 1, 2], "inflate": -0.2, "uv": [3, 16]},
						{"origin": [4, 10.8, -6], "size": [1, 1, 2], "inflate": -0.2, "uv": [3, 16]},
						{"origin": [-5, 10.8, -6], "size": [1, 1, 2], "inflate": -0.2, "uv": [3, 16]},
						{"origin": [-4, 10.8, -6], "size": [1, 1, 2], "inflate": -0.2, "uv": [3, 16]},
						{"origin": [3, 10.8, -6], "size": [1, 1, 2], "inflate": -0.2, "uv": [3, 16]},
						{"origin": [4, 10.8, 2], "size": [1, 1, 2], "inflate": -0.2, "uv": [3, 16]},
						{"origin": [-5, 10.8, 2], "size": [1, 1, 2], "inflate": -0.2, "uv": [3, 16]},
						{"origin": [-4, 10.8, 2], "size": [1, 1, 2], "inflate": -0.2, "uv": [3, 16]},
						{"origin": [3, 10.8, 2], "size": [1, 1, 2], "inflate": -0.2, "uv": [3, 16]},
						{"origin": [4, 10.8, 10], "size": [1, 1, 2], "inflate": -0.2, "uv": [3, 16]},
						{"origin": [-5, 10.8, 10], "size": [1, 1, 2], "inflate": -0.2, "uv": [3, 16]},
						{"origin": [-4, 10.8, 10], "size": [1, 1, 2], "inflate": -0.2, "uv": [3, 16]},
						{"origin": [3, 10.8, 10], "size": [1, 1, 2], "inflate": -0.2, "uv": [3, 16]},
						{"origin": [4, 10.8, -2], "size": [1, 1, 2], "inflate": -0.2, "uv": [3, 16]},
						{"origin": [-5, 10.8, -2], "size": [1, 1, 2], "inflate": -0.2, "uv": [3, 16]},
						{"origin": [-4, 10.8, -2], "size": [1, 1, 2], "inflate": -0.2, "uv": [3, 16]},
						{"origin": [3, 10.8, -2], "size": [1, 1, 2], "inflate": -0.2, "uv": [3, 16]},
						{"origin": [4, 10.8, 6], "size": [1, 1, 2], "inflate": -0.2, "uv": [3, 16]},
						{"origin": [-5, 10.8, 6], "size": [1, 1, 2], "inflate": -0.2, "uv": [3, 16]},
						{"origin": [-4, 10.8, 6], "size": [1, 1, 2], "inflate": -0.2, "uv": [3, 16]},
						{"origin": [3, 10.8, 6], "size": [1, 1, 2], "inflate": -0.2, "uv": [3, 16]},
						{"origin": [4, 10.8, 14], "size": [1, 1, 2], "inflate": -0.2, "uv": [3, 16]},
						{"origin": [-5, 10.8, 14], "size": [1, 1, 2], "inflate": -0.2, "uv": [3, 16]},
						{"origin": [-4, 10.8, 14], "size": [1, 1, 2], "inflate": -0.2, "uv": [3, 16]},
						{"origin": [3, 10.8, 14], "size": [1, 1, 2], "inflate": -0.2, "uv": [3, 16]}
					]
				},
				{
					"name": "tale1",
					"parent": "bone",
					"pivot": [0, 6, 16],
					"cubes": [
						{"origin": [-4.5, 2.5, 16], "size": [9, 8, 9], "uv": [0, 33]},
						{"origin": [3.5, 10, 16], "size": [1, 1, 2], "inflate": -0.25, "uv": [3, 16]},
						{"origin": [-4.5, 10, 16], "size": [1, 1, 2], "inflate": -0.25, "uv": [3, 16]},
						{"origin": [-3.5, 10, 16], "size": [1, 1, 2], "inflate": -0.25, "uv": [3, 16]},
						{"origin": [2.5, 10, 16], "size": [1, 1, 2], "inflate": -0.25, "uv": [3, 16]},
						{"origin": [3.5, 10, 20], "size": [1, 1, 2], "inflate": -0.25, "uv": [3, 16]},
						{"origin": [-4.5, 10, 20], "size": [1, 1, 2], "inflate": -0.25, "uv": [3, 16]},
						{"origin": [-3.5, 10, 20], "size": [1, 1, 2], "inflate": -0.25, "uv": [3, 16]},
						{"origin": [2.5, 10, 20], "size": [1, 1, 2], "inflate": -0.25, "uv": [3, 16]},
						{"origin": [3.5, 10, 18], "size": [1, 1, 2], "inflate": -0.25, "uv": [3, 16]},
						{"origin": [-4.5, 10, 18], "size": [1, 1, 2], "inflate": -0.25, "uv": [3, 16]},
						{"origin": [-3.5, 10, 18], "size": [1, 1, 2], "inflate": -0.25, "uv": [3, 16]},
						{"origin": [2.5, 10, 18], "size": [1, 1, 2], "inflate": -0.25, "uv": [3, 16]},
						{"origin": [3.5, 10, 22], "size": [1, 1, 2], "inflate": -0.25, "uv": [3, 16]},
						{"origin": [-4.5, 10, 22], "size": [1, 1, 2], "inflate": -0.25, "uv": [3, 16]},
						{"origin": [-3.5, 10, 22], "size": [1, 1, 2], "inflate": -0.25, "uv": [3, 16]},
						{"origin": [2.5, 10, 22], "size": [1, 1, 2], "inflate": -0.25, "uv": [3, 16]}
					]
				},
				{
					"name": "tale2",
					"parent": "bone",
					"pivot": [0, 6, 16],
					"cubes": [
						{"origin": [-4, 3.5, 24], "size": [8, 7, 9], "pivot": [0, 6, 25], "rotation": [-10, 0, 0], "uv": [0, 50]},
						{"origin": [3, 10, 24], "size": [1, 1, 2], "inflate": -0.25, "pivot": [0, 6, 25], "rotation": [-10, 0, 0], "uv": [3, 16]},
						{"origin": [-3, 10, 24], "size": [1, 1, 2], "inflate": -0.25, "pivot": [-6, 6, 25], "rotation": [-10, 0, 0], "uv": [3, 16]},
						{"origin": [2, 10, 24], "size": [1, 1, 2], "inflate": -0.25, "pivot": [-1, 6, 25], "rotation": [-10, 0, 0], "uv": [3, 16]},
						{"origin": [-4, 10, 24], "size": [1, 1, 2], "inflate": -0.25, "pivot": [-7, 6, 25], "rotation": [-10, 0, 0], "uv": [3, 16]},
						{"origin": [3, 10, 28], "size": [1, 1, 2], "inflate": -0.25, "pivot": [0, 6, 25], "rotation": [-10, 0, 0], "uv": [3, 16]},
						{"origin": [-3, 10, 28], "size": [1, 1, 2], "inflate": -0.25, "pivot": [-6, 6, 25], "rotation": [-10, 0, 0], "uv": [3, 16]},
						{"origin": [2, 10, 28], "size": [1, 1, 2], "inflate": -0.25, "pivot": [-1, 6, 25], "rotation": [-10, 0, 0], "uv": [3, 16]},
						{"origin": [-4, 10, 28], "size": [1, 1, 2], "inflate": -0.25, "pivot": [-7, 6, 25], "rotation": [-10, 0, 0], "uv": [3, 16]},
						{"origin": [3, 10, 26], "size": [1, 1, 2], "inflate": -0.25, "pivot": [0, 6, 25], "rotation": [-10, 0, 0], "uv": [3, 16]},
						{"origin": [-3, 10, 26], "size": [1, 1, 2], "inflate": -0.25, "pivot": [-6, 6, 25], "rotation": [-10, 0, 0], "uv": [3, 16]},
						{"origin": [2, 10, 26], "size": [1, 1, 2], "inflate": -0.25, "pivot": [-1, 6, 25], "rotation": [-10, 0, 0], "uv": [3, 16]},
						{"origin": [-4, 10, 26], "size": [1, 1, 2], "inflate": -0.25, "pivot": [-7, 6, 25], "rotation": [-10, 0, 0], "uv": [3, 16]},
						{"origin": [3, 10, 30], "size": [1, 1, 2], "inflate": -0.25, "pivot": [0, 6, 25], "rotation": [-10, 0, 0], "uv": [3, 16]},
						{"origin": [-3, 10, 30], "size": [1, 1, 2], "inflate": -0.25, "pivot": [-6, 6, 25], "rotation": [-10, 0, 0], "uv": [3, 16]},
						{"origin": [2, 10, 30], "size": [1, 1, 2], "inflate": -0.25, "pivot": [-1, 6, 25], "rotation": [-10, 0, 0], "uv": [3, 16]},
						{"origin": [-4, 10, 30], "size": [1, 1, 2], "inflate": -0.25, "pivot": [-7, 6, 25], "rotation": [-10, 0, 0], "uv": [3, 16]}
					]
				},
				{
					"name": "tale3",
					"parent": "bone",
					"pivot": [0, 6, 16],
					"cubes": [
						{"origin": [-3.5, 3.25, 32], "size": [7, 6, 8], "pivot": [-1, 6, 32], "rotation": [-15, 0, 0], "uv": [0, 68]},
						{"origin": [2.5, 8.75, 33], "size": [1, 1, 2], "inflate": -0.25, "pivot": [-1, 6, 32], "rotation": [-15, 0, 0], "uv": [3, 16]},
						{"origin": [-3.5, 8.75, 33], "size": [1, 1, 2], "inflate": -0.25, "pivot": [-7, 6, 32], "rotation": [-15, 0, 0], "uv": [3, 16]},
						{"origin": [2.5, 8.75, 37], "size": [1, 1, 2], "inflate": -0.25, "pivot": [-1, 6, 32], "rotation": [-15, 0, 0], "uv": [3, 16]},
						{"origin": [-3.5, 8.75, 37], "size": [1, 1, 2], "inflate": -0.25, "pivot": [-7, 6, 32], "rotation": [-15, 0, 0], "uv": [3, 16]},
						{"origin": [2.5, 8.75, 35], "size": [1, 1, 2], "inflate": -0.25, "pivot": [-1, 6, 32], "rotation": [-15, 0, 0], "uv": [3, 16]},
						{"origin": [-3.5, 8.75, 35], "size": [1, 1, 2], "inflate": -0.25, "pivot": [-7, 6, 32], "rotation": [-15, 0, 0], "uv": [3, 16]}
					]
				},
				{
					"name": "tale4",
					"parent": "bone",
					"pivot": [0, 6, 16],
					"cubes": [
						{"origin": [-3, 1.5, 40], "size": [6, 5, 7], "pivot": [-2, 5, 40], "rotation": [-15, 0, 0], "uv": [0, 82]},
						{"origin": [-3, 8.25, 44], "size": [1, 1, 2], "inflate": -0.25, "pivot": [-8, 6, 32], "rotation": [-15, 0, 0], "uv": [3, 16]},
						{"origin": [2, 8.25, 44], "size": [1, 1, 2], "inflate": -0.25, "pivot": [-3, 6, 32], "rotation": [-15, 0, 0], "uv": [3, 16]},
						{"origin": [-3, 8.25, 42], "size": [1, 1, 2], "inflate": -0.25, "pivot": [-8, 6, 32], "rotation": [-15, 0, 0], "uv": [3, 16]},
						{"origin": [2, 8.25, 42], "size": [1, 1, 2], "inflate": -0.25, "pivot": [-3, 6, 32], "rotation": [-15, 0, 0], "uv": [3, 16]},
						{"origin": [-3, 8.25, 40], "size": [1, 1, 2], "inflate": -0.25, "pivot": [-8, 6, 32], "rotation": [-15, 0, 0], "uv": [3, 16]},
						{"origin": [2, 8.25, 40], "size": [1, 1, 2], "inflate": -0.25, "pivot": [-3, 6, 32], "rotation": [-15, 0, 0], "uv": [3, 16]}
					]
				},
				{
					"name": "tale5",
					"parent": "bone",
					"pivot": [0, 6, 16],
					"cubes": [
						{"origin": [-2, 0, 46], "size": [4, 4, 6], "uv": [0, 94]},
						{"origin": [1, 3.75, 47.5], "size": [1, 1, 2], "inflate": -0.25, "uv": [3, 16]},
						{"origin": [0.5, 2.75, 52], "size": [1, 1, 2], "inflate": -0.25, "uv": [3, 16]},
						{"origin": [-2, 3.75, 47.5], "size": [1, 1, 2], "inflate": -0.25, "uv": [3, 16]},
						{"origin": [-1.5, 2.75, 52], "size": [1, 1, 2], "inflate": -0.25, "uv": [3, 16]},
						{"origin": [1, 3.75, 49.5], "size": [1, 1, 2], "inflate": -0.25, "uv": [3, 16]},
						{"origin": [0.5, 2.75, 54], "size": [1, 1, 2], "inflate": -0.25, "uv": [3, 16]},
						{"origin": [0.5, 2.75, 56], "size": [1, 1, 2], "inflate": -0.25, "uv": [3, 16]},
						{"origin": [-2, 3.75, 49.5], "size": [1, 1, 2], "inflate": -0.25, "uv": [3, 16]},
						{"origin": [-1.5, 2.75, 54], "size": [1, 1, 2], "inflate": -0.25, "uv": [3, 16]},
						{"origin": [-1.5, 2.75, 56], "size": [1, 1, 2], "inflate": -0.25, "uv": [3, 16]},
						{"origin": [-1.5, 0, 52], "size": [3, 3, 6], "uv": [0, 104]}
					]
				},
				{
					"name": "leg0",
					"parent": "bone",
					"pivot": [5, 5, -4],
					"cubes": [
						{"origin": [3, 3, -6], "size": [5, 4, 4], "pivot": [4, 5, -4], "rotation": [0, -20, 25], "uv": [48, 42]},
						{"origin": [6.8, 3, -6], "size": [5, 3, 4], "inflate": -0.15, "pivot": [4, 5, -4], "rotation": [0, -20, 25], "uv": [48, 50]},
						{"origin": [8, 0, -10], "size": [4, 2, 8], "pivot": [4, 5, -4], "rotation": [0, -20, 0], "uv": [48, 62]},
						{"origin": [11, 0, -12], "size": [1, 2, 3], "inflate": -0.2, "pivot": [4, 5, -4], "rotation": [0, -20, 0], "uv": [44, 0]},
						{"origin": [11, 0, -14], "size": [1, 2, 3], "inflate": -0.3, "pivot": [4, 5, -4], "rotation": [0, -20, 0], "uv": [0, 0]},
						{"origin": [8, 0, -12], "size": [1, 2, 3], "inflate": -0.2, "pivot": [4, 5, -4], "rotation": [0, -20, 0], "uv": [44, 0]},
						{"origin": [8, 0, -14], "size": [1, 2, 3], "inflate": -0.3, "pivot": [4, 5, -4], "rotation": [0, -20, 0], "uv": [0, 0]},
						{"origin": [9.5, 0, -12], "size": [1, 2, 3], "inflate": -0.2, "pivot": [4, 5, -4], "rotation": [0, -20, 0], "uv": [44, 0]},
						{"origin": [9.5, 0, -14], "size": [1, 2, 3], "inflate": -0.3, "pivot": [4, 5, -4], "rotation": [0, -20, 0], "uv": [0, 0]},
						{"origin": [8, 2, -6], "size": [4, 1, 4], "pivot": [4, 5, -4], "rotation": [0, -20, 0], "uv": [48, 57]}
					]
				},
				{
					"name": "leg2",
					"parent": "bone",
					"pivot": [5, 5, 13],
					"cubes": [
						{"origin": [3, 3, 11], "size": [5, 4, 4], "pivot": [4, 5, 13], "rotation": [0, -20, 25], "uv": [48, 42]},
						{"origin": [6.8, 3, 11], "size": [5, 3, 4], "inflate": -0.15, "pivot": [4, 5, 13], "rotation": [0, -20, 25], "uv": [48, 50]},
						{"origin": [8, 0, 7], "size": [4, 2, 8], "pivot": [4, 5, 13], "rotation": [0, -20, 0], "uv": [48, 62]},
						{"origin": [11, 0, 5], "size": [1, 2, 3], "inflate": -0.2, "pivot": [4, 5, 13], "rotation": [0, -20, 0], "uv": [44, 0]},
						{"origin": [11, 0, 3], "size": [1, 2, 3], "inflate": -0.3, "pivot": [4, 5, 13], "rotation": [0, -20, 0], "uv": [0, 0]},
						{"origin": [8, 0, 5], "size": [1, 2, 3], "inflate": -0.2, "pivot": [4, 5, 13], "rotation": [0, -20, 0], "uv": [44, 0]},
						{"origin": [8, 0, 3], "size": [1, 2, 3], "inflate": -0.3, "pivot": [4, 5, 13], "rotation": [0, -20, 0], "uv": [0, 0]},
						{"origin": [9.5, 0, 5], "size": [1, 2, 3], "inflate": -0.2, "pivot": [4, 5, 13], "rotation": [0, -20, 0], "uv": [44, 0]},
						{"origin": [9.5, 0, 3], "size": [1, 2, 3], "inflate": -0.3, "pivot": [4, 5, 13], "rotation": [0, -20, 0], "uv": [0, 0]},
						{"origin": [8, 2, 11], "size": [4, 1, 4], "pivot": [4, 5, 13], "rotation": [0, -20, 0], "uv": [48, 57]}
					]
				},
				{
					"name": "leg3",
					"parent": "bone",
					"pivot": [-5, 7, 13],
					"cubes": [
						{"origin": [-8, 3, 11], "size": [5, 4, 4], "pivot": [-5, 5, 13], "rotation": [0, 20, -25], "uv": [48, 42]},
						{"origin": [-12.2, 3, 11], "size": [5, 3, 4], "inflate": -0.15, "pivot": [-5, 5, 13], "rotation": [0, 20, -25], "uv": [48, 50]},
						{"origin": [-12, 0, 7], "size": [4, 2, 8], "pivot": [-5, 5, 13], "rotation": [0, 20, 0], "uv": [48, 62]},
						{"origin": [-9, 0, 5], "size": [1, 2, 3], "inflate": -0.2, "pivot": [-5, 5, 13], "rotation": [0, 20, 0], "uv": [44, 0]},
						{"origin": [-9, 0, 3], "size": [1, 2, 3], "inflate": -0.3, "pivot": [-5, 5, 13], "rotation": [0, 20, 0], "uv": [0, 0]},
						{"origin": [-12, 0, 5], "size": [1, 2, 3], "inflate": -0.2, "pivot": [-5, 5, 13], "rotation": [0, 20, 0], "uv": [44, 0]},
						{"origin": [-12, 0, 3], "size": [1, 2, 3], "inflate": -0.3, "pivot": [-5, 5, 13], "rotation": [0, 20, 0], "uv": [0, 0]},
						{"origin": [-10.5, 0, 5], "size": [1, 2, 3], "inflate": -0.2, "pivot": [-5, 5, 13], "rotation": [0, 20, 0], "uv": [44, 0]},
						{"origin": [-10.5, 0, 3], "size": [1, 2, 3], "inflate": -0.3, "pivot": [-5, 5, 13], "rotation": [0, 20, 0], "uv": [0, 0]},
						{"origin": [-12, 2, 11], "size": [4, 1, 4], "pivot": [-5, 5, 13], "rotation": [0, 20, 0], "uv": [48, 57]}
					]
				},
				{
					"name": "leg4",
					"parent": "bone",
					"pivot": [-5, 7, -4],
					"cubes": [
						{"origin": [-8, 3, -6], "size": [5, 4, 4], "pivot": [-5, 5, -4], "rotation": [0, 20, -25], "uv": [48, 42]},
						{"origin": [-12.2, 3, -6], "size": [5, 3, 4], "inflate": -0.15, "pivot": [-5, 5, -4], "rotation": [0, 20, -25], "uv": [48, 50]},
						{"origin": [-12, 0, -10], "size": [4, 2, 8], "pivot": [-5, 5, -4], "rotation": [0, 20, 0], "uv": [48, 62]},
						{"origin": [-9, 0, -12], "size": [1, 2, 3], "inflate": -0.2, "pivot": [-5, 5, -4], "rotation": [0, 20, 0], "uv": [44, 0]},
						{"origin": [-9, 0, -14], "size": [1, 2, 3], "inflate": -0.3, "pivot": [-5, 5, -4], "rotation": [0, 20, 0], "uv": [0, 0]},
						{"origin": [-12, 0, -12], "size": [1, 2, 3], "inflate": -0.2, "pivot": [-5, 5, -4], "rotation": [0, 20, 0], "uv": [44, 0]},
						{"origin": [-12, 0, -14], "size": [1, 2, 3], "inflate": -0.3, "pivot": [-5, 5, -4], "rotation": [0, 20, 0], "uv": [0, 0]},
						{"origin": [-10.5, 0, -12], "size": [1, 2, 3], "inflate": -0.2, "pivot": [-5, 5, -4], "rotation": [0, 20, 0], "uv": [44, 0]},
						{"origin": [-10.5, 0, -14], "size": [1, 2, 3], "inflate": -0.3, "pivot": [-5, 5, -4], "rotation": [0, 20, 0], "uv": [0, 0]},
						{"origin": [-12, 2, -6], "size": [4, 1, 4], "pivot": [-5, 5, -4], "rotation": [0, 20, 0], "uv": [48, 57]}
					]
				},
				{
					"name": "head",
					"pivot": [0, 6, -8],
					"cubes": [
						{"origin": [-4, 3, -16], "size": [8, 7, 8], "uv": [96, 0]}
					]
				},
				{
					"name": "boca1",
					"parent": "head",
					"pivot": [0, 6, -8],
					"cubes": [
						{"origin": [-4, 6, -22], "size": [8, 2, 6], "uv": [64, 0]},
						{"origin": [3, 5, -18], "size": [1, 2, 1], "inflate": -0.15, "uv": [120, 53]},
						{"origin": [2, 5, -23], "size": [1, 2, 1], "inflate": -0.15, "uv": [120, 53]},
						{"origin": [-3, 5, -23], "size": [1, 2, 1], "inflate": -0.15, "uv": [120, 53]},
						{"origin": [-4, 5, -18], "size": [1, 2, 1], "inflate": -0.15, "uv": [120, 53]},
						{"origin": [3, 5, -19], "size": [1, 2, 1], "inflate": -0.15, "uv": [120, 53]},
						{"origin": [2, 5, -24], "size": [1, 2, 1], "inflate": -0.15, "uv": [120, 53]},
						{"origin": [-3, 5, -24], "size": [1, 2, 1], "inflate": -0.15, "uv": [120, 53]},
						{"origin": [-4, 5, -19], "size": [1, 2, 1], "inflate": -0.15, "uv": [120, 53]},
						{"origin": [3, 5, -21], "size": [1, 2, 1], "inflate": -0.15, "uv": [120, 53]},
						{"origin": [2, 5, -26], "size": [1, 2, 1], "inflate": -0.15, "uv": [120, 53]},
						{"origin": [-3, 5, -26], "size": [1, 2, 1], "inflate": -0.15, "uv": [120, 53]},
						{"origin": [-4, 5, -21], "size": [1, 2, 1], "inflate": -0.15, "uv": [120, 53]},
						{"origin": [3, 5, -20], "size": [1, 2, 1], "inflate": -0.15, "uv": [120, 53]},
						{"origin": [2, 5, -25], "size": [1, 2, 1], "inflate": -0.15, "uv": [120, 53]},
						{"origin": [-3, 5, -25], "size": [1, 2, 1], "inflate": -0.15, "uv": [120, 53]},
						{"origin": [-4, 5, -20], "size": [1, 2, 1], "inflate": -0.15, "uv": [120, 53]},
						{"origin": [3, 5, -22], "size": [1, 2, 1], "inflate": -0.15, "uv": [120, 53]},
						{"origin": [2, 5, -27], "size": [1, 2, 1], "inflate": -0.15, "uv": [120, 53]},
						{"origin": [1, 5, -28], "size": [1, 2, 1], "inflate": -0.15, "uv": [120, 53]},
						{"origin": [-1, 5, -28], "size": [1, 2, 1], "inflate": -0.15, "uv": [120, 53]},
						{"origin": [0, 5, -28], "size": [1, 2, 1], "inflate": -0.15, "uv": [120, 53]},
						{"origin": [-2, 5, -28], "size": [1, 2, 1], "inflate": -0.15, "uv": [120, 53]},
						{"origin": [-3, 5, -27], "size": [1, 2, 1], "inflate": -0.15, "uv": [120, 53]},
						{"origin": [-4, 5, -22], "size": [1, 2, 1], "inflate": -0.15, "uv": [120, 53]},
						{"origin": [3, 4, -18], "size": [1, 2, 1], "inflate": -0.25, "uv": [120, 53]},
						{"origin": [2, 4, -23], "size": [1, 2, 1], "inflate": -0.25, "uv": [120, 53]},
						{"origin": [-3, 4, -23], "size": [1, 2, 1], "inflate": -0.25, "uv": [120, 53]},
						{"origin": [-4, 4, -18], "size": [1, 2, 1], "inflate": -0.25, "uv": [120, 53]},
						{"origin": [3, 4, -19], "size": [1, 2, 1], "inflate": -0.25, "uv": [120, 53]},
						{"origin": [2, 4, -24], "size": [1, 2, 1], "inflate": -0.25, "uv": [120, 53]},
						{"origin": [-3, 4, -24], "size": [1, 2, 1], "inflate": -0.25, "uv": [120, 53]},
						{"origin": [-4, 4, -19], "size": [1, 2, 1], "inflate": -0.25, "uv": [120, 53]},
						{"origin": [3, 4, -21], "size": [1, 2, 1], "inflate": -0.25, "uv": [120, 53]},
						{"origin": [2, 4, -26], "size": [1, 2, 1], "inflate": -0.25, "uv": [120, 53]},
						{"origin": [-3, 4, -26], "size": [1, 2, 1], "inflate": -0.25, "uv": [120, 53]},
						{"origin": [-4, 4, -21], "size": [1, 2, 1], "inflate": -0.25, "uv": [120, 53]},
						{"origin": [3, 4, -20], "size": [1, 2, 1], "inflate": -0.25, "uv": [120, 53]},
						{"origin": [2, 4, -25], "size": [1, 2, 1], "inflate": -0.25, "uv": [120, 53]},
						{"origin": [-3, 4, -25], "size": [1, 2, 1], "inflate": -0.25, "uv": [120, 53]},
						{"origin": [-4, 4, -20], "size": [1, 2, 1], "inflate": -0.25, "uv": [120, 53]},
						{"origin": [3, 4, -22], "size": [1, 2, 1], "inflate": -0.25, "uv": [120, 53]},
						{"origin": [2, 4, -27], "size": [1, 2, 1], "inflate": -0.25, "uv": [120, 53]},
						{"origin": [1, 4, -28], "size": [1, 2, 1], "inflate": -0.25, "uv": [120, 53]},
						{"origin": [-1, 4, -28], "size": [1, 2, 1], "inflate": -0.25, "uv": [120, 53]},
						{"origin": [0, 4, -28], "size": [1, 2, 1], "inflate": -0.25, "uv": [120, 53]},
						{"origin": [-2, 4, -28], "size": [1, 2, 1], "inflate": -0.25, "uv": [120, 53]},
						{"origin": [-3, 4, -27], "size": [1, 2, 1], "inflate": -0.25, "uv": [120, 53]},
						{"origin": [-4, 4, -22], "size": [1, 2, 1], "inflate": -0.25, "uv": [120, 53]},
						{"origin": [-3, 6, -28], "size": [6, 2, 6], "uv": [104, 32]},
						{"origin": [-3, 8, -28], "size": [6, 1, 2], "uv": [104, 40]}
					]
				},
				{
					"name": "boca2",
					"parent": "head",
					"pivot": [0, 6, -8],
					"cubes": [
						{"origin": [-5, 4, -22], "size": [10, 2, 6], "uv": [58, 8]},
						{"origin": [-4, 4, -28], "size": [8, 2, 6], "uv": [100, 22]},
						{"origin": [3.5, 5, -17], "size": [1, 2, 1], "inflate": -0.15, "uv": [120, 53]},
						{"origin": [-4.5, 5, -17], "size": [1, 2, 1], "inflate": -0.15, "uv": [120, 53]},
						{"origin": [-3.5, 5, -23], "size": [1, 2, 1], "inflate": -0.15, "uv": [120, 53]},
						{"origin": [-3.5, 5, -22], "size": [1, 2, 1], "inflate": -0.15, "uv": [120, 53]},
						{"origin": [2.5, 5, -23], "size": [1, 2, 1], "inflate": -0.15, "uv": [120, 53]},
						{"origin": [2.5, 5, -22], "size": [1, 2, 1], "inflate": -0.15, "uv": [120, 53]},
						{"origin": [3.5, 5, -18], "size": [1, 2, 1], "inflate": -0.15, "uv": [120, 53]},
						{"origin": [-4.5, 5, -18], "size": [1, 2, 1], "inflate": -0.15, "uv": [120, 53]},
						{"origin": [-3.5, 5, -24], "size": [1, 2, 1], "inflate": -0.15, "uv": [120, 53]},
						{"origin": [2.5, 5, -24], "size": [1, 2, 1], "inflate": -0.15, "uv": [120, 53]},
						{"origin": [3.5, 5, -19], "size": [1, 2, 1], "inflate": -0.15, "uv": [120, 53]},
						{"origin": [-4.5, 5, -19], "size": [1, 2, 1], "inflate": -0.15, "uv": [120, 53]},
						{"origin": [-3.5, 5, -25], "size": [1, 2, 1], "inflate": -0.15, "uv": [120, 53]},
						{"origin": [2.5, 5, -25], "size": [1, 2, 1], "inflate": -0.15, "uv": [120, 53]},
						{"origin": [3.5, 5, -20], "size": [1, 2, 1], "inflate": -0.15, "uv": [120, 53]},
						{"origin": [-4.5, 5, -20], "size": [1, 2, 1], "inflate": -0.15, "uv": [120, 53]},
						{"origin": [-3.5, 5, -26], "size": [1, 2, 1], "inflate": -0.15, "uv": [120, 53]},
						{"origin": [2.5, 5, -26], "size": [1, 2, 1], "inflate": -0.15, "uv": [120, 53]},
						{"origin": [3.5, 5, -21], "size": [1, 2, 1], "inflate": -0.15, "uv": [120, 53]},
						{"origin": [-4.5, 5, -21], "size": [1, 2, 1], "inflate": -0.15, "uv": [120, 53]},
						{"origin": [-3.5, 5, -27], "size": [1, 2, 1], "inflate": -0.15, "uv": [120, 53]},
						{"origin": [-2, 5, -27], "size": [1, 2, 1], "inflate": -0.15, "uv": [120, 53]},
						{"origin": [2.5, 5, -27], "size": [1, 2, 1], "inflate": -0.15, "uv": [120, 53]},
						{"origin": [0, 5, -27], "size": [1, 2, 1], "inflate": -0.15, "uv": [120, 53]},
						{"origin": [1, 5, -27], "size": [1, 2, 1], "inflate": -0.15, "uv": [120, 53]},
						{"origin": [-1, 5, -27], "size": [1, 2, 1], "inflate": -0.15, "uv": [120, 53]},
						{"origin": [3.5, 5.5, -21], "size": [1, 2, 1], "inflate": -0.25, "uv": [120, 53]},
						{"origin": [3.5, 6, -21], "size": [1, 2, 1], "inflate": -0.35, "uv": [120, 53]},
						{"origin": [-4.5, 5.5, -21], "size": [1, 2, 1], "inflate": -0.25, "uv": [120, 53]},
						{"origin": [-4.5, 6, -21], "size": [1, 2, 1], "inflate": -0.35, "uv": [120, 53]},
						{"origin": [-3.5, 5.5, -27], "size": [1, 2, 1], "inflate": -0.25, "uv": [120, 53]},
						{"origin": [-3.5, 6, -27], "size": [1, 2, 1], "inflate": -0.35, "uv": [120, 53]},
						{"origin": [-2, 6, -27], "size": [1, 2, 1], "inflate": -0.25, "uv": [120, 53]},
						{"origin": [2.5, 5.5, -27], "size": [1, 2, 1], "inflate": -0.25, "uv": [120, 53]},
						{"origin": [2.5, 6, -27], "size": [1, 2, 1], "inflate": -0.35, "uv": [120, 53]},
						{"origin": [0, 6, -27], "size": [1, 2, 1], "inflate": -0.25, "uv": [120, 53]},
						{"origin": [1, 6, -27], "size": [1, 2, 1], "inflate": -0.25, "uv": [120, 53]},
						{"origin": [-1, 6, -27], "size": [1, 2, 1], "inflate": -0.25, "uv": [120, 53]},
						{"origin": [3.5, 5.5, -20], "size": [1, 2, 1], "inflate": -0.25, "uv": [120, 53]},
						{"origin": [3.5, 6, -20], "size": [1, 2, 1], "inflate": -0.35, "uv": [120, 53]},
						{"origin": [-4.5, 5.5, -20], "size": [1, 2, 1], "inflate": -0.25, "uv": [120, 53]},
						{"origin": [-4.5, 6, -20], "size": [1, 2, 1], "inflate": -0.35, "uv": [120, 53]},
						{"origin": [-3.5, 5.5, -26], "size": [1, 2, 1], "inflate": -0.25, "uv": [120, 53]},
						{"origin": [-3.5, 6, -26], "size": [1, 2, 1], "inflate": -0.35, "uv": [120, 53]},
						{"origin": [2.5, 5.5, -26], "size": [1, 2, 1], "inflate": -0.25, "uv": [120, 53]},
						{"origin": [2.5, 6, -26], "size": [1, 2, 1], "inflate": -0.35, "uv": [120, 53]},
						{"origin": [3.5, 5.5, -19], "size": [1, 2, 1], "inflate": -0.25, "uv": [120, 53]},
						{"origin": [3.5, 6, -19], "size": [1, 2, 1], "inflate": -0.35, "uv": [120, 53]},
						{"origin": [-4.5, 5.5, -19], "size": [1, 2, 1], "inflate": -0.25, "uv": [120, 53]},
						{"origin": [-4.5, 6, -19], "size": [1, 2, 1], "inflate": -0.35, "uv": [120, 53]},
						{"origin": [-3.5, 5.5, -25], "size": [1, 2, 1], "inflate": -0.25, "uv": [120, 53]},
						{"origin": [-3.5, 6, -25], "size": [1, 2, 1], "inflate": -0.35, "uv": [120, 53]},
						{"origin": [2.5, 5.5, -25], "size": [1, 2, 1], "inflate": -0.25, "uv": [120, 53]},
						{"origin": [2.5, 6, -25], "size": [1, 2, 1], "inflate": -0.35, "uv": [120, 53]},
						{"origin": [3.5, 5.5, -18], "size": [1, 2, 1], "inflate": -0.25, "uv": [120, 53]},
						{"origin": [3.5, 6, -18], "size": [1, 2, 1], "inflate": -0.35, "uv": [120, 53]},
						{"origin": [-4.5, 5.5, -18], "size": [1, 2, 1], "inflate": -0.25, "uv": [120, 53]},
						{"origin": [-4.5, 6, -18], "size": [1, 2, 1], "inflate": -0.35, "uv": [120, 53]},
						{"origin": [-3.5, 5.5, -24], "size": [1, 2, 1], "inflate": -0.25, "uv": [120, 53]},
						{"origin": [-3.5, 6, -24], "size": [1, 2, 1], "inflate": -0.35, "uv": [120, 53]},
						{"origin": [2.5, 5.5, -24], "size": [1, 2, 1], "inflate": -0.25, "uv": [120, 53]},
						{"origin": [2.5, 6, -24], "size": [1, 2, 1], "inflate": -0.35, "uv": [120, 53]},
						{"origin": [3.5, 5.5, -17], "size": [1, 2, 1], "inflate": -0.25, "uv": [120, 53]},
						{"origin": [3.5, 6, -17], "size": [1, 2, 1], "inflate": -0.35, "uv": [120, 53]},
						{"origin": [-4.5, 5.5, -17], "size": [1, 2, 1], "inflate": -0.25, "uv": [120, 53]},
						{"origin": [-4.5, 6, -17], "size": [1, 2, 1], "inflate": -0.35, "uv": [120, 53]},
						{"origin": [-3.5, 5.5, -23], "size": [1, 2, 1], "inflate": -0.25, "uv": [120, 53]},
						{"origin": [-3.5, 6, -23], "size": [1, 2, 1], "inflate": -0.35, "uv": [120, 53]},
						{"origin": [-3.5, 6, -22], "size": [1, 2, 1], "inflate": -0.25, "uv": [120, 53]},
						{"origin": [2.5, 5.5, -23], "size": [1, 2, 1], "inflate": -0.25, "uv": [120, 53]},
						{"origin": [2.5, 6, -23], "size": [1, 2, 1], "inflate": -0.35, "uv": [120, 53]},
						{"origin": [2.5, 6, -22], "size": [1, 2, 1], "inflate": -0.25, "uv": [120, 53]}
					]
				}
			]
		}
	]
}