{
	"format_version": "1.12.0",
	"minecraft:geometry": [
		{
			"description": {
				"identifier": "geometry.deer",
				"texture_width": 64,
				"texture_height": 64,
				"visible_bounds_width": 3,
				"visible_bounds_height": 4.5,
				"visible_bounds_offset": [0, 0.75, 0]
			},
			"bones": [
				{
					"name": "bone",
					"pivot": [0, 10, 0],
					"cubes": [
						{"origin": [-4, 9.6, -8], "size": [8, 8, 16], "uv": [0, 40]},
						{"origin": [-4, 10, 4], "size": [8, 8, 8], "inflate": 0.5, "uv": [32, 40]},
						{"origin": [-4, 10, -8], "size": [8, 8, 8], "inflate": 0.5, "uv": [32, 40]},
						{"origin": [-1.5, 17.5, 11.5], "size": [3, 3, 1], "inflate": 0.5, "pivot": [0, 18, 12], "rotation": [-30, 0, 0], "uv": [0, 40]}
					]
				},
				{
					"name": "head",
					"pivot": [0, 15, -7],
					"cubes": [
						{"origin": [-3, 14, -9], "size": [6, 12, 6], "inflate": -0.5, "pivot": [0, 15, -7], "rotation": [40, 0, 0], "uv": [40, 0]},
						{"origin": [-4, 21, -18], "size": [8, 8, 8], "inflate": -0.95, "pivot": [0, 23, -15], "rotation": [5, 0, 0], "uv": [0, 0]},
						{"origin": [-3, 22.3, -21], "size": [6, 4, 6], "inflate": -0.9, "pivot": [0, 22.3, -15], "rotation": [5, 0, 0], "uv": [0, 28]},
						{"origin": [-3, 23.9, -20.3], "size": [6, 4, 6], "inflate": -1, "pivot": [0, 22.9, -14.3], "rotation": [20, 0, 0], "uv": [0, 28]},
						{"origin": [-2.5, 21.3, -20.6], "size": [5, 4, 6], "inflate": -1, "pivot": [-0.5, 20.3, -15], "rotation": [5, 0, 0], "uv": [24, 30]},
						{"origin": [2.5, 27, -13], "size": [2, 3, 1], "inflate": -0.1, "pivot": [3, 28, -12], "rotation": [5, 0, 55], "uv": [0, 0]},
						{"origin": [-4.5, 27, -13], "size": [2, 3, 1], "inflate": -0.1, "pivot": [-3, 28, -12], "rotation": [5, 0, -55], "uv": [0, 0]}
					]
				},
				{
					"name": "cuerno",
					"parent": "head",
					"pivot": [1.5, 28.4, -12],
					"rotation": [0, 0, 25],
					"cubes": [
						{"origin": [1, 27.5, -12], "size": [1, 3, 1], "pivot": [2, 28, -12], "rotation": [-27.5, 0, 0], "uv": [24, 0]},
						{"origin": [1, 29.8, -10.9], "size": [1, 3, 1], "inflate": -0.025, "pivot": [2, 30.3, -10.9], "rotation": [-6.5, 0, 0], "uv": [24, 0]},
						{"origin": [1, 31.8, -11.8], "size": [1, 1, 1], "inflate": -0.05, "pivot": [2, 30.3, -10.9], "rotation": [-6.5, 0, 0], "uv": [2, 16]},
						{"origin": [1, 31.8, -12.7], "size": [1, 1, 1], "inflate": -0.05, "pivot": [2, 30.3, -10.9], "rotation": [-6.5, 0, 0], "uv": [2, 16]},
						{"origin": [1, 31.3, -13.9], "size": [1, 1, 1], "inflate": -0.075, "pivot": [2, 30.3, -10.9], "rotation": [-20.5, 0, 0], "uv": [2, 16]},
						{"origin": [1, 31.3, -14.7], "size": [1, 1, 1], "inflate": -0.08, "pivot": [2, 30.3, -10.9], "rotation": [-20.5, 0, 0], "uv": [2, 16]},
						{"origin": [1.1, 32.45, -10.5], "size": [1, 3, 1], "inflate": -0.05, "pivot": [2, 30.3, -10.9], "rotation": [4.40398, -5.04092, -0.48143], "uv": [24, 0]},
						{"origin": [1, 32.45, -12.6], "size": [1, 2, 1], "inflate": -0.15, "pivot": [2, 30.3, -10.9], "rotation": [4.40398, 0, 0], "uv": [24, 0]},
						{"origin": [1.1, 34.65, -9.325], "size": [1, 3, 1], "inflate": -0.1, "pivot": [2, 30.3, -10.9], "rotation": [18.40398, -5.04092, -0.48143], "uv": [24, 0]},
						{"origin": [1.05, 34.86322, -5.83494], "size": [1, 3, 1], "inflate": -0.1, "pivot": [2, 30.3, -10.9], "rotation": [51.6835, 0, 0], "uv": [24, 0]}
					]
				},
				{
					"name": "cuerno2",
					"parent": "head",
					"pivot": [-1.5, 28.4, -12],
					"rotation": [0, 0, -25],
					"cubes": [
						{"origin": [-2, 27.5, -12], "size": [1, 3, 1], "pivot": [-1, 28, -12], "rotation": [-27.5, 0, 0], "uv": [24, 0]},
						{"origin": [-2, 29.8, -10.9], "size": [1, 3, 1], "inflate": -0.025, "pivot": [-1, 30.3, -10.9], "rotation": [-6.5, 0, 0], "uv": [24, 0]},
						{"origin": [-2, 31.8, -11.8], "size": [1, 1, 1], "inflate": -0.05, "pivot": [-1, 30.3, -10.9], "rotation": [-6.5, 0, 0], "uv": [2, 16]},
						{"origin": [-2, 31.8, -12.7], "size": [1, 1, 1], "inflate": -0.05, "pivot": [-1, 30.3, -10.9], "rotation": [-6.5, 0, 0], "uv": [2, 16]},
						{"origin": [-2, 31.3, -13.9], "size": [1, 1, 1], "inflate": -0.075, "pivot": [-1, 30.3, -10.9], "rotation": [-20.5, 0, 0], "uv": [2, 16]},
						{"origin": [-2, 31.3, -14.7], "size": [1, 1, 1], "inflate": -0.08, "pivot": [-1, 30.3, -10.9], "rotation": [-20.5, 0, 0], "uv": [2, 16]},
						{"origin": [-2.1, 32.45, -10.5], "size": [1, 3, 1], "inflate": -0.05, "pivot": [-1, 30.3, -10.9], "rotation": [4.40398, 5.04092, 0.48143], "uv": [24, 0]},
						{"origin": [-2, 32.45, -12.6], "size": [1, 2, 1], "inflate": -0.15, "pivot": [-1, 30.3, -10.9], "rotation": [4.40398, 0, 0], "uv": [24, 0]},
						{"origin": [-2.1, 34.65, -9.325], "size": [1, 3, 1], "inflate": -0.1, "pivot": [-1, 30.3, -10.9], "rotation": [18.40398, 5.04092, 0.48143], "uv": [24, 0]},
						{"origin": [-2.05, 34.86322, -5.83494], "size": [1, 3, 1], "inflate": -0.1, "pivot": [-1, 30.3, -10.9], "rotation": [51.68346, 0, 0], "uv": [24, 0]}
					]
				},
				{
					"name": "leg0",
					"pivot": [4, 12, -6],
					"cubes": [
						{"origin": [3, 6, -7], "size": [2, 6, 2], "uv": [49, 18]},
						{"origin": [3, 0, -7], "size": [2, 7, 2], "inflate": -0.25, "uv": [56, 18]},
						{"origin": [3, 0, -7], "size": [2, 2, 2], "uv": [40, 18]}
					]
				},
				{
					"name": "leg1",
					"pivot": [-4, 12, -6],
					"cubes": [
						{"origin": [-5, 6, -7], "size": [2, 6, 2], "uv": [49, 18]},
						{"origin": [-5, 0, -7], "size": [2, 7, 2], "inflate": -0.25, "uv": [56, 18]},
						{"origin": [-5, 0, -7], "size": [2, 2, 2], "uv": [40, 18]}
					]
				},
				{
					"name": "leg2",
					"pivot": [-4, 12, 9],
					"cubes": [
						{"origin": [-5, 6, 8], "size": [2, 6, 2], "uv": [49, 18]},
						{"origin": [-6, 8.5, 7], "size": [4, 6, 4], "inflate": -0.65, "uv": [48, 27]},
						{"origin": [-5, 0, 8], "size": [2, 7, 2], "inflate": -0.25, "uv": [56, 18]},
						{"origin": [-5, 0, 8], "size": [2, 2, 2], "uv": [40, 18]}
					]
				},
				{
					"name": "leg3",
					"pivot": [4, 12, 9],
					"cubes": [
						{"origin": [3, 6, 8], "size": [2, 6, 2], "uv": [49, 18]},
						{"origin": [2, 8.5, 7], "size": [4, 6, 4], "inflate": -0.65, "uv": [48, 27]},
						{"origin": [3, 0, 8], "size": [2, 7, 2], "inflate": -0.25, "uv": [56, 18]},
						{"origin": [3, 0, 8], "size": [2, 2, 2], "uv": [40, 18]}
					]
				}
			]
		}
	]
}