{
	"format_version": "1.12.0",
	"minecraft:geometry": [
		{
			"description": {
				"identifier": "geometry.duck_original",
				"texture_width": 64,
				"texture_height": 32,
				"visible_bounds_width": 3,
				"visible_bounds_height": 2.5,
				"visible_bounds_offset": [0, 0.75, 0]
			},
			"bones": [
				{
					"name": "body",
					"pivot": [0, 6, 0],
					"mirror": true,
					"cubes": [
						{"origin": [-3, 2, -2.5], "size": [6, 6, 9], "uv": [31, 16]},
						{"origin": [-2.5, 7, 6], "size": [5, 1, 5], "inflate": -0.025, "pivot": [0, 7.5, 6.5], "rotation": [40, 0, 0], "uv": [0, 9]}
					]
				},
				{
					"name": "head",
					"parent": "body",
					"pivot": [0, 9, -4.5],
					"mirror": true,
					"cubes": [
						{"origin": [-2, 9, -5.5], "size": [4, 4, 3], "uv": [0, 0]},
						{"origin": [-2, 6.29125, -4.46823], "size": [4, 4, 3], "inflate": -0.3, "pivot": [0, 8.29125, -3.36823], "rotation": [41.5, 0, 0], "uv": [50, 0]}
					]
				},
				{
					"name": "beak",
					"parent": "head",
					"pivot": [0, 9, -3.5],
					"mirror": true,
					"cubes": [
						{"origin": [-1, 10, -8.5], "size": [2, 1, 3], "uv": [14, 0]},
						{"origin": [-1, 9.2, -7.5], "size": [2, 1, 2], "inflate": -0.1, "uv": [14, 0]}
					]
				},
				{
					"name": "wing0",
					"parent": "body",
					"pivot": [3, 8, 2],
					"rotation": [0, 0, -20],
					"mirror": true,
					"cubes": [
						{"origin": [3, 4, -1], "size": [1, 4, 6], "uv": [24, 13]},
						{"origin": [3, 2, -1], "size": [1, 4, 6], "inflate": -0.1, "uv": [24, 13]},
						{"origin": [3, 4, 3.5], "size": [1, 4, 3], "inflate": -0.1, "uv": [27, 16]},
						{"origin": [3, 4, -2.5], "size": [1, 4, 3], "inflate": -0.1, "uv": [27, 16]}
					]
				},
				{
					"name": "wing1",
					"parent": "body",
					"pivot": [-3, 8, 2],
					"rotation": [0, 0, 20],
					"mirror": true,
					"cubes": [
						{"origin": [-4, 4, -1], "size": [1, 4, 6], "uv": [24, 13]},
						{"origin": [-4, 2, -1], "size": [1, 4, 6], "inflate": -0.1, "uv": [24, 13]},
						{"origin": [-4, 4, 3.5], "size": [1, 4, 3], "inflate": -0.1, "uv": [27, 16]},
						{"origin": [-4, 4, -2.5], "size": [1, 4, 3], "inflate": -0.1, "uv": [27, 16]}
					]
				},
				{
					"name": "leg0",
					"pivot": [2, 5, 3],
					"mirror": true,
					"cubes": [
						{"origin": [0, 0, 0], "size": [3, 3, 3], "uv": [26, 0]}
					]
				},
				{
					"name": "leg1",
					"pivot": [-1, 5, 3],
					"mirror": true,
					"cubes": [
						{"origin": [-3, 0, 0], "size": [3, 3, 3], "uv": [26, 0]}
					]
				}
			]
		}
	]
}