{
	"format_version": "1.12.0",
	"minecraft:geometry": [
		{
			"description": {
				"identifier": "geometry.duck",
				"texture_width": 64,
				"texture_height": 64,
				"visible_bounds_width": 3,
				"visible_bounds_height": 1,
				"visible_bounds_offset": [0, 0, 0]
			},
			"bones": [
				{
					"name": "head",
					"pivot": [0, 6, -4],
					"mirror": true,
					"cubes": [
						{"origin": [-2, 10, -9], "size": [4, 4, 4], "uv": [0, 0]},
						{"origin": [-2, 9, -7], "size": [4, 4, 8], "inflate": -0.5, "pivot": [0, 12, -5], "rotation": [-45, 0, 0], "uv": [40, 0]}
					]
				},
				{
					"name": "beak",
					"parent": "head",
					"pivot": [0, 6, -6],
					"mirror": true,
					"cubes": [
						{"origin": [-2, 10, -12], "size": [4, 2, 3], "uv": [17, 1]}
					]
				},
				{
					"name": "comb",
					"parent": "head",
					"pivot": [0, 6, -4],
					"mirror": true,
					"cubes": [
						{"origin": [-1, 9.8, -11], "size": [2, 1, 2], "inflate": 0.25, "uv": [39, 1]}
					]
				},
				{
					"name": "body",
					"pivot": [0, 5, 0],
					"mirror": true,
					"cubes": [
						{"origin": [-3, 5, -3], "size": [6, 4, 10], "uv": [0, 9]},
						{"origin": [-3, 3, -3], "size": [6, 4, 10], "inflate": -0.5, "uv": [0, 9]},
						{"origin": [-2, 7.5, 4.5], "size": [4, 6, 2], "inflate": -0.4, "pivot": [-1, 7.5, 5.5], "rotation": [-45, 0, 0], "uv": [0, 27]}
					]
				},
				{
					"name": "leg0",
					"pivot": [2, 5, 1],
					"mirror": true,
					"cubes": [
						{"origin": [1, 0, 1], "size": [1, 5, 1], "uv": [0, 8]},
						{"origin": [1, 0, 0], "size": [1, 1, 1], "uv": [60, 0]},
						{"origin": [1, 0, -1], "size": [1, 1, 1], "uv": [60, 0]},
						{"origin": [2, 0, 0], "size": [1, 1, 1], "uv": [60, 0]},
						{"origin": [0, 0, 0], "size": [1, 1, 1], "uv": [60, 0]}
					]
				},
				{
					"name": "leg1",
					"pivot": [-1, 5, 1],
					"mirror": true,
					"cubes": [
						{"origin": [-2, 0, 1], "size": [1, 5, 1], "uv": [0, 8]},
						{"origin": [-2, 0, 0], "size": [1, 1, 1], "uv": [60, 0]},
						{"origin": [-2, 0, -1], "size": [1, 1, 1], "uv": [60, 0]},
						{"origin": [-1, 0, 0], "size": [1, 1, 1], "uv": [60, 0]},
						{"origin": [-3, 0, 0], "size": [1, 1, 1], "uv": [60, 0]}
					]
				},
				{
					"name": "wing0",
					"pivot": [3, 8, 0],
					"mirror": true,
					"cubes": [
						{"origin": [3, 4, -3], "size": [1, 5, 10], "uv": [24, 13]}
					]
				},
				{
					"name": "wing1",
					"pivot": [-3, 8, 0],
					"mirror": true,
					"cubes": [
						{"origin": [-4, 4, -3], "size": [1, 5, 10], "uv": [24, 13]}
					]
				}
			]
		}
	]
}