{
	"format_version": "1.12.0",
	"minecraft:geometry": [
		{
			"description": {
				"identifier": "geometry.erizo",
				"texture_width": 64,
				"texture_height": 64,
				"visible_bounds_width": 2,
				"visible_bounds_height": 1,
				"visible_bounds_offset": [0, 0, 0]
			},
			"bones": [
				{
					"name": "bone",
					"pivot": [0, 0, 0],
					"cubes": [
						{"origin": [-2, 1, -3], "size": [4, 3, 6], "uv": [0, 18]},
						{"origin": [-2, 3.5, -3], "size": [4, 1, 6], "inflate": -0.1, "uv": [0, 29]},
						{"origin": [1, 4, -3], "size": [1, 1, 1], "inflate": -0.25, "uv": [0, 17]},
						{"origin": [2, 3.25, -3], "size": [1, 1, 1], "inflate": -0.25, "pivot": [3, 5, -3], "rotation": [0, 0, 35], "uv": [0, 17]},
						{"origin": [-4, 3.5, -3], "size": [1, 1, 1], "inflate": -0.25, "pivot": [-3, 6, -3], "rotation": [0, 0, -35], "uv": [0, 17]},
						{"origin": [1, 4, 0], "size": [1, 1, 1], "inflate": -0.25, "uv": [0, 17]},
						{"origin": [2, 3.25, 0], "size": [1, 1, 1], "inflate": -0.25, "pivot": [3, 5, -3], "rotation": [0, 0, 35], "uv": [0, 17]},
						{"origin": [-4, 3.5, 0], "size": [1, 1, 1], "inflate": -0.25, "pivot": [-3, 6, -3], "rotation": [0, 0, -35], "uv": [0, 17]},
						{"origin": [1, 4, -2], "size": [1, 1, 1], "inflate": -0.25, "uv": [0, 17]},
						{"origin": [1, 4, 1], "size": [1, 1, 1], "inflate": -0.25, "uv": [0, 17]},
						{"origin": [2, 3.25, 1], "size": [1, 1, 1], "inflate": -0.25, "pivot": [3, 5, -3], "rotation": [0, 0, 35], "uv": [0, 17]},
						{"origin": [-4, 3.5, 1], "size": [1, 1, 1], "inflate": -0.25, "pivot": [-3, 6, -3], "rotation": [0, 0, -35], "uv": [0, 17]},
						{"origin": [1, 4, -2], "size": [1, 1, 1], "inflate": -0.25, "uv": [0, 17]},
						{"origin": [2, 3.25, -2], "size": [1, 1, 1], "inflate": -0.25, "pivot": [3, 5, -3], "rotation": [0, 0, 35], "uv": [0, 17]},
						{"origin": [-4, 3.5, -2], "size": [1, 1, 1], "inflate": -0.25, "pivot": [-3, 6, -3], "rotation": [0, 0, -35], "uv": [0, 17]},
						{"origin": [1, 4, 1], "size": [1, 1, 1], "inflate": -0.25, "uv": [0, 17]},
						{"origin": [1, 4, -1], "size": [1, 1, 1], "inflate": -0.25, "uv": [0, 17]},
						{"origin": [2, 3.25, -1], "size": [1, 1, 1], "inflate": -0.25, "pivot": [3, 5, -3], "rotation": [0, 0, 35], "uv": [0, 17]},
						{"origin": [-4, 3.5, -1], "size": [1, 1, 1], "inflate": -0.25, "pivot": [-3, 6, -3], "rotation": [0, 0, -35], "uv": [0, 17]},
						{"origin": [1, 4, 2], "size": [1, 1, 1], "inflate": -0.25, "uv": [0, 17]},
						{"origin": [2, 3.25, 2], "size": [1, 1, 1], "inflate": -0.25, "pivot": [3, 5, -3], "rotation": [0, 0, 35], "uv": [0, 17]},
						{"origin": [-4, 3.5, 2], "size": [1, 1, 1], "inflate": -0.25, "pivot": [-3, 6, -3], "rotation": [0, 0, -35], "uv": [0, 17]},
						{"origin": [-1, 4, -3], "size": [1, 1, 1], "inflate": -0.25, "uv": [0, 17]},
						{"origin": [-1, 4, 0], "size": [1, 1, 1], "inflate": -0.25, "uv": [0, 17]},
						{"origin": [-1, 4, -2], "size": [1, 1, 1], "inflate": -0.25, "uv": [0, 17]},
						{"origin": [-1, 4, 1], "size": [1, 1, 1], "inflate": -0.25, "uv": [0, 17]},
						{"origin": [-1, 4, -2], "size": [1, 1, 1], "inflate": -0.25, "uv": [0, 17]},
						{"origin": [-1, 4, 1], "size": [1, 1, 1], "inflate": -0.25, "uv": [0, 17]},
						{"origin": [-1, 4, -1], "size": [1, 1, 1], "inflate": -0.25, "uv": [0, 17]},
						{"origin": [-1, 4, 2], "size": [1, 1, 1], "inflate": -0.25, "uv": [0, 17]},
						{"origin": [0.5, 4, -3], "size": [1, 1, 1], "inflate": -0.25, "uv": [0, 17]},
						{"origin": [0.5, 4, 0], "size": [1, 1, 1], "inflate": -0.25, "uv": [0, 17]},
						{"origin": [0.5, 4, -2], "size": [1, 1, 1], "inflate": -0.25, "uv": [0, 17]},
						{"origin": [0.5, 4, 1], "size": [1, 1, 1], "inflate": -0.25, "uv": [0, 17]},
						{"origin": [0.5, 4, -2], "size": [1, 1, 1], "inflate": -0.25, "uv": [0, 17]},
						{"origin": [0.5, 4, 1], "size": [1, 1, 1], "inflate": -0.25, "uv": [0, 17]},
						{"origin": [0.5, 4, -1], "size": [1, 1, 1], "inflate": -0.25, "uv": [0, 17]},
						{"origin": [0.5, 4, 2], "size": [1, 1, 1], "inflate": -0.25, "uv": [0, 17]},
						{"origin": [-1.5, 4, -3], "size": [1, 1, 1], "inflate": -0.25, "uv": [0, 17]},
						{"origin": [-1.5, 4, 0], "size": [1, 1, 1], "inflate": -0.25, "uv": [0, 17]},
						{"origin": [-1.5, 4, -2], "size": [1, 1, 1], "inflate": -0.25, "uv": [0, 17]},
						{"origin": [-1.5, 4, 1], "size": [1, 1, 1], "inflate": -0.25, "uv": [0, 17]},
						{"origin": [-1.5, 4, -2], "size": [1, 1, 1], "inflate": -0.25, "uv": [0, 17]},
						{"origin": [-1.5, 4, 1], "size": [1, 1, 1], "inflate": -0.25, "uv": [0, 17]},
						{"origin": [-1.5, 4, -1], "size": [1, 1, 1], "inflate": -0.25, "uv": [0, 17]},
						{"origin": [-1.5, 4, 2], "size": [1, 1, 1], "inflate": -0.25, "uv": [0, 17]},
						{"origin": [-0.5, 4, -3], "size": [1, 1, 1], "inflate": -0.25, "uv": [0, 17]},
						{"origin": [-0.5, 4, 0], "size": [1, 1, 1], "inflate": -0.25, "uv": [0, 17]},
						{"origin": [-0.5, 4, -2], "size": [1, 1, 1], "inflate": -0.25, "uv": [0, 17]},
						{"origin": [-0.5, 4, 1], "size": [1, 1, 1], "inflate": -0.25, "uv": [0, 17]},
						{"origin": [-0.5, 4, -2], "size": [1, 1, 1], "inflate": -0.25, "uv": [0, 17]},
						{"origin": [-0.5, 4, 1], "size": [1, 1, 1], "inflate": -0.25, "uv": [0, 17]},
						{"origin": [-0.5, 4, -1], "size": [1, 1, 1], "inflate": -0.25, "uv": [0, 17]},
						{"origin": [-0.5, 4, 2], "size": [1, 1, 1], "inflate": -0.25, "uv": [0, 17]},
						{"origin": [-2.5, 4, -3], "size": [1, 1, 1], "inflate": -0.25, "uv": [0, 17]},
						{"origin": [-2.5, 4, 0], "size": [1, 1, 1], "inflate": -0.25, "uv": [0, 17]},
						{"origin": [-2.5, 4, -2], "size": [1, 1, 1], "inflate": -0.25, "uv": [0, 17]},
						{"origin": [-2.5, 4, 1], "size": [1, 1, 1], "inflate": -0.25, "uv": [0, 17]},
						{"origin": [-2.5, 4, -2], "size": [1, 1, 1], "inflate": -0.25, "uv": [0, 17]},
						{"origin": [-2.5, 4, 1], "size": [1, 1, 1], "inflate": -0.25, "uv": [0, 17]},
						{"origin": [-2.5, 4, -1], "size": [1, 1, 1], "inflate": -0.25, "uv": [0, 17]},
						{"origin": [-2.5, 4, 2], "size": [1, 1, 1], "inflate": -0.25, "uv": [0, 17]},
						{"origin": [0, 4, -3], "size": [1, 1, 1], "inflate": -0.25, "uv": [0, 17]},
						{"origin": [0, 4, 0], "size": [1, 1, 1], "inflate": -0.25, "uv": [0, 17]},
						{"origin": [0, 4, -2], "size": [1, 1, 1], "inflate": -0.25, "uv": [0, 17]},
						{"origin": [0, 4, 1], "size": [1, 1, 1], "inflate": -0.25, "uv": [0, 17]},
						{"origin": [0, 4, -2], "size": [1, 1, 1], "inflate": -0.25, "uv": [0, 17]},
						{"origin": [0, 4, 1], "size": [1, 1, 1], "inflate": -0.25, "uv": [0, 17]},
						{"origin": [0, 4, -1], "size": [1, 1, 1], "inflate": -0.25, "uv": [0, 17]},
						{"origin": [0, 4, 2], "size": [1, 1, 1], "inflate": -0.25, "uv": [0, 17]},
						{"origin": [-2, 4, -3], "size": [1, 1, 1], "inflate": -0.25, "uv": [0, 17]},
						{"origin": [-2, 4, 0], "size": [1, 1, 1], "inflate": -0.25, "uv": [0, 17]},
						{"origin": [-2, 4, -2], "size": [1, 1, 1], "inflate": -0.25, "uv": [0, 17]},
						{"origin": [-2, 4, 1], "size": [1, 1, 1], "inflate": -0.25, "uv": [0, 17]},
						{"origin": [-2, 4, -2], "size": [1, 1, 1], "inflate": -0.25, "uv": [0, 17]},
						{"origin": [-2, 4, 1], "size": [1, 1, 1], "inflate": -0.25, "uv": [0, 17]},
						{"origin": [-2, 4, -1], "size": [1, 1, 1], "inflate": -0.25, "uv": [0, 17]},
						{"origin": [-2, 4, 2], "size": [1, 1, 1], "inflate": -0.25, "uv": [0, 17]}
					]
				},
				{
					"name": "head",
					"pivot": [0, 2, -3],
					"cubes": [
						{"origin": [-1.5, 1, -5], "size": [3, 3, 3], "uv": [0, 0]},
						{"origin": [0.5, 3, -4], "size": [2, 2, 1], "inflate": -0.45, "pivot": [1.5, 4, -3.5], "rotation": [0, 0, 45], "uv": [11, 0]},
						{"origin": [-2.5, 3, -4], "size": [2, 2, 1], "inflate": -0.45, "pivot": [-1.5, 4, -3.5], "rotation": [0, 0, 45], "uv": [11, 0]},
						{"origin": [-0.5, 1, -6.5], "size": [1, 1, 3], "pivot": [2, 2, -7], "rotation": [15, 0, 0], "uv": [23, 0]},
						{"origin": [-0.5, 1.25, -7.5], "size": [1, 1, 1], "inflate": -0.2, "uv": [0, 15]},
						{"origin": [-0.5, 1.25, -7], "size": [1, 1, 3], "inflate": -0.1, "pivot": [0, 2, -7], "rotation": [0, 10, 0], "uv": [0, 6]},
						{"origin": [-0.5, 1.25, -7], "size": [1, 1, 3], "inflate": -0.1, "pivot": [0, 2, -7], "rotation": [0, -10, 0], "uv": [0, 6]}
					]
				},
				{
					"name": "chest",
					"parent": "head",
					"pivot": [0, 4, -4],
					"cubes": [
						{"origin": [-2, 3.6, -6], "size": [4, 1, 4], "inflate": -0.4, "uv": [48, 59]},
						{"origin": [-1, 4, -5], "size": [2, 2, 2], "uv": [56, 49]}
					]
				},
				{
					"name": "leg0",
					"pivot": [1.5, 1, -2.5],
					"cubes": [
						{"origin": [1, 0, -3], "size": [1, 2, 1], "inflate": -0.25, "uv": [60, 0]},
						{"origin": [1, -0.35, -3.9], "size": [1, 1, 2], "inflate": -0.35, "uv": [60, 0]}
					]
				},
				{
					"name": "leg1",
					"pivot": [-1.5, 1, -2.5],
					"cubes": [
						{"origin": [-2, 0, -3], "size": [1, 2, 1], "inflate": -0.25, "uv": [60, 0]},
						{"origin": [-2, -0.35, -3.9], "size": [1, 1, 2], "inflate": -0.35, "uv": [60, 0]}
					]
				},
				{
					"name": "leg2",
					"pivot": [-1.5, 1, 2.5],
					"cubes": [
						{"origin": [-2, 0, 2], "size": [1, 2, 1], "inflate": -0.25, "uv": [60, 0]},
						{"origin": [-2, -0.35, 1.1], "size": [1, 1, 2], "inflate": -0.35, "uv": [60, 0]}
					]
				},
				{
					"name": "leg3",
					"pivot": [1.5, 1, 2.5],
					"cubes": [
						{"origin": [1, 0, 2], "size": [1, 2, 1], "inflate": -0.25, "uv": [60, 0]},
						{"origin": [1, -0.35, 1.1], "size": [1, 1, 2], "inflate": -0.35, "uv": [60, 0]}
					]
				}
			]
		}
	]
}