{
	"format_version": "1.12.0",
	"minecraft:geometry": [
		{
			"description": {
				"identifier": "geometry.flamingo",
				"texture_width": 128,
				"texture_height": 128,
				"visible_bounds_width": 2,
				"visible_bounds_height": 3,
				"visible_bounds_offset": [0, 0.5, 0]
			},
			"bones": [
				{
					"name": "leg0",
					"pivot": [2, 12, 2],
					"cubes": [
						{"origin": [1.5, -0.1, 1.5], "size": [1, 6, 1], "inflate": -0.12, "uv": [74, 67]},
						{"origin": [1.9, -0.1, -1.25], "size": [1, 1, 3], "inflate": -0.12, "pivot": [2, 0.4, 1.6], "rotation": [0, -25, 0], "uv": [57, 19]},
						{"origin": [1.1, -0.1, -1.25], "size": [1, 1, 3], "inflate": -0.12, "pivot": [2, 0.4, 1.6], "rotation": [0, 25, 0], "uv": [57, 19]},
						{"origin": [1.5, 5.55, 1.55], "size": [1, 6, 1], "inflate": -0.1, "pivot": [2, 5.5, 2], "rotation": [20, 0, 0], "uv": [63, 46]}
					]
				},
				{
					"name": "leg1",
					"pivot": [-2, 12, 2],
					"cubes": [
						{"origin": [-2.5, -0.1, 1.5], "size": [1, 6, 1], "inflate": -0.12, "uv": [74, 67]},
						{"origin": [-2.9, -0.1, -1.25], "size": [1, 1, 3], "inflate": -0.12, "pivot": [-2, 0.4, 1.6], "rotation": [0, 25, 0], "uv": [57, 19]},
						{"origin": [-2.1, -0.1, -1.25], "size": [1, 1, 3], "inflate": -0.12, "pivot": [-2, 0.4, 1.6], "rotation": [0, -25, 0], "uv": [57, 19]},
						{"origin": [-2.5, 5.55, 1.55], "size": [1, 6, 1], "inflate": -0.1, "pivot": [2, 5.5, 2], "rotation": [20, 0, 0], "uv": [63, 46]}
					]
				},
				{
					"name": "bone",
					"pivot": [3, 10, -3],
					"cubes": [
						{"origin": [-3, 10, -3], "size": [6, 6, 8], "uv": [0, 0]},
						{"origin": [-2.5, 15.3, 4.3], "size": [5, 1, 4], "inflate": -0.1, "pivot": [2.5, 15.3, 4.3], "rotation": [-40, 0, 0], "uv": [0, 15]}
					]
				},
				{
					"name": "head",
					"pivot": [0, 13, -3],
					"cubes": [
						{"origin": [-1, 12, -4], "size": [2, 6, 2], "inflate": -0.25, "pivot": [0, 13, -3], "rotation": [35, 0, 0], "uv": [120, 0]},
						{"origin": [-1, 16, -6.8], "size": [2, 6, 2], "inflate": -0.5, "uv": [107, 0]},
						{"origin": [-1.5, 21, -9.8], "size": [3, 3, 5], "inflate": -0.25, "uv": [0, 48]},
						{"origin": [-0.5, 21.9, -10.8], "size": [1, 1, 1], "inflate": 0.6, "pivot": [-0.5, 22.9, -9.8], "rotation": [22, 0, 0], "uv": [88, 0]},
						{"origin": [-1, 22.6, -13.9], "size": [2, 1, 2], "inflate": 0.15, "pivot": [0, 23.6, -10.9], "rotation": [62, 0, 0], "uv": [0, 90]}
					]
				},
				{
					"name": "wing0",
					"pivot": [3, 15.8, 0.5],
					"cubes": [
						{"origin": [3, 11.8, -2.5], "size": [1, 4, 6], "pivot": [3, 15.8, -2.5], "rotation": [0, 0, -10], "uv": [61, 0]}
					]
				},
				{
					"name": "wing1",
					"pivot": [-3, 15.8, 0.5],
					"cubes": [
						{"origin": [-4, 11.8, -2.5], "size": [1, 4, 6], "pivot": [-3, 15.8, -2.5], "rotation": [0, 0, 7.5], "uv": [29, 0]}
					]
				}
			]
		}
	]
}