{
	"format_version": "1.12.0",
	"minecraft:geometry": [
		{
			"description": {
				"identifier": "geometry.giraffe",
				"texture_width": 128,
				"texture_height": 128,
				"visible_bounds_width": 3,
				"visible_bounds_height": 6,
				"visible_bounds_offset": [0, 1, 0]
			},
			"bones": [
				{
					"name": "bone",
					"pivot": [0, 15, 0],
					"cubes": [
						{"origin": [-5, 15, -8], "size": [8, 8, 16], "uv": [80, 0]},
						{"origin": [-2, 15.6, 6.7], "size": [2, 8, 2], "inflate": -0.65, "pivot": [-1, 23, 8], "rotation": [30, 0, 0], "uv": [47, 0]},
						{"origin": [-2, 12.6, 6.7], "size": [2, 4, 2], "inflate": -0.3, "pivot": [-1, 23, 8], "rotation": [30, 0, 0], "uv": [48, 10]}
					]
				},
				{
					"name": "head",
					"pivot": [-1, 20, -8]
				},
				{
					"name": "cuello",
					"parent": "head",
					"pivot": [-1, 20, -7],
					"rotation": [20, 0, 0],
					"cubes": [
						{"origin": [-3, 20, -9], "size": [4, 12, 4], "pivot": [-1, 20, -7], "rotation": [15, 0, 0], "uv": [31, 0]},
						{"origin": [-3, 20, -9], "size": [4, 6, 4], "inflate": 0.25, "pivot": [-1, 20, -7], "rotation": [15, 0, 0], "uv": [0, 0]},
						{"origin": [-2, 20, -5], "size": [2, 13, 1], "pivot": [-2, 20, -3], "rotation": [15, 0, 0], "uv": [48, 32]}
					]
				},
				{
					"name": "bone2",
					"parent": "cuello",
					"pivot": [-1, 31.03015, -10.17101],
					"rotation": [-22.5, 0, 0],
					"cubes": [
						{"origin": [-3, 30.53015, -11.17101], "size": [4, 12, 4], "inflate": -0.25, "pivot": [-1, 19.53015, -7.17101], "rotation": [5, 0, 0], "uv": [0, 23]},
						{"origin": [-2, 31.53015, -7.42101], "size": [2, 13, 1], "pivot": [-2, 19.53015, -7.17101], "rotation": [5, 0, 0], "uv": [48, 32]},
						{"origin": [-4, 38.53015, -17.17101], "size": [6, 6, 8], "inflate": -0.25, "uv": [100, 24]},
						{"origin": [-3.5, 40.53015, -20.17101], "size": [5, 3, 4], "inflate": -0.26, "uv": [74, 24]},
						{"origin": [-3, 39.33015, -19.77101], "size": [4, 2, 4], "inflate": -0.26, "uv": [74, 34]},
						{"origin": [-1, 43.53015, -11.17101], "size": [4, 3, 1], "inflate": -0.25, "pivot": [2, 45.53015, -11.17101], "rotation": [0, 0, -45], "uv": [78, 0]},
						{"origin": [-5.5, 43.53015, -11.17101], "size": [4, 3, 1], "inflate": -0.25, "pivot": [-4, 44.53015, -11.17101], "rotation": [0, 0, 45], "uv": [78, 0]},
						{"origin": [-3.5, 42.53015, -11.17101], "size": [2, 4, 2], "inflate": -0.5, "uv": [0, 71]},
						{"origin": [-0.5, 42.53015, -11.17101], "size": [2, 4, 2], "inflate": -0.5, "uv": [0, 71]},
						{"origin": [-0.5, 48.03015, -6.17101], "size": [2, 4, 2], "inflate": -0.6, "pivot": [-4, 28.53015, 3.82899], "rotation": [15, 0, 0], "uv": [0, 58]},
						{"origin": [-3.5, 48.03015, -6.17101], "size": [2, 4, 2], "inflate": -0.6, "pivot": [-4, 28.53015, 3.82899], "rotation": [15, 0, 0], "uv": [0, 58]}
					]
				},
				{
					"name": "chest2",
					"parent": "bone2",
					"pivot": [0, -0.46985, 0.82899],
					"cubes": [
						{"origin": [-4, 38.53015, -17.67101], "size": [1, 5, 1], "uv": [0, 10]},
						{"origin": [-3, 42.53015, -17.67101], "size": [4, 1, 1], "uv": [0, 16]},
						{"origin": [-3, 38.53015, -17.67101], "size": [4, 1, 1], "uv": [0, 16]},
						{"origin": [1, 30.53015, -16.67101], "size": [1, 11, 1], "inflate": -0.1, "pivot": [2, 40.53015, -16.17101], "rotation": [41, 0, 0], "uv": [70, 48]},
						{"origin": [1, 40.53015, -16.67101], "size": [1, 1, 1], "inflate": 0.25, "uv": [0, 18]},
						{"origin": [-4, 30.53015, -16.67101], "size": [1, 11, 1], "inflate": -0.1, "pivot": [2, 40.53015, -16.17101], "rotation": [41, 0, 0], "uv": [70, 48]},
						{"origin": [-4, 40.53015, -16.67101], "size": [1, 1, 1], "inflate": 0.25, "uv": [0, 18]},
						{"origin": [1, 38.53015, -17.67101], "size": [1, 5, 1], "uv": [0, 10]}
					]
				},
				{
					"name": "chest1",
					"parent": "cuello",
					"pivot": [2, 39, -17],
					"cubes": [
						{"origin": [1, 23, -9.5], "size": [1, 11, 1], "pivot": [2, 33, -9], "rotation": [15, 0, 0], "uv": [70, 48]},
						{"origin": [-4, 23, -9.5], "size": [1, 11, 1], "pivot": [2, 33, -9], "rotation": [15, 0, 0], "uv": [70, 48]}
					]
				},
				{
					"name": "leg0",
					"pivot": [3, 20, 6],
					"cubes": [
						{"origin": [1, 12, 4.25], "size": [4, 8, 4], "uv": [51, 102]},
						{"origin": [2, 0, 5.25], "size": [2, 12, 2], "uv": [42, 72]},
						{"origin": [2, 0.25, 5.25], "size": [2, 2, 2], "inflate": 0.25, "uv": [120, 83]},
						{"origin": [3.25, 0, 3.25], "size": [1, 2, 2], "uv": [0, 78]},
						{"origin": [1.75, 0, 3.25], "size": [1, 2, 2], "uv": [0, 78]}
					]
				},
				{
					"name": "leg1",
					"pivot": [-5, 20, 6],
					"cubes": [
						{"origin": [-7, 12, 4.25], "size": [4, 8, 4], "uv": [51, 102]},
						{"origin": [-6, 0, 5.25], "size": [2, 12, 2], "uv": [42, 72]},
						{"origin": [-6, 0.25, 5.25], "size": [2, 2, 2], "inflate": 0.25, "uv": [120, 83]},
						{"origin": [-4.75, 0, 3.25], "size": [1, 2, 2], "uv": [0, 78]},
						{"origin": [-6.25, 0, 3.25], "size": [1, 2, 2], "uv": [0, 78]}
					]
				},
				{
					"name": "leg2",
					"pivot": [-5, 20, -7],
					"cubes": [
						{"origin": [-7, 12, -8.75], "size": [4, 8, 4], "uv": [51, 102]},
						{"origin": [-6, 0, -7.75], "size": [2, 12, 2], "uv": [42, 72]},
						{"origin": [-6, 0.25, -7.75], "size": [2, 2, 2], "inflate": 0.25, "uv": [120, 83]},
						{"origin": [-4.75, 0, -9.75], "size": [1, 2, 2], "uv": [0, 78]},
						{"origin": [-6.25, 0, -9.75], "size": [1, 2, 2], "uv": [0, 78]}
					]
				},
				{
					"name": "leg3",
					"pivot": [3, 20, -7],
					"cubes": [
						{"origin": [1, 12, -8.75], "size": [4, 8, 4], "uv": [51, 102]},
						{"origin": [2, 0, -7.75], "size": [2, 12, 2], "uv": [42, 72]},
						{"origin": [2, 0.25, -7.75], "size": [2, 2, 2], "inflate": 0.25, "uv": [120, 83]},
						{"origin": [3.25, 0, -9.75], "size": [1, 2, 2], "uv": [0, 78]},
						{"origin": [1.75, 0, -9.75], "size": [1, 2, 2], "uv": [0, 78]}
					]
				},
				{
					"name": "chest",
					"pivot": [0, 23, 0],
					"cubes": [
						{"origin": [-5, 22.2, -2], "size": [8, 1, 6], "inflate": 0.1, "uv": [0, 39]},
						{"origin": [3, 15, 0], "size": [1, 8, 2], "uv": [30, 37]},
						{"origin": [3, 22, -8], "size": [1, 1, 8], "uv": [0, 48]},
						{"origin": [1, 23, -8], "size": [2, 1, 1], "uv": [30, 39]},
						{"origin": [-5, 14, 0], "size": [8, 1, 2], "uv": [28, 48]},
						{"origin": [-6, 15, 0], "size": [1, 8, 2], "uv": [30, 37]},
						{"origin": [-8, 16, -3], "size": [3, 6, 8], "uv": [20, 54]},
						{"origin": [-8, 20, -3], "size": [3, 2, 8], "inflate": 0.1, "uv": [20, 54]},
						{"origin": [0, 16, 5], "size": [3, 6, 8], "pivot": [3, 16, 5], "rotation": [0, 180, 0], "uv": [20, 54]},
						{"origin": [0, 20, 5], "size": [3, 2, 8], "inflate": 0.1, "pivot": [3, 20, 5], "rotation": [0, 180, 0], "uv": [20, 54]},
						{"origin": [-8.7, 18.6, 0], "size": [2, 2, 2], "inflate": -0.5, "uv": [20, 54]},
						{"origin": [-1.3, 18.6, 8], "size": [2, 2, 2], "inflate": -0.5, "pivot": [2.7, 17.6, 5], "rotation": [0, 180, 0], "uv": [20, 54]},
						{"origin": [-6, 22, -8], "size": [1, 1, 8], "uv": [0, 48]},
						{"origin": [-5, 23, -8], "size": [2, 1, 1], "uv": [30, 39]},
						{"origin": [-4, 22.2, -3.2], "size": [6, 1, 1], "inflate": 0.1, "uv": [0, 46]},
						{"origin": [-4, 22.2, 4.2], "size": [6, 1, 1], "inflate": 0.1, "uv": [0, 46]}
					]
				}
			]
		}
	]
}