{
	"format_version": "1.12.0",
	"minecraft:geometry": [
		{
			"description": {
				"identifier": "geometry.gorilla",
				"texture_width": 64,
				"texture_height": 64,
				"visible_bounds_width": 3,
				"visible_bounds_height": 4,
				"visible_bounds_offset": [0, 1, 0]
			},
			"bones": [
				{
					"name": "gorilla",
					"pivot": [0, 0, 0]
				},
				{
					"name": "leg2",
					"parent": "gorilla",
					"pivot": [4, 14, 8],
					"cubes": [
						{"origin": [4, 0, 6], "size": [4, 8, 4], "uv": [48, 33]},
						{"origin": [4, 0, 5], "size": [4, 2, 1], "uv": [13, 16]},
						{"origin": [4, 8, 6], "size": [4, 6, 4], "inflate": 0.5, "uv": [0, 30]}
					]
				},
				{
					"name": "leg3",
					"parent": "gorilla",
					"pivot": [-4, 14, 8],
					"cubes": [
						{"origin": [-8, 0, 6], "size": [4, 8, 4], "uv": [48, 33]},
						{"origin": [-8, 0, 5], "size": [4, 2, 1], "uv": [13, 16]},
						{"origin": [-8, 8, 6], "size": [4, 6, 4], "inflate": 0.5, "uv": [0, 30]}
					]
				},
				{
					"name": "cube",
					"parent": "gorilla",
					"pivot": [0, 8, 8],
					"cubes": [
						{"origin": [-6, 14, -11], "size": [12, 8, 20], "pivot": [0, 14, -9], "rotation": [-25, 0, 0], "uv": [0, 36]}
					]
				},
				{
					"name": "leg1",
					"parent": "cube",
					"pivot": [-6, 16, -7],
					"cubes": [
						{"origin": [-10, 10, -9], "size": [4, 8, 4], "uv": [0, 18]},
						{"origin": [-10, 0, -9], "size": [4, 2, 4], "uv": [48, 27]},
						{"origin": [-11, 2, -10], "size": [6, 8, 6], "uv": [20, 20]}
					]
				},
				{
					"name": "leg0",
					"parent": "cube",
					"pivot": [6, 16, -7],
					"cubes": [
						{"origin": [6, 10, -9], "size": [4, 8, 4], "uv": [0, 18]},
						{"origin": [6, 0, -9], "size": [4, 2, 4], "uv": [48, 27]},
						{"origin": [5, 2, -10], "size": [6, 8, 6], "uv": [20, 20]}
					]
				},
				{
					"name": "head",
					"parent": "cube",
					"pivot": [0, 16, -9],
					"cubes": [
						{"origin": [-4, 16, -13], "size": [8, 8, 8], "uv": [0, 0]},
						{"origin": [4, 19, -11], "size": [1, 3, 2], "uv": [0, 0]},
						{"origin": [-5, 19, -11], "size": [1, 3, 2], "uv": [0, 0]},
						{"origin": [-3, 21, -14], "size": [6, 1, 1], "uv": [50, 14]},
						{"origin": [-2, 17, -14], "size": [4, 3, 1], "uv": [54, 16]},
						{"origin": [-4, 21, -16], "size": [8, 6, 8], "inflate": -0.25, "pivot": [0, 16, -9], "rotation": [-25, 0, 0], "uv": [32, 0]}
					]
				}
			]
		}
	]
}