{
	"format_version": "1.12.0",
	"minecraft:geometry": [
		{
			"description": {
				"identifier": "geometry.hammerhead_shark",
				"texture_width": 128,
				"texture_height": 128,
				"visible_bounds_width": 6,
				"visible_bounds_height": 2,
				"visible_bounds_offset": [0, 0, 0]
			},
			"bones": [
				{
					"name": "cabeza",
					"pivot": [0, 0, -2],
					"mirror": true,
					"cubes": [
						{"origin": [-3, 1, -14], "size": [6, 2, 7], "pivot": [-1, 1, -7], "rotation": [5, 0, 0], "uv": [0, 119]},
						{"origin": [2, 2.2, -14], "size": [1, 2, 1], "inflate": -0.35, "pivot": [-1, 1, -7], "rotation": [5, 0, 0], "uv": [0, 112]},
						{"origin": [-3, 2.2, -14], "size": [1, 2, 1], "inflate": -0.35, "pivot": [-6, 1, -7], "rotation": [5, 0, 0], "uv": [0, 112]},
						{"origin": [2, 2.2, -13.5], "size": [1, 2, 1], "inflate": -0.35, "pivot": [-1, 1, -7], "rotation": [5, 0, 0], "uv": [0, 112]},
						{"origin": [-3, 2.2, -13.5], "size": [1, 2, 1], "inflate": -0.35, "pivot": [-6, 1, -7], "rotation": [5, 0, 0], "uv": [0, 112]},
						{"origin": [2, 2.2, -12.5], "size": [1, 2, 1], "inflate": -0.35, "pivot": [-1, 1, -7], "rotation": [5, 0, 0], "uv": [0, 112]},
						{"origin": [-3, 2.2, -12.5], "size": [1, 2, 1], "inflate": -0.35, "pivot": [-6, 1, -7], "rotation": [5, 0, 0], "uv": [0, 112]},
						{"origin": [2, 2.2, -11.5], "size": [1, 2, 1], "inflate": -0.35, "pivot": [-1, 1, -7], "rotation": [5, 0, 0], "uv": [0, 112]},
						{"origin": [-3, 2.2, -11.5], "size": [1, 2, 1], "inflate": -0.35, "pivot": [-6, 1, -7], "rotation": [5, 0, 0], "uv": [0, 112]},
						{"origin": [2, 2.2, -13], "size": [1, 2, 1], "inflate": -0.35, "pivot": [-1, 1, -7], "rotation": [5, 0, 0], "uv": [0, 112]},
						{"origin": [-3, 2.2, -13], "size": [1, 2, 1], "inflate": -0.35, "pivot": [-6, 1, -7], "rotation": [5, 0, 0], "uv": [0, 112]},
						{"origin": [2, 2.2, -12], "size": [1, 2, 1], "inflate": -0.35, "pivot": [-1, 1, -7], "rotation": [5, 0, 0], "uv": [0, 112]},
						{"origin": [-3, 2.2, -12], "size": [1, 2, 1], "inflate": -0.35, "pivot": [-6, 1, -7], "rotation": [5, 0, 0], "uv": [0, 112]},
						{"origin": [2, 2.65, -14], "size": [1, 2, 1], "inflate": -0.4, "pivot": [-1, 1, -7], "rotation": [5, 0, 0], "uv": [0, 112]},
						{"origin": [-3, 2.65, -14], "size": [1, 2, 1], "inflate": -0.4, "pivot": [-6, 1, -7], "rotation": [5, 0, 0], "uv": [0, 112]},
						{"origin": [2, 2.65, -13.5], "size": [1, 2, 1], "inflate": -0.4, "pivot": [-1, 1, -7], "rotation": [5, 0, 0], "uv": [0, 112]},
						{"origin": [-3, 2.65, -13.5], "size": [1, 2, 1], "inflate": -0.4, "pivot": [-6, 1, -7], "rotation": [5, 0, 0], "uv": [0, 112]},
						{"origin": [2, 2.65, -12.5], "size": [1, 2, 1], "inflate": -0.4, "pivot": [-1, 1, -7], "rotation": [5, 0, 0], "uv": [0, 112]},
						{"origin": [-3, 2.65, -12.5], "size": [1, 2, 1], "inflate": -0.4, "pivot": [-6, 1, -7], "rotation": [5, 0, 0], "uv": [0, 112]},
						{"origin": [2, 2.65, -11.5], "size": [1, 2, 1], "inflate": -0.4, "pivot": [-1, 1, -7], "rotation": [5, 0, 0], "uv": [0, 112]},
						{"origin": [-3, 2.65, -11.5], "size": [1, 2, 1], "inflate": -0.4, "pivot": [-6, 1, -7], "rotation": [5, 0, 0], "uv": [0, 112]},
						{"origin": [2, 2.65, -13], "size": [1, 2, 1], "inflate": -0.4, "pivot": [-1, 1, -7], "rotation": [5, 0, 0], "uv": [0, 112]},
						{"origin": [-3, 2.65, -13], "size": [1, 2, 1], "inflate": -0.4, "pivot": [-6, 1, -7], "rotation": [5, 0, 0], "uv": [0, 112]},
						{"origin": [2, 2.65, -12], "size": [1, 2, 1], "inflate": -0.4, "pivot": [-1, 1, -7], "rotation": [5, 0, 0], "uv": [0, 112]},
						{"origin": [-3, 2.65, -12], "size": [1, 2, 1], "inflate": -0.4, "pivot": [-6, 1, -7], "rotation": [5, 0, 0], "uv": [0, 112]},
						{"origin": [-3, 5.8, -15], "size": [6, 2, 8], "pivot": [-1, 6, -4], "rotation": [20, 0, 0], "uv": [0, 92]},
						{"origin": [-7, 6.3, -18], "size": [14, 2, 3], "pivot": [3, 6, -4], "rotation": [20, 0, 0], "uv": [84, 88]},
						{"origin": [2, 3.8, -11], "size": [1, 2, 4], "inflate": -0.01, "pivot": [-1, 6, -4], "rotation": [15, 0, 0], "uv": [16, 66]},
						{"origin": [-3, 3.8, -11], "size": [1, 2, 4], "inflate": -0.01, "pivot": [-1, 6, -4], "rotation": [15, 0, 0], "uv": [0, 66]},
						{"origin": [-4, 1, -8], "size": [8, 6, 6], "uv": [0, 0]}
					]
				},
				{
					"name": "body",
					"pivot": [0, 0, -3],
					"mirror": true,
					"cubes": [
						{"origin": [-4, 0, -3], "size": [8, 7, 13], "inflate": 0.25, "uv": [0, 13]}
					]
				},
				{
					"name": "tail",
					"pivot": [0, 2.5, 7],
					"mirror": true,
					"cubes": [
						{"origin": [-3, 0, 15], "size": [6, 7, 12], "inflate": -0.5, "uv": [0, 33]},
						{"origin": [-3, 0, 9], "size": [6, 7, 8], "inflate": -0.25, "uv": [100, 21]},
						{"origin": [-0.5, 2, 25], "size": [1, 4, 6], "pivot": [0, 3, 25], "rotation": [45, 0, 0], "uv": [45, 50]},
						{"origin": [-0.5, 1, 24], "size": [1, 4, 6], "pivot": [0, 2, 24], "rotation": [-45, 0, 0], "uv": [45, 50]},
						{"origin": [-0.5, 2.5, 29], "size": [1, 4, 6], "inflate": -0.25, "pivot": [0, 3, 23], "rotation": [30, 0, 0], "uv": [45, 50]},
						{"origin": [-0.5, 0.5, 28], "size": [1, 4, 6], "inflate": -0.25, "pivot": [0, 1, 22], "rotation": [-30, 0, 0], "uv": [45, 50]},
						{"origin": [-0.5, 14.5, 11], "size": [1, 3, 6], "inflate": -0.25, "pivot": [0, 6, 7], "rotation": [-60, 0, 0], "uv": [79, 61]},
						{"origin": [-2.5, 12.5, 9], "size": [1, 3, 6], "inflate": -0.25, "pivot": [-2, 4, 5], "rotation": [-60, 0, 0], "uv": [114, 0]},
						{"origin": [1.5, 12.5, 9], "size": [1, 3, 6], "inflate": -0.25, "pivot": [2, 4, 5], "rotation": [-60, 0, 0], "uv": [114, 0]}
					]
				},
				{
					"name": "back_fin",
					"pivot": [0, 6, 1],
					"rotation": [-60, 0, 0],
					"mirror": true,
					"cubes": [
						{"origin": [-0.5, 3.40192, -1.5], "size": [1, 9, 9], "inflate": -0.25, "uv": [69, 31]}
					]
				},
				{
					"name": "left_fin",
					"pivot": [-3, 1, -1],
					"rotation": [0, 25, -20],
					"mirror": true,
					"cubes": [
						{"origin": [-11, 1, -2], "size": [8, 1, 4], "uv": [40, 0]}
					]
				},
				{
					"name": "right_fin",
					"pivot": [3, 1, -1],
					"rotation": [0, -25, 20],
					"mirror": true,
					"cubes": [
						{"origin": [3, 1, -2], "size": [8, 1, 4], "uv": [40, 6]}
					]
				}
			]
		}
	]
}