{
	"format_version": "1.12.0",
	"minecraft:geometry": [
		{
			"description": {
				"identifier": "geometry.iguana",
				"texture_width": 64,
				"texture_height": 64,
				"visible_bounds_width": 4,
				"visible_bounds_height": 2.5,
				"visible_bounds_offset": [0, 0.75, 0]
			},
			"bones": [
				{
					"name": "model",
					"pivot": [0, 0, 0]
				},
				{
					"name": "leg2",
					"parent": "model",
					"pivot": [-2, 3.5, 4.5],
					"cubes": [
						{"origin": [-4.7, 1.9, 3], "size": [3.5, 2, 3], "inflate": -0.1, "pivot": [-2, 3.8, 5], "rotation": [0, 0, -27.5], "uv": [0, 35]},
						{"origin": [-4.5, -0.2, 3], "size": [2, 3, 3], "inflate": -0.2, "uv": [0, 42]},
						{"origin": [-5, -0.4, 2], "size": [3, 1, 4], "inflate": -0.3, "uv": [12, 34]},
						{"origin": [-3, -0.4, 0.6], "size": [1, 1, 2], "inflate": -0.31, "uv": [13, 39]},
						{"origin": [-4, -0.4, 0.6], "size": [1, 1, 2], "inflate": -0.31, "uv": [13, 39]},
						{"origin": [-5, -0.4, 0.6], "size": [1, 1, 2], "inflate": -0.31, "uv": [13, 39]},
						{"origin": [-5, 0, 2], "size": [3, 1, 4], "inflate": -0.3, "uv": [12, 34]}
					]
				},
				{
					"name": "leg3",
					"parent": "model",
					"pivot": [-2, 3.5, -4.5],
					"cubes": [
						{"origin": [-4.7, 1.9, -6], "size": [3.5, 2, 3], "inflate": -0.1, "pivot": [-2, 3.8, -4], "rotation": [0, 0, -27.5], "uv": [0, 35]},
						{"origin": [-4.5, -0.2, -6], "size": [2, 3, 3], "inflate": -0.2, "uv": [0, 42]},
						{"origin": [-5, -0.4, -7], "size": [3, 1, 4], "inflate": -0.3, "uv": [12, 34]},
						{"origin": [-3, -0.4, -8.4], "size": [1, 1, 2], "inflate": -0.31, "uv": [13, 39]},
						{"origin": [-4, -0.4, -8.4], "size": [1, 1, 2], "inflate": -0.31, "uv": [13, 39]},
						{"origin": [-5, -0.4, -8.4], "size": [1, 1, 2], "inflate": -0.31, "uv": [13, 39]},
						{"origin": [-5, 0, -7], "size": [3, 1, 4], "inflate": -0.3, "uv": [12, 34]}
					]
				},
				{
					"name": "leg1",
					"parent": "model",
					"pivot": [2, 3.5, 4.5],
					"cubes": [
						{"origin": [1.9, 2, 3], "size": [3, 2, 3], "inflate": -0.1, "pivot": [2, 3.8, 5], "rotation": [0, 0, 27.5], "uv": [0, 35]},
						{"origin": [2.7, -0.2, 3], "size": [2, 3, 3], "inflate": -0.2, "uv": [0, 42]},
						{"origin": [2.2, -0.4, 2], "size": [3, 1, 4], "inflate": -0.3, "uv": [12, 34]},
						{"origin": [4.2, -0.4, 0.6], "size": [1, 1, 2], "inflate": -0.31, "uv": [13, 39]},
						{"origin": [3.2, -0.4, 0.6], "size": [1, 1, 2], "inflate": -0.31, "uv": [13, 39]},
						{"origin": [2.2, -0.4, 0.6], "size": [1, 1, 2], "inflate": -0.31, "uv": [13, 39]},
						{"origin": [2.2, 0, 2], "size": [3, 1, 4], "inflate": -0.3, "uv": [12, 34]}
					]
				},
				{
					"name": "leg0",
					"parent": "model",
					"pivot": [2, 3.5, -4.5],
					"cubes": [
						{"origin": [1.9, 2, -6], "size": [3, 2, 3], "inflate": -0.1, "pivot": [2, 3.8, -4], "rotation": [0, 0, 27.5], "uv": [0, 35]},
						{"origin": [2.7, -0.2, -6], "size": [2, 3, 3], "inflate": -0.2, "uv": [0, 42]},
						{"origin": [2.2, -0.4, -7], "size": [3, 1, 4], "inflate": -0.3, "uv": [12, 34]},
						{"origin": [4.2, -0.4, -8.4], "size": [1, 1, 2], "inflate": -0.31, "uv": [13, 39]},
						{"origin": [3.2, -0.4, -8.4], "size": [1, 1, 2], "inflate": -0.31, "uv": [13, 39]},
						{"origin": [2.2, -0.4, -8.4], "size": [1, 1, 2], "inflate": -0.31, "uv": [13, 39]},
						{"origin": [2.2, 0, -7], "size": [3, 1, 4], "inflate": -0.3, "uv": [12, 34]}
					]
				},
				{
					"name": "head",
					"parent": "model",
					"pivot": [0, 4.8, -5],
					"cubes": [
						{"origin": [-1.5, 3.3, -8], "size": [3, 3, 4], "pivot": [0, 4.8, -5], "rotation": [-35, 0, 0], "uv": [0, 0]},
						{"origin": [-1, 6.3, -9], "size": [1, 3, 9], "pivot": [0, 4.8, -5], "rotation": [-35, 0, 0], "uv": [32, 19]},
						{"origin": [-0.5, 1.3, -11], "size": [1, 3, 7], "inflate": -0.4, "pivot": [0, 4.8, -5], "rotation": [-35, 0, 0], "uv": [22, 8]},
						{"origin": [-0.5, 1.525, -6.7], "size": [1, 2, 3], "inflate": -0.41, "uv": [14, 0]},
						{"origin": [-2, 5.8, -13.6], "size": [4, 3, 7], "uv": [0, 7]},
						{"origin": [-1, 8.8, -13.6], "size": [1, 3, 7], "uv": [16, 19]},
						{"origin": [1.5, 4.8, -10.6], "size": [1, 2, 2], "uv": [22, 9]},
						{"origin": [-2.5, 4.8, -10.6], "size": [1, 2, 2], "uv": [22, 9]},
						{"origin": [-2, 5, -13.6], "size": [4, 1, 7], "inflate": -0.2, "uv": [0, 26]}
					]
				},
				{
					"name": "bone",
					"parent": "model",
					"pivot": [0, 2, 0],
					"cubes": [
						{"origin": [-2, 2, -6], "size": [4, 4, 12], "uv": [0, 48]},
						{"origin": [-1, 6, -6], "size": [1, 4, 12], "uv": [38, 31]}
					]
				},
				{
					"name": "tail",
					"parent": "bone",
					"pivot": [0, 6, 6],
					"rotation": [-12.5, 0, 0],
					"cubes": [
						{"origin": [-1.5, 3, 6], "size": [3, 3, 6], "uv": [46, 0]},
						{"origin": [-1, 6, 6], "size": [1, 3, 6], "uv": [36, 31]}
					]
				},
				{
					"name": "tail2",
					"parent": "tail",
					"pivot": [0, 5.5, 12],
					"rotation": [-10, 0, 0],
					"cubes": [
						{"origin": [-1, 3.5, 11], "size": [2, 2, 6], "uv": [21, 0]},
						{"origin": [-1, 5.5, 11], "size": [1, 2, 6], "uv": [38, 47]}
					]
				},
				{
					"name": "tail3",
					"parent": "tail2",
					"pivot": [0, 4.5076, 17.08682],
					"cubes": [
						{"origin": [-0.5, 4.0076, 16.08682], "size": [1, 1, 6], "uv": [50, 12]}
					]
				}
			]
		}
	]
}