{
	"format_version": "1.12.0",
	"minecraft:geometry": [
		{
			"description": {
				"identifier": "geometry.kiwi",
				"texture_width": 64,
				"texture_height": 64,
				"visible_bounds_width": 2,
				"visible_bounds_height": 1,
				"visible_bounds_offset": [0, 0, 0]
			},
			"bones": [
				{
					"name": "bone",
					"pivot": [0, 0, 0],
					"cubes": [
						{"origin": [-4, 4, -4], "size": [8, 8, 8], "inflate": -0.5, "uv": [0, 48]},
						{"origin": [3, 9, -1], "size": [1, 2, 2], "inflate": -0.1, "uv": [0, 48]},
						{"origin": [-4, 9, -1], "size": [1, 2, 2], "inflate": -0.1, "uv": [0, 48]}
					]
				},
				{
					"name": "head",
					"pivot": [0, 10, -3],
					"cubes": [
						{"origin": [-2, 11, -9], "size": [4, 4, 4], "uv": [0, 0]},
						{"origin": [-0.5, 12, -15], "size": [1, 1, 6], "uv": [0, 19]},
						{"origin": [-2, 12, -6], "size": [4, 4, 6], "inflate": -0.5, "pivot": [0, 14, -7], "rotation": [-40, 0, 0], "uv": [44, 0]}
					]
				},
				{
					"name": "leg0",
					"pivot": [-2, 4, 1],
					"cubes": [
						{"origin": [-2.5, 0, 0.5], "size": [1, 5, 1], "uv": [60, 27]},
						{"origin": [-2.5, 0, -0.5], "size": [1, 1, 1], "uv": [0, 0]}
					]
				},
				{
					"name": "leg1",
					"pivot": [2, 4, 1],
					"cubes": [
						{"origin": [1.5, 0, 0.5], "size": [1, 5, 1], "uv": [60, 27]},
						{"origin": [1.5, 0, -0.5], "size": [1, 1, 1], "uv": [0, 0]}
					]
				}
			]
		}
	]
}