{
	"format_version": "1.12.0",
	"minecraft:geometry": [
		{
			"description": {
				"identifier": "geometry.land_turtle",
				"texture_width": 64,
				"texture_height": 64,
				"visible_bounds_width": 3,
				"visible_bounds_height": 2.5,
				"visible_bounds_offset": [0, 0.75, 0]
			},
			"bones": [
				{
					"name": "caparason",
					"pivot": [0, 2, 0],
					"cubes": [
						{"origin": [-6, 2, -6], "size": [12, 2, 12], "uv": [16, 50]},
						{"origin": [-5, 4, -5], "size": [10, 4, 10], "uv": [24, 0]},
						{"origin": [-5, 1, -5], "size": [10, 1, 10], "uv": [24, 14]},
						{"origin": [-4, 8, -4], "size": [8, 1, 8], "uv": [32, 34]}
					]
				},
				{
					"name": "tail",
					"parent": "caparason",
					"pivot": [0, 2.7, 6],
					"cubes": [
						{"origin": [-0.5, 2, 5.3], "size": [1, 1, 2], "pivot": [0, 2, 6], "rotation": [-35, 0, 0], "uv": [2, 7]},
						{"origin": [-0.5, 2, 7.1], "size": [1, 1, 2], "inflate": -0.2, "pivot": [0, 2, 6], "rotation": [-35, 0, 0], "uv": [2, 7]}
					]
				},
				{
					"name": "leg0",
					"pivot": [4.9, 2, -4.9],
					"cubes": [
						{"origin": [3.9, 0, -5.9], "size": [2, 3, 2], "uv": [0, 0]}
					]
				},
				{
					"name": "leg1",
					"pivot": [-4.9, 2, -4.9],
					"cubes": [
						{"origin": [-5.9, 0, -5.9], "size": [2, 3, 2], "uv": [0, 0]}
					]
				},
				{
					"name": "leg2",
					"pivot": [4.9, 2, 4.9],
					"cubes": [
						{"origin": [3.9, 0, 3.9], "size": [2, 3, 2], "uv": [0, 0]}
					]
				},
				{
					"name": "leg3",
					"pivot": [-4.9, 2, 4.9],
					"cubes": [
						{"origin": [-5.9, 0, 3.9], "size": [2, 3, 2], "uv": [0, 0]}
					]
				},
				{
					"name": "head",
					"pivot": [0, 3, -5],
					"cubes": [
						{"origin": [-1.5, 1.5, -8], "size": [3, 3, 3], "uv": [0, 32]}
					]
				}
			]
		}
	]
}