{
	"format_version": "1.12.0",
	"minecraft:geometry": [
		{
			"description": {
				"identifier": "geometry.lantern_fish",
				"texture_width": 64,
				"texture_height": 64,
				"visible_bounds_width": 3,
				"visible_bounds_height": 2.5,
				"visible_bounds_offset": [0, 0.75, 0]
			},
			"bones": [
				{
					"name": "bone",
					"pivot": [0, 0, 0],
					"cubes": [
						{"origin": [-3, 3, -4], "size": [6, 6, 8], "inflate": 0.1, "uv": [0, 0]},
						{"origin": [-1, 9, -2], "size": [1, 3, 6], "inflate": 0, "uv": [40, 35]},
						{"origin": [-2.25, 2, -3.9], "size": [5, 1, 1], "uv": [39, 29]},
						{"origin": [-3, 0.1, 0], "size": [6, 3, 4], "inflate": -0.1, "uv": [0, 32]},
						{"origin": [2, 2.4, -4], "size": [1, 3, 4], "inflate": -0.1, "uv": [40, 9]},
						{"origin": [-3.8, 2.4, -4], "size": [1, 3, 4], "inflate": -0.1, "uv": [40, 9]}
					]
				},
				{
					"name": "boca",
					"parent": "bone",
					"pivot": [0, 3, 2],
					"cubes": [
						{"origin": [-3, 0, -4], "size": [6, 3, 6], "inflate": 0.2, "uv": [40, 19]},
						{"origin": [2, 3.375, -4], "size": [1, 3, 6], "inflate": 0.175, "uv": [38, 7]},
						{"origin": [-4.375, 3.375, -4], "size": [1, 3, 6], "inflate": 0.175, "uv": [38, 7]},
						{"origin": [-2.25, 3.2, -4.175], "size": [5, 1, 1], "uv": [39, 29]}
					]
				},
				{
					"name": "bone6",
					"parent": "bone",
					"pivot": [0, 7.9, -2],
					"rotation": [20, 0, 0],
					"cubes": [
						{"origin": [-0.5, 6.9, -2.5], "size": [1, 5, 1], "inflate": -0.3, "uv": [44, 0]},
						{"origin": [-0.5, 11.2, -2.6], "size": [1, 6, 1], "inflate": -0.4, "pivot": [0, 11.7, -2], "rotation": [50, 0, 0], "uv": [60, 0]},
						{"origin": [-0.5, 12.5, -9.2], "size": [1, 4, 1], "inflate": -0.4, "pivot": [0, 11.7, -9], "rotation": [-40, 0, 0], "uv": [55, 0]},
						{"origin": [-0.5, 10.3, -8.5], "size": [1, 2, 1], "inflate": 0.25, "uv": [60, 13]}
					]
				},
				{
					"name": "bone2",
					"pivot": [0, 4, 4],
					"cubes": [
						{"origin": [-2, 1, 4], "size": [4, 6, 3], "uv": [0, 16]},
						{"origin": [-2, 1, 1], "size": [4, 6, 3], "uv": [0, 16]},
						{"origin": [-1, 6, 4], "size": [1, 5, 4], "inflate": 0, "uv": [42, 45]}
					]
				},
				{
					"name": "bone3",
					"parent": "bone2",
					"pivot": [0, 4, 7],
					"cubes": [
						{"origin": [-1.5, 1.5, 7], "size": [3, 5, 1], "uv": [14, 16]},
						{"origin": [-1.5, 1.5, 6], "size": [3, 5, 1], "uv": [14, 16]},
						{"origin": [-1, 0, 8], "size": [1, 8, 8], "uv": [0, 48]}
					]
				},
				{
					"name": "bone4",
					"pivot": [3, 5, 2],
					"cubes": [
						{"origin": [2, 4, 2], "size": [1, 3, 2], "pivot": [3, 5, 2], "rotation": [0, 37.5, 0], "uv": [0, 26]}
					]
				},
				{
					"name": "bone5",
					"pivot": [-3, 5, 2],
					"rotation": [0, 180, 0],
					"cubes": [
						{"origin": [-4, 4, 0], "size": [1, 3, 2], "pivot": [-3, 5, 2], "rotation": [0, -37.5, 0], "uv": [0, 26]}
					]
				}
			]
		}
	]
}