{
	"format_version": "1.12.0",
	"minecraft:geometry": [
		{
			"description": {
				"identifier": "geometry.lion_armor",
				"texture_width": 128,
				"texture_height": 128,
				"visible_bounds_width": 4,
				"visible_bounds_height": 4,
				"visible_bounds_offset": [0, 1, 0]
			},
			"bones": [
				{
					"name": "bone",
					"pivot": [0, 13, 0]
				},
				{
					"name": "chest1",
					"parent": "bone",
					"pivot": [6, 11, 6],
					"rotation": [0, -90, 0],
					"cubes": [
						{"origin": [2, 11, 5.5], "size": [4, 4, 2], "inflate": 0.45, "uv": [17, 28]},
						{"origin": [2, 11, 17], "size": [4, 4, 2], "inflate": 0.45, "uv": [17, 28]},
						{"origin": [2.5, 15.5, 17], "size": [3, 2, 1], "uv": [0, 51]},
						{"origin": [2.5, 15.5, 6], "size": [3, 2, 1], "uv": [0, 51]},
						{"origin": [2.5, 16.5, 7], "size": [3, 1, 10], "uv": [1, 45]},
						{"origin": [-0.5, 16.75, 9], "size": [8, 1, 6], "uv": [20, 39]},
						{"origin": [7.5, 16.75, 10], "size": [1, 1, 4], "uv": [22, 47]},
						{"origin": [-1.5, 16.75, 10], "size": [1, 1, 4], "uv": [22, 47]}
					]
				}
			]
		}
	]
}