{
	"format_version": "1.12.0",
	"minecraft:geometry": [
		{
			"description": {
				"identifier": "geometry.lion",
				"texture_width": 128,
				"texture_height": 128,
				"visible_bounds_width": 4,
				"visible_bounds_height": 4,
				"visible_bounds_offset": [0, 1, 0]
			},
			"bones": [
				{
					"name": "bone",
					"pivot": [0, 13, 0],
					"cubes": [
						{"origin": [-5, 8, -5], "size": [10, 9, 14], "uv": [80, 31]},
						{"origin": [-5, 7, -12], "size": [10, 10, 10], "inflate": 0.25, "pivot": [1, 13, 0], "rotation": [-15, 0, 0], "uv": [88, 0]}
					]
				},
				{
					"name": "tale",
					"parent": "bone",
					"pivot": [0, 15, 9],
					"cubes": [
						{"origin": [-0.5, 14.5, 8], "size": [1, 1, 9], "pivot": [0, 15, 9], "rotation": [-35, 0, 0], "uv": [108, 62]},
						{"origin": [-1.5, 13.5, 16], "size": [3, 3, 2], "inflate": -0.4, "pivot": [0, 15, 9], "rotation": [-35, 0, 0], "uv": [118, 91]},
						{"origin": [-1.5, 13.5, 15.25], "size": [3, 3, 2], "inflate": -0.75, "pivot": [0, 15, 9], "rotation": [-35, 0, 0], "uv": [118, 91]},
						{"origin": [-1.5, 13.5, 16.9], "size": [3, 3, 2], "inflate": -0.5, "pivot": [0, 15, 9], "rotation": [-35, 0, 0], "uv": [118, 91]}
					]
				},
				{
					"name": "chest1",
					"parent": "bone",
					"pivot": [6, 11, 6],
					"rotation": [0, -90, 0],
					"cubes": [
						{"origin": [2, 11, 5.5], "size": [4, 4, 2], "inflate": 0.45, "uv": [17, 28]},
						{"origin": [2, 11, 17], "size": [4, 4, 2], "inflate": 0.45, "uv": [17, 28]},
						{"origin": [2.5, 15.5, 17], "size": [3, 2, 1], "uv": [0, 51]},
						{"origin": [2.5, 15.5, 6], "size": [3, 2, 1], "uv": [0, 51]},
						{"origin": [2.5, 16.5, 7], "size": [3, 1, 10], "uv": [1, 45]},
						{"origin": [-0.5, 16.75, 9], "size": [8, 1, 6], "uv": [20, 39]},
						{"origin": [7.5, 16.75, 10], "size": [1, 1, 4], "uv": [22, 47]},
						{"origin": [-1.5, 16.75, 10], "size": [1, 1, 4], "uv": [22, 47]}
					]
				},
				{
					"name": "head",
					"parent": "bone",
					"pivot": [0, 17, -10],
					"cubes": [
						{"origin": [-5, 12.5, -15], "size": [10, 9, 6], "pivot": [5, 13, -14], "rotation": [-10, 0, 0], "uv": [0, 0]},
						{"origin": [-3, 13.85, -16], "size": [6, 6, 4], "uv": [36, 12]},
						{"origin": [2, 18.85, -15], "size": [2, 2, 1], "uv": [0, 21]},
						{"origin": [-4, 18.85, -15], "size": [2, 2, 1], "uv": [0, 21]},
						{"origin": [-2, 14, -19], "size": [4, 3, 4], "uv": [0, 31]},
						{"origin": [-0.5, 16.1, -19.1], "size": [1, 1, 1], "uv": [0, 51]},
						{"origin": [-2, 14, -18], "size": [4, 1, 3], "inflate": -0.1, "pivot": [0, 13, -15], "rotation": [15, 0, 0], "uv": [23, 21]},
						{"origin": [-3, 9, -13.5], "size": [6, 4, 4], "pivot": [3, 9, -14], "rotation": [10, 0, 0], "uv": [61, 17]}
					]
				},
				{
					"name": "leg0",
					"pivot": [-3, 8, 7],
					"cubes": [
						{"origin": [-5, 0, 5], "size": [4, 6, 4], "uv": [0, 72]},
						{"origin": [-5, 0, 4], "size": [4, 2, 1], "uv": [0, 85]},
						{"origin": [-5, 6, 5], "size": [4, 6, 4], "inflate": 0.2, "uv": [0, 58]}
					]
				},
				{
					"name": "leg2",
					"pivot": [3, 8, 7],
					"cubes": [
						{"origin": [1, 0, 5], "size": [4, 6, 4], "uv": [0, 72]},
						{"origin": [1, 0, 4], "size": [4, 2, 1], "uv": [0, 85]},
						{"origin": [1, 6, 5], "size": [4, 6, 4], "inflate": 0.2, "uv": [0, 58]}
					]
				},
				{
					"name": "leg3",
					"pivot": [3, 8, -6],
					"cubes": [
						{"origin": [1, 0, -8], "size": [4, 6, 4], "uv": [0, 72]},
						{"origin": [1, 0, -9], "size": [4, 2, 1], "uv": [0, 85]},
						{"origin": [1, 6, -8], "size": [4, 6, 4], "inflate": 0.2, "uv": [0, 58]}
					]
				},
				{
					"name": "leg1",
					"pivot": [-3, 8, -6],
					"cubes": [
						{"origin": [-5, 0, -8], "size": [4, 6, 4], "uv": [0, 72]},
						{"origin": [-5, 0, -9], "size": [4, 2, 1], "uv": [0, 85]},
						{"origin": [-5, 6, -8], "size": [4, 6, 4], "inflate": 0.2, "uv": [0, 58]}
					]
				}
			]
		}
	]
}