{
	"format_version": "1.12.0",
	"minecraft:geometry": [
		{
			"description": {
				"identifier": "geometry.mammoth_fossil",
				"texture_width": 128,
				"texture_height": 128,
				"visible_bounds_width": 3,
				"visible_bounds_height": 5,
				"visible_bounds_offset": [0, 1.5, 0]
			},
			"bones": [
				{
					"name": "elefante",
					"pivot": [0, 0, 0]
				},
				{
					"name": "bone5",
					"parent": "elefante",
					"pivot": [0, 11.5, 0],
					"cubes": [
						{"origin": [-0.5, 21.4, -8], "size": [1, 1, 12], "uv": [77, 23]},
						{"origin": [-4.5, 21.4, -8], "size": [9, 1, 1], "inflate": -0.1, "uv": [108, 0]},
						{"origin": [0.5, 11.4, -8], "size": [4, 1, 1], "inflate": -0.1, "uv": [108, 0]},
						{"origin": [-4.5, 11.4, -8], "size": [4, 1, 1], "inflate": -0.1, "uv": [108, 0]},
						{"origin": [-5.3, 12, -8], "size": [1, 10, 1], "inflate": -0.1, "uv": [82, 107]},
						{"origin": [4.3, 12, -8], "size": [1, 10, 1], "inflate": -0.1, "uv": [82, 107]},
						{"origin": [-4.5, 21.4, -4], "size": [9, 1, 1], "inflate": -0.1, "uv": [108, 0]},
						{"origin": [0.5, 11.4, -4], "size": [4, 1, 1], "inflate": -0.1, "uv": [108, 0]},
						{"origin": [-4.5, 11.4, -4], "size": [4, 1, 1], "inflate": -0.1, "uv": [108, 0]},
						{"origin": [-5.3, 12, -4], "size": [1, 10, 1], "inflate": -0.1, "uv": [82, 107]},
						{"origin": [4.3, 12, -4], "size": [1, 10, 1], "inflate": -0.1, "uv": [82, 107]},
						{"origin": [-4.5, 21.4, 0], "size": [9, 1, 1], "inflate": -0.1, "uv": [108, 0]},
						{"origin": [0.5, 11.4, 0], "size": [4, 1, 1], "inflate": -0.1, "uv": [108, 0]},
						{"origin": [-4.5, 11.4, 0], "size": [4, 1, 1], "inflate": -0.1, "uv": [108, 0]},
						{"origin": [-5.3, 12, 0], "size": [1, 10, 1], "inflate": -0.1, "uv": [82, 107]},
						{"origin": [4.3, 12, 0], "size": [1, 10, 1], "inflate": -0.1, "uv": [82, 107]},
						{"origin": [-4.5, 21.4, -6], "size": [9, 1, 1], "inflate": -0.1, "uv": [108, 0]},
						{"origin": [0.5, 11.4, -6], "size": [4, 1, 1], "inflate": -0.1, "uv": [108, 0]},
						{"origin": [-4.5, 11.4, -6], "size": [4, 1, 1], "inflate": -0.1, "uv": [108, 0]},
						{"origin": [-5.3, 12, -6], "size": [1, 10, 1], "inflate": -0.1, "uv": [82, 107]},
						{"origin": [4.3, 12, -6], "size": [1, 10, 1], "inflate": -0.1, "uv": [82, 107]},
						{"origin": [-4.5, 21.4, -2], "size": [9, 1, 1], "inflate": -0.1, "uv": [108, 0]},
						{"origin": [0.5, 11.4, -2], "size": [4, 1, 1], "inflate": -0.1, "uv": [108, 0]},
						{"origin": [-4.5, 11.4, -2], "size": [4, 1, 1], "inflate": -0.1, "uv": [108, 0]},
						{"origin": [-5.3, 12, -2], "size": [1, 10, 1], "inflate": -0.1, "uv": [82, 107]},
						{"origin": [4.3, 12, -2], "size": [1, 10, 1], "inflate": -0.1, "uv": [82, 107]},
						{"origin": [-4.5, 21.4, 2], "size": [9, 1, 1], "inflate": -0.1, "uv": [108, 0]},
						{"origin": [0.5, 11.4, 2], "size": [4, 1, 1], "inflate": -0.1, "uv": [108, 0]},
						{"origin": [-4.5, 11.4, 2], "size": [4, 1, 1], "inflate": -0.1, "uv": [108, 0]},
						{"origin": [-5.3, 12, 2], "size": [1, 10, 1], "inflate": -0.1, "uv": [82, 107]},
						{"origin": [4.3, 12, 2], "size": [1, 10, 1], "inflate": -0.1, "uv": [82, 107]},
						{"origin": [-4.5, 21.4, -7], "size": [9, 1, 1], "inflate": -0.1, "uv": [108, 0]},
						{"origin": [0.5, 11.4, -7], "size": [4, 1, 1], "inflate": -0.1, "uv": [108, 0]},
						{"origin": [-4.5, 11.4, -7], "size": [4, 1, 1], "inflate": -0.1, "uv": [108, 0]},
						{"origin": [-5.3, 12, -7], "size": [1, 10, 1], "inflate": -0.1, "uv": [82, 107]},
						{"origin": [4.3, 12, -7], "size": [1, 10, 1], "inflate": -0.1, "uv": [82, 107]},
						{"origin": [-4.5, 21.4, -3], "size": [9, 1, 1], "inflate": -0.1, "uv": [108, 0]},
						{"origin": [0.5, 11.4, -3], "size": [4, 1, 1], "inflate": -0.1, "uv": [108, 0]},
						{"origin": [-4.5, 11.4, -3], "size": [4, 1, 1], "inflate": -0.1, "uv": [108, 0]},
						{"origin": [-5.3, 12, -3], "size": [1, 10, 1], "inflate": -0.1, "uv": [82, 107]},
						{"origin": [4.3, 12, -3], "size": [1, 10, 1], "inflate": -0.1, "uv": [82, 107]},
						{"origin": [-4.5, 21.4, 1], "size": [9, 1, 1], "inflate": -0.1, "uv": [108, 0]},
						{"origin": [0.5, 11.4, 1], "size": [4, 1, 1], "inflate": -0.1, "uv": [108, 0]},
						{"origin": [-4.5, 11.4, 1], "size": [4, 1, 1], "inflate": -0.1, "uv": [108, 0]},
						{"origin": [-5.3, 12, 1], "size": [1, 10, 1], "inflate": -0.1, "uv": [82, 107]},
						{"origin": [4.3, 12, 1], "size": [1, 10, 1], "inflate": -0.1, "uv": [82, 107]},
						{"origin": [-4.5, 21.4, -5], "size": [9, 1, 1], "inflate": -0.1, "uv": [108, 0]},
						{"origin": [0.5, 11.4, -5], "size": [4, 1, 1], "inflate": -0.1, "uv": [108, 0]},
						{"origin": [-4.5, 11.4, -5], "size": [4, 1, 1], "inflate": -0.1, "uv": [108, 0]},
						{"origin": [-5.3, 12, -5], "size": [1, 10, 1], "inflate": -0.1, "uv": [82, 107]},
						{"origin": [4.3, 12, -5], "size": [1, 10, 1], "inflate": -0.1, "uv": [82, 107]},
						{"origin": [-4.5, 21.4, -1], "size": [9, 1, 1], "inflate": -0.1, "uv": [108, 0]},
						{"origin": [0.5, 11.4, -1], "size": [4, 1, 1], "inflate": -0.1, "uv": [108, 0]},
						{"origin": [-4.5, 11.4, -1], "size": [4, 1, 1], "inflate": -0.1, "uv": [108, 0]},
						{"origin": [-5.3, 12, -1], "size": [1, 10, 1], "inflate": -0.1, "uv": [82, 107]},
						{"origin": [4.3, 12, -1], "size": [1, 10, 1], "inflate": -0.1, "uv": [82, 107]},
						{"origin": [-4.5, 21.4, 3], "size": [9, 1, 1], "inflate": -0.1, "uv": [108, 0]},
						{"origin": [-5.3, 12, 3], "size": [1, 10, 1], "inflate": -0.1, "uv": [82, 107]},
						{"origin": [4.3, 12, 3], "size": [1, 10, 1], "inflate": -0.1, "uv": [82, 107]}
					]
				},
				{
					"name": "bone",
					"parent": "bone5",
					"pivot": [-6.5, 18, 5.7],
					"rotation": [-7.5, 0, 0],
					"cubes": [
						{"origin": [4.3, 11.6, 3.4], "size": [1, 10, 1], "inflate": -0.05, "uv": [82, 107]},
						{"origin": [4.3, 11.6, 4.4], "size": [1, 10, 1], "inflate": -0.1, "uv": [82, 107]},
						{"origin": [4.3, 11.6, 5.4], "size": [1, 10, 1], "inflate": -0.1, "uv": [82, 107]},
						{"origin": [4.3, 11.6, 6.4], "size": [1, 10, 1], "inflate": -0.1, "uv": [82, 107]},
						{"origin": [4.3, 11.6, 7.4], "size": [1, 10, 1], "inflate": -0.1, "uv": [82, 107]},
						{"origin": [4.3, 11.6, 8.4], "size": [1, 10, 1], "inflate": -0.1, "uv": [82, 107]},
						{"origin": [-5.3, 11.6, 10.4], "size": [1, 10, 1], "inflate": -0.1, "uv": [82, 107]},
						{"origin": [4.3, 11.6, 10.4], "size": [1, 10, 1], "inflate": -0.1, "uv": [82, 107]},
						{"origin": [4.3, 11.6, 9.4], "size": [1, 10, 1], "inflate": -0.1, "uv": [82, 107]},
						{"origin": [-4.5, 21, 9.4], "size": [9, 1, 1], "inflate": -0.1, "uv": [108, 0]},
						{"origin": [-4.5, 21, 10.4], "size": [9, 1, 1], "inflate": -0.1, "uv": [108, 0]},
						{"origin": [-4.5, 21, 8.4], "size": [9, 1, 1], "inflate": -0.1, "uv": [108, 0]},
						{"origin": [-0.5, 21, 3.4], "size": [1, 1, 9], "uv": [80, 26]},
						{"origin": [-4.5, 21, 7.4], "size": [9, 1, 1], "inflate": -0.1, "uv": [108, 0]},
						{"origin": [-4.5, 21, 6.4], "size": [9, 1, 1], "inflate": -0.1, "uv": [108, 0]},
						{"origin": [-4.5, 21, 5.4], "size": [9, 1, 1], "inflate": -0.1, "uv": [108, 0]},
						{"origin": [-4.5, 21, 4.4], "size": [9, 1, 1], "inflate": -0.1, "uv": [108, 0]},
						{"origin": [-4.5, 21, 3.4], "size": [9, 1, 1], "inflate": -0.1, "uv": [108, 0]},
						{"origin": [-5.3, 11.6, 9.4], "size": [1, 10, 1], "inflate": -0.1, "uv": [82, 107]},
						{"origin": [-5.3, 11.6, 8.4], "size": [1, 10, 1], "inflate": -0.1, "uv": [82, 107]},
						{"origin": [-5.3, 11.6, 7.4], "size": [1, 10, 1], "inflate": -0.1, "uv": [82, 107]},
						{"origin": [-5.3, 11.6, 6.4], "size": [1, 10, 1], "inflate": -0.1, "uv": [82, 107]},
						{"origin": [-5.3, 11.6, 5.4], "size": [1, 10, 1], "inflate": -0.1, "uv": [82, 107]},
						{"origin": [-5.3, 11.6, 4.4], "size": [1, 10, 1], "inflate": -0.1, "uv": [82, 107]},
						{"origin": [-5.3, 11.6, 3.4], "size": [1, 10, 1], "inflate": -0.05, "uv": [82, 107]},
						{"origin": [0.5, 11, 10.4], "size": [4, 1, 1], "inflate": -0.1, "uv": [108, 0]},
						{"origin": [0.5, 11, 9.4], "size": [4, 1, 1], "inflate": -0.1, "uv": [108, 0]},
						{"origin": [0.5, 11, 8.4], "size": [4, 1, 1], "inflate": -0.1, "uv": [108, 0]},
						{"origin": [0.5, 11, 7.4], "size": [4, 1, 1], "inflate": -0.1, "uv": [108, 0]},
						{"origin": [0.5, 11, 6.4], "size": [4, 1, 1], "inflate": -0.1, "uv": [108, 0]},
						{"origin": [0.5, 11, 5.4], "size": [4, 1, 1], "inflate": -0.1, "uv": [108, 0]},
						{"origin": [0.5, 11, 4.4], "size": [4, 1, 1], "inflate": -0.1, "uv": [108, 0]},
						{"origin": [-4.5, 11, 4.4], "size": [4, 1, 1], "inflate": -0.1, "uv": [108, 0]},
						{"origin": [-4.5, 11, 5.4], "size": [4, 1, 1], "inflate": -0.1, "uv": [108, 0]},
						{"origin": [-4.5, 11, 6.4], "size": [4, 1, 1], "inflate": -0.1, "uv": [108, 0]},
						{"origin": [-4.5, 11, 7.4], "size": [4, 1, 1], "inflate": -0.1, "uv": [108, 0]},
						{"origin": [-4.5, 11, 8.4], "size": [4, 1, 1], "inflate": -0.1, "uv": [108, 0]},
						{"origin": [-4.5, 11, 9.4], "size": [4, 1, 1], "inflate": -0.1, "uv": [108, 0]},
						{"origin": [-4.5, 11, 10.4], "size": [4, 1, 1], "inflate": -0.1, "uv": [108, 0]}
					]
				},
				{
					"name": "head",
					"parent": "bone5",
					"pivot": [-1, 23.5, -8]
				},
				{
					"name": "bone2",
					"parent": "head",
					"pivot": [4, 19.5, -14],
					"rotation": [-10, 0, 0],
					"cubes": [
						{"origin": [-4, 21.5, -13], "size": [8, 8, 6], "uv": [0, 0]}
					]
				},
				{
					"name": "colmillo",
					"parent": "head",
					"pivot": [-3, 21.5, -9],
					"rotation": [-20, 10, 0],
					"cubes": [
						{"origin": [-4, 15.5, -10], "size": [2, 3, 2], "uv": [16, 21]},
						{"origin": [-4, 18.5, -10], "size": [2, 3, 2], "inflate": 0.1, "uv": [16, 14]}
					]
				},
				{
					"name": "colmillo2",
					"parent": "colmillo",
					"pivot": [-3, 16.3, -8.7],
					"rotation": [-47.5, 0, 0],
					"cubes": [
						{"origin": [-4, 10.3, -9.5], "size": [2, 6, 2], "inflate": -0.1, "uv": [16, 32]}
					]
				},
				{
					"name": "colmillo6",
					"parent": "colmillo",
					"pivot": [-3, 12.4, -13],
					"rotation": [-87.5, 0, 0],
					"cubes": [
						{"origin": [-4, 7.2, -14], "size": [2, 6, 2], "inflate": -0.12, "uv": [16, 32]}
					]
				},
				{
					"name": "colmillo7",
					"parent": "colmillo",
					"pivot": [-3, 12.4, -18.2],
					"rotation": [-120, 0, 0],
					"cubes": [
						{"origin": [-4, 7.2, -19.2], "size": [2, 6, 2], "inflate": -0.15, "uv": [16, 32]}
					]
				},
				{
					"name": "colmillo3",
					"parent": "head",
					"pivot": [3, 21.5, -9],
					"rotation": [-20, -10, 0],
					"cubes": [
						{"origin": [2, 15.5, -10], "size": [2, 3, 2], "uv": [16, 21]},
						{"origin": [2, 18.5, -10], "size": [2, 3, 2], "inflate": 0.1, "uv": [16, 14]}
					]
				},
				{
					"name": "colmillo4",
					"parent": "colmillo3",
					"pivot": [3, 16.3, -8.7],
					"rotation": [-47.5, 0, 0],
					"cubes": [
						{"origin": [2, 10.3, -9.5], "size": [2, 6, 2], "inflate": -0.1, "uv": [16, 32]}
					]
				},
				{
					"name": "colmillo8",
					"parent": "colmillo3",
					"pivot": [3, 12.4, -18.2],
					"rotation": [-120, 0, 0],
					"cubes": [
						{"origin": [2, 7.2, -19.2], "size": [2, 6, 2], "inflate": -0.15, "uv": [16, 32]}
					]
				},
				{
					"name": "colmillo5",
					"parent": "colmillo3",
					"pivot": [3, 12.4, -13],
					"rotation": [-87.5, 0, 0],
					"cubes": [
						{"origin": [2, 7.1, -14], "size": [2, 6, 2], "inflate": -0.12, "uv": [16, 32]}
					]
				},
				{
					"name": "piernas",
					"parent": "elefante",
					"pivot": [0, 0, 0]
				},
				{
					"name": "leg2",
					"parent": "piernas",
					"pivot": [-4, 12, 8.3],
					"rotation": [-5, 0, 0],
					"cubes": [
						{"origin": [-5.5, 7.17385, 5.60114], "size": [3, 6, 3], "inflate": 0.35, "uv": [0, 30]}
					]
				},
				{
					"name": "leg3_1",
					"parent": "leg2",
					"pivot": [-4, 6, 6.3],
					"rotation": [20, 0, 0],
					"cubes": [
						{"origin": [-3.5, 0.2, 6.3], "size": [1, 7, 2], "inflate": 0.1, "uv": [0, 14]},
						{"origin": [-5.5, 0.2, 6.3], "size": [1, 7, 2], "inflate": 0.1, "uv": [0, 14]},
						{"origin": [-5.5, 0.2, 5.3], "size": [3, 2, 1], "inflate": 0.1, "uv": [0, 54]}
					]
				},
				{
					"name": "leg3",
					"parent": "piernas",
					"pivot": [4, 12, 8.3],
					"rotation": [-5, 0, 0],
					"cubes": [
						{"origin": [2.5, 7.17385, 5.90114], "size": [3, 6, 3], "inflate": 0.35, "uv": [0, 30]}
					]
				},
				{
					"name": "leg2_1",
					"parent": "leg3",
					"pivot": [4, 7, 6.3],
					"cubes": [
						{"origin": [4.5, 0.2, 6.3], "size": [1, 7, 2], "inflate": 0.1, "uv": [0, 14]},
						{"origin": [2.5, 0.2, 6.3], "size": [1, 7, 2], "inflate": 0.1, "uv": [0, 14]},
						{"origin": [2.5, 0.2, 5.3], "size": [3, 2, 1], "inflate": 0.1, "uv": [0, 54]}
					]
				},
				{
					"name": "leg0",
					"parent": "piernas",
					"pivot": [-4, 13, -6],
					"rotation": [-5, 0, 0],
					"cubes": [
						{"origin": [-5.5, 6, -8], "size": [3, 6, 3], "inflate": 0.15, "uv": [0, 30]}
					]
				},
				{
					"name": "leg0_1",
					"parent": "leg0",
					"pivot": [-4, 7, -8],
					"cubes": [
						{"origin": [-3.5, 0, -8], "size": [1, 7, 2], "uv": [0, 14]},
						{"origin": [-5.5, 0, -8], "size": [1, 7, 2], "uv": [0, 14]},
						{"origin": [-5.5, 0, -9], "size": [3, 2, 1], "uv": [0, 54]}
					]
				},
				{
					"name": "leg1",
					"parent": "piernas",
					"pivot": [4, 13, -6],
					"rotation": [-5, 0, 0],
					"cubes": [
						{"origin": [2.5, 6, -8], "size": [3, 6, 3], "inflate": 0.15, "uv": [0, 30]}
					]
				},
				{
					"name": "leg1_1",
					"parent": "leg1",
					"pivot": [4, 7, -8],
					"rotation": [17.5, 0, 0],
					"cubes": [
						{"origin": [4.5, 0, -8], "size": [1, 7, 2], "uv": [0, 14]},
						{"origin": [2.5, 0, -8], "size": [1, 7, 2], "uv": [0, 14]},
						{"origin": [2.5, 0, -9], "size": [3, 2, 1], "uv": [0, 54]}
					]
				}
			]
		}
	]
}