{
	"format_version": "1.12.0",
	"minecraft:geometry": [
		{
			"description": {
				"identifier": "geometry.ornintorrinco",
				"texture_width": 64,
				"texture_height": 64,
				"visible_bounds_width": 3,
				"visible_bounds_height": 1,
				"visible_bounds_offset": [0, 0, 0]
			},
			"bones": [
				{
					"name": "bone",
					"pivot": [0, 1, 0],
					"cubes": [
						{"origin": [-3, 1, -6], "size": [6, 4, 12], "uv": [0, 0]},
						{"origin": [-3, 2, -6], "size": [6, 4, 12], "inflate": -0.5, "uv": [28, 17]},
						{"origin": [-3, 0, -6], "size": [6, 4, 12], "inflate": -0.5, "uv": [28, 17]},
						{"origin": [-2, 2, -10], "size": [4, 1, 4], "uv": [0, 44]},
						{"origin": [-1, 2.75, -9], "size": [2, 1, 4], "inflate": -0.15, "pivot": [0, 3, -6], "rotation": [15, 0, 0], "uv": [0, 44]},
						{"origin": [-2, 1, -8], "size": [4, 1, 2], "inflate": -0.1, "pivot": [0, 2, -6], "rotation": [-25, 0, 0], "uv": [0, 22]},
						{"origin": [-2, 1, -6.5], "size": [4, 1, 2], "inflate": -0.2, "pivot": [0, 2, -6], "rotation": [-25, 0, 0], "uv": [0, 22]}
					]
				},
				{
					"name": "tale",
					"pivot": [0, 3, 6],
					"cubes": [
						{"origin": [-3, 2.5, 4], "size": [6, 1, 10], "inflate": -0.1, "pivot": [0, 3, 6], "rotation": [-25, 0, 0], "uv": [32, 0]}
					]
				},
				{
					"name": "leg0",
					"pivot": [3, 1, -6],
					"cubes": [
						{"origin": [2, 1, -6], "size": [3, 1, 2], "inflate": -0.15, "pivot": [3, 1, -5], "rotation": [0, -15, 10], "uv": [0, 17]},
						{"origin": [4, 1, -6], "size": [3, 1, 2], "inflate": -0.25, "pivot": [3, 1, -5], "rotation": [0, -15, 10], "uv": [0, 0]},
						{"origin": [6, 1, -6.5], "size": [3, 1, 3], "inflate": -0.2, "pivot": [3, 1, -5], "rotation": [0, -15, 10], "uv": [52, 13]}
					]
				},
				{
					"name": "leg2",
					"pivot": [3, 1, 3],
					"cubes": [
						{"origin": [2, 1, 3], "size": [3, 1, 2], "inflate": -0.15, "pivot": [3, 1, 4], "rotation": [0, -15, 10], "uv": [0, 17]},
						{"origin": [4, 1, 3], "size": [3, 1, 2], "inflate": -0.25, "pivot": [3, 1, 4], "rotation": [0, -15, 10], "uv": [0, 0]},
						{"origin": [6, 1, 2.5], "size": [3, 1, 3], "inflate": -0.2, "pivot": [3, 1, 4], "rotation": [0, -15, 10], "uv": [52, 13]}
					]
				},
				{
					"name": "leg1",
					"pivot": [-3, 1, -6],
					"cubes": [
						{"origin": [-5, 1, -6], "size": [3, 1, 2], "inflate": -0.15, "pivot": [-3, 1, -5], "rotation": [0, 15, -10], "uv": [0, 17]},
						{"origin": [-7, 1, -6], "size": [3, 1, 2], "inflate": -0.25, "pivot": [-3, 1, -5], "rotation": [0, 15, -10], "uv": [0, 0]},
						{"origin": [-9, 1, -6.5], "size": [3, 1, 3], "inflate": -0.2, "pivot": [-3, 1, -5], "rotation": [0, 15, -10], "uv": [52, 13]}
					]
				},
				{
					"name": "leg3",
					"pivot": [-3, 1, 3],
					"cubes": [
						{"origin": [-5, 1, 3], "size": [3, 1, 2], "inflate": -0.15, "pivot": [-3, 1, 4], "rotation": [0, 15, -10], "uv": [0, 17]},
						{"origin": [-7, 1, 3], "size": [3, 1, 2], "inflate": -0.25, "pivot": [-3, 1, 4], "rotation": [0, 15, -10], "uv": [0, 0]},
						{"origin": [-9, 1, 2.5], "size": [3, 1, 3], "inflate": -0.2, "pivot": [-3, 1, 4], "rotation": [0, 15, -10], "uv": [52, 13]}
					]
				},
				{
					"name": "chest",
					"pivot": [0, 5, -5],
					"cubes": [
						{"origin": [-3, 5, -7], "size": [6, 1, 6], "uv": [40, 39]},
						{"origin": [-2, 6, -6], "size": [4, 2, 4], "uv": [0, 58]},
						{"origin": [1, 7.75, -6], "size": [1, 1, 4], "inflate": -0.25, "uv": [54, 59]},
						{"origin": [-2, 7.75, -6], "size": [1, 1, 4], "inflate": -0.25, "uv": [54, 59]}
					]
				}
			]
		}
	]
}