{
	"format_version": "1.12.0",
	"minecraft:geometry": [
		{
			"description": {
				"identifier": "geometry.ostrich",
				"texture_width": 128,
				"texture_height": 128,
				"visible_bounds_width": 4,
				"visible_bounds_height": 5.5,
				"visible_bounds_offset": [0, 1.25, 0]
			},
			"bones": [
				{
					"name": "ostrich",
					"pivot": [0, 0, 0]
				},
				{
					"name": "chest1",
					"parent": "ostrich",
					"pivot": [4, 21, -1],
					"cubes": [
						{"origin": [-5, 21, -4], "size": [10, 1, 8], "uv": [0, 39]},
						{"origin": [-4, 21, 4], "size": [8, 3, 5], "uv": [38, 41]},
						{"origin": [3.5, 21, 7], "size": [1, 24, 1], "uv": [0, 0]},
						{"origin": [3.5, 36.5, 7], "size": [1, 1, 1], "inflate": 0.1, "uv": [4, 0]},
						{"origin": [3.5, 43.2, 7], "size": [1, 1, 1], "inflate": 0.1, "uv": [4, 0]},
						{"origin": [3.5, 39.9, 7], "size": [1, 1, 1], "inflate": 0.1, "uv": [4, 0]},
						{"origin": [3.5, 36.4, 7.6], "size": [1, 8, 10], "inflate": -0.48, "uv": [4, 0]},
						{"origin": [-5, 16, -4], "size": [10, 5, 8], "uv": [0, 55]}
					]
				},
				{
					"name": "leg2",
					"parent": "ostrich",
					"pivot": [-3, 13, 0],
					"cubes": [
						{"origin": [-4, 7, -1], "size": [2, 6, 2], "uv": [120, 16]}
					]
				},
				{
					"name": "rodilla2",
					"parent": "leg2",
					"pivot": [-3, 7, 0],
					"cubes": [
						{"origin": [-4, 0, -1], "size": [2, 8, 2], "inflate": -0.25, "uv": [120, 5]},
						{"origin": [-4, 0, -3], "size": [2, 1, 4], "uv": [102, 0]},
						{"origin": [-3, 0, -4], "size": [1, 1, 2], "inflate": -0.15, "uv": [93, 0]},
						{"origin": [-3, 0, -5], "size": [1, 1, 2], "inflate": -0.25, "uv": [0, 91]},
						{"origin": [-4, 0, -4], "size": [1, 1, 2], "inflate": -0.15, "uv": [93, 0]},
						{"origin": [-4, 0, -5], "size": [1, 1, 2], "inflate": -0.25, "uv": [0, 91]},
						{"origin": [-7, 0, -1], "size": [2, 1, 1], "inflate": -0.25, "pivot": [3, 13, 3], "rotation": [0, -15, 0], "uv": [122, 57]},
						{"origin": [-6, 0, -1], "size": [2, 1, 1], "inflate": -0.15, "pivot": [3, 13, 3], "rotation": [0, -15, 0], "uv": [122, 38]}
					]
				},
				{
					"name": "leg0",
					"parent": "ostrich",
					"pivot": [3, 13, 0],
					"cubes": [
						{"origin": [2, 7, -1], "size": [2, 6, 2], "uv": [120, 16]}
					]
				},
				{
					"name": "rodilla0",
					"parent": "leg0",
					"pivot": [3, 7, 0],
					"cubes": [
						{"origin": [2, 0, -5], "size": [1, 1, 2], "inflate": -0.25, "uv": [0, 91]},
						{"origin": [2, 0, -1], "size": [2, 8, 2], "inflate": -0.25, "uv": [120, 5]},
						{"origin": [2, 0, -3], "size": [2, 1, 4], "uv": [102, 0]},
						{"origin": [3, 0, -4], "size": [1, 1, 2], "inflate": -0.15, "uv": [93, 0]},
						{"origin": [4, 0, -2.5], "size": [2, 1, 1], "inflate": -0.15, "pivot": [3, 13, 3], "rotation": [0, 15, 0], "uv": [122, 38]},
						{"origin": [5, 0, -2.5], "size": [2, 1, 1], "inflate": -0.25, "pivot": [3, 13, 3], "rotation": [0, 15, 0], "uv": [122, 57]},
						{"origin": [3, 0, -5], "size": [1, 1, 2], "inflate": -0.25, "uv": [0, 91]},
						{"origin": [2, 0, -4], "size": [1, 1, 2], "inflate": -0.15, "uv": [93, 0]}
					]
				},
				{
					"name": "ala1",
					"parent": "ostrich",
					"pivot": [4, 21, 0],
					"cubes": [
						{"origin": [4, 15, 0], "size": [1, 6, 6], "pivot": [4, 21, 0], "rotation": [0, 10, 0], "uv": [106, 116]},
						{"origin": [4, 17, 6], "size": [1, 4, 2], "pivot": [4, 21, 0], "rotation": [0, 10, 0], "uv": [100, 122]}
					]
				},
				{
					"name": "ala2",
					"parent": "ostrich",
					"pivot": [-4, 21, 4],
					"cubes": [
						{"origin": [-5, 15, 0], "size": [1, 6, 6], "pivot": [-5, 21, 0], "rotation": [0, -15, 0], "uv": [106, 116]},
						{"origin": [-5, 17, 6], "size": [1, 4, 2], "pivot": [-5, 21, 0], "rotation": [0, -15, 0], "uv": [100, 122]}
					]
				},
				{
					"name": "head",
					"parent": "ostrich",
					"pivot": [0, 19, -9],
					"cubes": [
						{"origin": [-1.5, 19, -11], "size": [3, 6, 3], "pivot": [0, 19, -9], "rotation": [15, 0, 0], "uv": [0, 111]},
						{"origin": [-1, 24, -12], "size": [2, 16, 2], "uv": [120, 110]},
						{"origin": [-2, 40, -14], "size": [4, 4, 4], "uv": [112, 89]},
						{"origin": [-1, 40, -16], "size": [2, 2, 3], "inflate": -0.25, "pivot": [0, 40, -14], "rotation": [-15, 0, 0], "uv": [0, 84]},
						{"origin": [-1.5, 41, -16], "size": [3, 2, 3], "inflate": -0.45, "pivot": [1, 41, -14], "rotation": [15, 0, 0], "uv": [33, 91]},
						{"origin": [-1, 41, -17], "size": [2, 1, 3], "uv": [16, 92]}
					]
				},
				{
					"name": "chest2",
					"parent": "head",
					"pivot": [0, 19, -9],
					"cubes": [
						{"origin": [-1.5, 24, -11], "size": [3, 1, 3], "inflate": 0.25, "pivot": [0, 19, -9], "rotation": [15, 0, 0], "uv": [0, 31]},
						{"origin": [1.1, 23, -13], "size": [1, 1, 10], "inflate": -0.25, "pivot": [0, 19, -9], "rotation": [-30, 0, 0], "uv": [13, 27]},
						{"origin": [-2.1, 23, -13], "size": [1, 1, 10], "inflate": -0.25, "pivot": [-3, 19, -9], "rotation": [-30, 0, 0], "uv": [13, 27]},
						{"origin": [-2, 40, -14], "size": [4, 4, 4], "inflate": 0.1, "uv": [28, 0]}
					]
				},
				{
					"name": "bone",
					"parent": "ostrich",
					"pivot": [0, 19, 0],
					"cubes": [
						{"origin": [-4, 13, -9], "size": [8, 8, 18], "uv": [0, 102]},
						{"origin": [-3, 20, 8], "size": [6, 3, 6], "inflate": -0.25, "pivot": [2, 17, 11], "rotation": [20, 0, 0], "uv": [42, 88]}
					]
				}
			]
		}
	]
}