{
	"format_version": "1.12.0",
	"minecraft:geometry": [
		{
			"description": {
				"identifier": "geometry.ostrich_armor",
				"texture_width": 128,
				"texture_height": 128,
				"visible_bounds_width": 4,
				"visible_bounds_height": 5.5,
				"visible_bounds_offset": [0, 1.25, 0]
			},
			"bones": [
				{
					"name": "ostrich",
					"pivot": [0, 0, 0]
				},
				{
					"name": "chest1",
					"parent": "ostrich",
					"pivot": [4, 21, -1],
					"cubes": [
						{"origin": [-5, 21, -4], "size": [10, 1, 8], "uv": [0, 39]},
						{"origin": [-4, 21, 4], "size": [8, 3, 5], "uv": [38, 41]},
						{"origin": [3.5, 21, 7], "size": [1, 24, 1], "uv": [0, 0]},
						{"origin": [3.5, 36.5, 7], "size": [1, 1, 1], "inflate": 0.1, "uv": [4, 0]},
						{"origin": [3.5, 43.2, 7], "size": [1, 1, 1], "inflate": 0.1, "uv": [4, 0]},
						{"origin": [3.5, 39.9, 7], "size": [1, 1, 1], "inflate": 0.1, "uv": [4, 0]},
						{"origin": [3.5, 36.4, 7.6], "size": [1, 8, 10], "inflate": -0.48, "uv": [4, 0]},
						{"origin": [-5, 16, -4], "size": [10, 5, 8], "uv": [0, 55]}
					]
				},
				{
					"name": "head",
					"parent": "ostrich",
					"pivot": [0, 19, -9]
				},
				{
					"name": "chest2",
					"parent": "head",
					"pivot": [0, 19, -9],
					"cubes": [
						{"origin": [-1.5, 24, -11], "size": [3, 1, 3], "inflate": 0.25, "pivot": [0, 19, -9], "rotation": [15, 0, 0], "uv": [0, 31]},
						{"origin": [1.1, 23, -13], "size": [1, 1, 10], "inflate": -0.25, "pivot": [0, 19, -9], "rotation": [-30, 0, 0], "uv": [13, 27]},
						{"origin": [-2.1, 23, -13], "size": [1, 1, 10], "inflate": -0.25, "pivot": [-3, 19, -9], "rotation": [-30, 0, 0], "uv": [13, 27]},
						{"origin": [-2, 40, -14], "size": [4, 4, 4], "inflate": 0.1, "uv": [28, 0]}
					]
				}
			]
		}
	]
}