{
	"format_version": "1.12.0",
	"minecraft:geometry": [
		{
			"description": {
				"identifier": "geometry.pelican",
				"texture_width": 64,
				"texture_height": 64,
				"visible_bounds_width": 3,
				"visible_bounds_height": 1,
				"visible_bounds_offset": [0, 0, 0]
			},
			"bones": [
				{
					"name": "bone",
					"pivot": [0, 6, 0],
					"cubes": [
						{"origin": [-3, 3, -5], "size": [6, 6, 10], "inflate": 0.05, "uv": [32, 48]},
						{"origin": [-2.5, 9, 2], "size": [5, 2, 6], "pivot": [0, 10, 5], "rotation": [45, 0, 0], "uv": [0, 51]}
					]
				},
				{
					"name": "leg0",
					"pivot": [-1, 2, 2],
					"rotation": [55, 0, 0],
					"cubes": [
						{"origin": [-3, 1, 2], "size": [2, 2, 2], "uv": [12, 0]},
						{"origin": [-2.5, -1, 2.5], "size": [1, 3, 1], "inflate": -0.25, "uv": [0, 6]},
						{"origin": [-3, -1.5, 0.5], "size": [2, 1, 3], "inflate": -0.25, "pivot": [-2, -1, 3], "rotation": [30, 0, 0], "uv": [13, 6]}
					]
				},
				{
					"name": "leg1",
					"pivot": [3, 2, 2],
					"rotation": [55, 0, 0],
					"cubes": [
						{"origin": [1, 1, 2], "size": [2, 2, 2], "uv": [12, 0]},
						{"origin": [1.5, -1, 2.5], "size": [1, 3, 1], "inflate": -0.25, "uv": [0, 6]},
						{"origin": [1, -1.5, 0.5], "size": [2, 1, 3], "inflate": -0.25, "pivot": [2, -1, 3], "rotation": [30, 0, 0], "uv": [13, 6]}
					]
				},
				{
					"name": "head",
					"pivot": [0, 9, -5],
					"cubes": [
						{"origin": [-1.5, 11, -10.5], "size": [3, 3, 3], "uv": [0, 0]},
						{"origin": [-1.5, 4, -9.5], "size": [3, 10, 3], "inflate": -0.5, "pivot": [0, 12, -8], "rotation": [35, 0, 0], "uv": [32, 0]},
						{"origin": [-1, 12, -16.5], "size": [2, 1, 6], "uv": [0, 11]},
						{"origin": [-1, 12, -20.5], "size": [2, 1, 4], "uv": [0, 21]}
					]
				},
				{
					"name": "boca",
					"parent": "head",
					"pivot": [0, 0, 0],
					"cubes": [
						{"origin": [-0.5, 8.1, -16.5], "size": [1, 3, 9], "inflate": -0.05, "uv": [44, 0]},
						{"origin": [-1, 10.9, -13.6], "size": [2, 1, 6], "inflate": -0.1, "uv": [0, 10]},
						{"origin": [-1, 11, -16.5], "size": [2, 1, 6], "uv": [0, 10]}
					]
				},
				{
					"name": "ala1",
					"pivot": [3, 8, 0],
					"cubes": [
						{"origin": [3, 8, -3], "size": [4, 1, 6], "uv": [0, 39]},
						{"origin": [6.75, 8.7, -3], "size": [4, 1, 6], "inflate": -0.05, "pivot": [3, 8, 0], "rotation": [0, 0, 10], "uv": [0, 39]},
						{"origin": [10.66, 8.7, -3], "size": [4, 1, 4], "inflate": -0.05, "pivot": [3, 8, 0], "rotation": [0, 0, 10], "uv": [0, 46]}
					]
				},
				{
					"name": "ala2",
					"pivot": [-3, 8, 0],
					"cubes": [
						{"origin": [-7, 8, -3], "size": [4, 1, 6], "uv": [0, 26]},
						{"origin": [-10.75, 8.7, -3], "size": [4, 1, 6], "inflate": -0.05, "pivot": [-3, 8, 0], "rotation": [0, 0, -10], "uv": [0, 39]},
						{"origin": [-14.66, 8.7, -3], "size": [4, 1, 4], "inflate": -0.05, "pivot": [-3, 8, 0], "rotation": [0, 0, -10], "uv": [0, 46]}
					]
				}
			]
		}
	]
}