{
	"format_version": "1.12.0",
	"minecraft:geometry": [
		{
			"description": {
				"identifier": "geometry.penguin_v2",
				"texture_width": 64,
				"texture_height": 64,
				"visible_bounds_width": 2,
				"visible_bounds_height": 2.5,
				"visible_bounds_offset": [0, 0.75, 0]
			},
			"bones": [
				{
					"name": "penguin",
					"pivot": [0, 0, 0]
				},
				{
					"name": "body",
					"parent": "penguin",
					"pivot": [0, 0, 0],
					"cubes": [
						{"origin": [-4, 1, -4], "size": [8, 8, 7], "uv": [0, 0]}
					]
				},
				{
					"name": "bufanda",
					"parent": "body",
					"pivot": [0, 9, 0],
					"cubes": [
						{"origin": [-4, 7, -4], "size": [8, 2, 7], "inflate": 0.1, "uv": [0, 37]},
						{"origin": [0, 5, -4], "size": [2, 2, 1], "inflate": 0.075, "uv": [0, 37]},
						{"origin": [0, 3.85, -4], "size": [2, 1, 1], "inflate": 0.075, "uv": [0, 42]}
					]
				},
				{
					"name": "tail",
					"parent": "body",
					"pivot": [0, 1, 3],
					"cubes": [
						{"origin": [-3, 1, 2], "size": [6, 3, 1], "pivot": [0, 1, 3], "rotation": [-27.5, 0, 0], "uv": [43, 0]}
					]
				},
				{
					"name": "head",
					"parent": "body",
					"pivot": [0, 9, 0],
					"cubes": [
						{"origin": [-4, 8.8, -4], "size": [8, 6, 7], "inflate": -0.2, "uv": [0, 15]},
						{"origin": [-4, 7.325, -4], "size": [8, 6, 7], "inflate": -0.4, "uv": [0, 15]},
						{"origin": [-1.5, 9, -5.2], "size": [3, 1, 2], "inflate": -0.2, "uv": [32, 9]},
						{"origin": [-1.5, 9.6, -5.6], "size": [3, 1, 2], "inflate": -0.15, "uv": [30, 6]}
					]
				},
				{
					"name": "ala0",
					"parent": "body",
					"pivot": [4, 9, -0.5],
					"cubes": [
						{"origin": [3.7, 2.3, -3.5], "size": [1, 7, 6], "inflate": -0.3, "uv": [24, 22]},
						{"origin": [3.7, 1.9, -3], "size": [1, 1, 5], "inflate": -0.3, "uv": [23, 0]}
					]
				},
				{
					"name": "ala1",
					"parent": "body",
					"pivot": [-4, 9, -0.5],
					"cubes": [
						{"origin": [-4.7, 2.3, -3.5], "size": [1, 7, 6], "inflate": -0.3, "uv": [24, 9]},
						{"origin": [-4.7, 1.9, -3], "size": [1, 1, 5], "inflate": -0.3, "uv": [0, 28]}
					]
				},
				{
					"name": "leg0",
					"parent": "penguin",
					"pivot": [2.25, 1, -1.5],
					"cubes": [
						{"origin": [0.75, 0, -4], "size": [3, 1, 3], "uv": [30, 0]},
						{"origin": [2.75, 0, -4.6], "size": [1, 1, 1], "inflate": -0.025, "pivot": [3.25, 0.5, -4.1], "rotation": [0, -15, 0], "uv": [3, 5]},
						{"origin": [1.75, 0, -4.6], "size": [1, 1, 1], "inflate": -0.025, "uv": [0, 4]},
						{"origin": [0.75, 0, -4.6], "size": [1, 1, 1], "inflate": -0.025, "pivot": [1.25, 0.5, -4.1], "rotation": [0, 15, 0], "uv": [3, 3]}
					]
				},
				{
					"name": "leg1",
					"parent": "penguin",
					"pivot": [-2.25, 1, -1.5],
					"cubes": [
						{"origin": [-3.75, 0, -4], "size": [3, 1, 3], "uv": [7, 28]},
						{"origin": [-1.75, 0, -4.6], "size": [1, 1, 1], "inflate": -0.025, "pivot": [-1.25, 0.5, -4.1], "rotation": [0, -15, 0], "uv": [3, 1]},
						{"origin": [-2.75, 0, -4.6], "size": [1, 1, 1], "inflate": -0.025, "uv": [0, 2]},
						{"origin": [-3.75, 0, -4.6], "size": [1, 1, 1], "inflate": -0.025, "pivot": [-3.25, 0.5, -4.1], "rotation": [0, 15, 0], "uv": [0, 0]}
					]
				}
			]
		}
	]
}