{
	"format_version": "1.12.0",
	"minecraft:geometry": [
		{
			"description": {
				"identifier": "geometry.penguin",
				"texture_width": 64,
				"texture_height": 64,
				"visible_bounds_width": 2,
				"visible_bounds_height": 2,
				"visible_bounds_offset": [0, 0, 0]
			},
			"bones": [
				{
					"name": "body",
					"pivot": [-1, 1, 1],
					"cubes": [
						{"origin": [-4, 1, -3], "size": [8, 16, 6], "uv": [0, 0]}
					]
				},
				{
					"name": "leg0",
					"pivot": [3, 1, 1],
					"cubes": [
						{"origin": [1, 0, -5], "size": [3, 1, 6], "uv": [0, 49]},
						{"origin": [3, 0, -6], "size": [1, 1, 2], "inflate": -0.25, "uv": [57, 10]},
						{"origin": [2, 0, -6], "size": [1, 1, 2], "inflate": -0.25, "uv": [57, 10]},
						{"origin": [1, 0, -6], "size": [1, 1, 2], "inflate": -0.25, "uv": [57, 10]}
					]
				},
				{
					"name": "leg1",
					"pivot": [-2, 1, 1],
					"cubes": [
						{"origin": [-4, 0, -5], "size": [3, 1, 6], "uv": [0, 49]},
						{"origin": [-2, 0, -6], "size": [1, 1, 2], "inflate": -0.25, "uv": [57, 10]},
						{"origin": [-3, 0, -6], "size": [1, 1, 2], "inflate": -0.25, "uv": [57, 10]},
						{"origin": [-4, 0, -6], "size": [1, 1, 2], "inflate": -0.25, "uv": [57, 10]}
					]
				},
				{
					"name": "ala1",
					"pivot": [4, 17, 0],
					"cubes": [
						{"origin": [4, 5, -2], "size": [1, 12, 4], "pivot": [4, 17, 0], "rotation": [0, 0, -5], "uv": [54, 0]}
					]
				},
				{
					"name": "ala2",
					"pivot": [-4, 17, 0],
					"cubes": [
						{"origin": [-5, 5, -2], "size": [1, 12, 4], "pivot": [-4, 17, 0], "rotation": [0, 0, 5], "uv": [54, 0]}
					]
				},
				{
					"name": "head",
					"pivot": [1, 17, 0],
					"cubes": [
						{"origin": [-3, 17, -2.5], "size": [6, 5, 5], "uv": [0, 22]},
						{"origin": [-1.5, 17, -4.5], "size": [3, 1, 2], "uv": [28, 12]},
						{"origin": [-1.5, 19, -4], "size": [3, 1, 2], "pivot": [1, 19, 0], "rotation": [15, 0, 0], "uv": [28, 12]},
						{"origin": [-2, 18, -6.5], "size": [4, 1, 4], "uv": [28, 1]}
					]
				}
			]
		}
	]
}