{
	"format_version": "1.12.0",
	"minecraft:geometry": [
		{
			"description": {
				"identifier": "geometry.picture_frame",
				"texture_width": 64,
				"texture_height": 64,
				"visible_bounds_width": 2,
				"visible_bounds_height": 2.5,
				"visible_bounds_offset": [0, 0.75, 0]
			},
			"bones": [
				{
					"name": "cuadro",
					"pivot": [0, 0, 0],
					"rotation": [0, 180, 0]
				},
				{
					"name": "bone",
					"parent": "cuadro",
					"pivot": [0, 2.2, -2.2],
					"rotation": [-20, 0, 0],
					"cubes": [
						{"origin": [-4, 2.2, -2.2], "size": [8, 12, 1], "uv": [0, 0]},
						{"origin": [4, 2.2, -3.2], "size": [2, 12, 2], "uv": [56, 0]},
						{"origin": [-6, 0.2, -3.2], "size": [12, 2, 2], "uv": [0, 60]},
						{"origin": [-6, 14.2, -3.2], "size": [12, 2, 2], "uv": [0, 60]},
						{"origin": [-6, 2.2, -3.2], "size": [2, 12, 2], "uv": [56, 0]}
					]
				},
				{
					"name": "bone2",
					"parent": "cuadro",
					"pivot": [0, 0, 3],
					"rotation": [20, 0, 0],
					"cubes": [
						{"origin": [-2, -0.2, 2.6], "size": [4, 8, 1], "inflate": -0.2, "uv": [0, 25]}
					]
				}
			]
		}
	]
}