{
	"format_version": "1.12.0",
	"minecraft:geometry": [
		{
			"description": {
				"identifier": "geometry.rat",
				"texture_width": 64,
				"texture_height": 64,
				"visible_bounds_width": 4,
				"visible_bounds_height": 2.5,
				"visible_bounds_offset": [0, 0.75, 0]
			},
			"bones": [
				{
					"name": "bone",
					"pivot": [0, 3, 6],
					"cubes": [
						{"origin": [-3, 3, 0], "size": [6, 5, 6], "uv": [0, 0]},
						{"origin": [-2.5, 3, -5.8], "size": [5, 5, 6], "inflate": -0.2, "uv": [42, 0]}
					]
				},
				{
					"name": "tale",
					"parent": "bone",
					"pivot": [0, 6, 6],
					"cubes": [
						{"origin": [-0.5, 5.5, 5], "size": [1, 1, 6], "pivot": [0, 6, 6], "rotation": [-40, 0, 0], "uv": [0, 24]},
						{"origin": [-0.5, 2.5, 9.5], "size": [1, 1, 7], "inflate": -0.1, "uv": [14, 24]}
					]
				},
				{
					"name": "head",
					"pivot": [0, 5.5, -5.7],
					"cubes": [
						{"origin": [-2, 4, -9], "size": [4, 3, 4], "uv": [0, 17]},
						{"origin": [1, 6, -7], "size": [2, 2, 1], "uv": [0, 0]},
						{"origin": [-3, 6, -7], "size": [2, 2, 1], "uv": [0, 0]},
						{"origin": [-1.5, 4, -11], "size": [3, 2, 2], "uv": [18, 0]},
						{"origin": [-0.5, 5, -12], "size": [1, 1, 1], "uv": [43, 0]}
					]
				},
				{
					"name": "chest1",
					"parent": "head",
					"pivot": [1, 6.5, -7.7],
					"cubes": [
						{"origin": [-1, 6.5, -7.7], "size": [2, 3, 2], "uv": [37, 29]},
						{"origin": [-1.5, 9.5, -8.2], "size": [3, 1, 3], "uv": [0, 32]}
					]
				},
				{
					"name": "leg0",
					"pivot": [3, 4, 4],
					"cubes": [
						{"origin": [2, 2.5, 2], "size": [2, 3, 3], "uv": [0, 41]},
						{"origin": [2, 0.5, 3], "size": [2, 3, 2], "inflate": -0.1, "uv": [56, 33]},
						{"origin": [2, 0, 2], "size": [2, 1, 3], "uv": [17, 56]}
					]
				},
				{
					"name": "leg1",
					"pivot": [3, 4, 4],
					"cubes": [
						{"origin": [-4, 2.5, 2], "size": [2, 3, 3], "uv": [0, 41]},
						{"origin": [-4, 0.5, 3], "size": [2, 3, 2], "inflate": -0.1, "uv": [56, 33]},
						{"origin": [-4, 0, 2], "size": [2, 1, 3], "uv": [17, 56]}
					]
				},
				{
					"name": "leg2",
					"pivot": [-2, 4, -3],
					"cubes": [
						{"origin": [-3, 0.5, -4], "size": [2, 4, 2], "inflate": -0.1, "uv": [0, 11]},
						{"origin": [-3, 0, -5], "size": [2, 1, 3], "uv": [14, 11]}
					]
				},
				{
					"name": "leg3",
					"pivot": [2, 4, -3],
					"cubes": [
						{"origin": [1, 0.5, -4], "size": [2, 4, 2], "inflate": -0.1, "uv": [0, 11]},
						{"origin": [1, 0, -5], "size": [2, 1, 3], "uv": [14, 11]}
					]
				}
			]
		}
	]
}