{
	"format_version": "1.12.0",
	"minecraft:geometry": [
		{
			"description": {
				"identifier": "geometry.rhinoceros",
				"texture_width": 128,
				"texture_height": 128,
				"visible_bounds_width": 4,
				"visible_bounds_height": 2,
				"visible_bounds_offset": [0, 0, 0]
			},
			"bones": [
				{
					"name": "bone",
					"pivot": [0, 12, 0],
					"cubes": [
						{"origin": [-6, 7, -10], "size": [12, 12, 16], "uv": [0, 0]},
						{"origin": [-6, 7, 6], "size": [12, 10, 12], "uv": [80, 0]},
						{"origin": [-1, 9, 17], "size": [1, 8, 1], "pivot": [0, 16, 17], "rotation": [25, 0, 0], "uv": [71, 16]},
						{"origin": [-1, 7, 17], "size": [1, 3, 1], "inflate": 0.25, "pivot": [0, 16, 17], "rotation": [25, 0, 0], "uv": [62, 0]},
						{"origin": [-1, 6.65, 17], "size": [1, 1, 1], "inflate": 0.1, "pivot": [0, 16, 17], "rotation": [25, 0, 0], "uv": [77, 0]},
						{"origin": [-6, 17, 13], "size": [12, 1, 5], "uv": [94, 28]}
					]
				},
				{
					"name": "head",
					"pivot": [0, 14, -10]
				},
				{
					"name": "hat",
					"parent": "head",
					"pivot": [0, 14, -10],
					"rotation": [20, 0, 0],
					"cubes": [
						{"origin": [-3.5, 8, -20], "size": [7, 7, 4], "uv": [41, 28]},
						{"origin": [-4, 8, -16], "size": [8, 8, 8], "uv": [0, 28]},
						{"origin": [2, 16, -11], "size": [2, 3, 1], "uv": [48, 0]},
						{"origin": [-4, 16, -11], "size": [2, 3, 1], "uv": [48, 0]},
						{"origin": [-3, 8, -22], "size": [6, 6, 2], "uv": [0, 53]},
						{"origin": [-3, 8, -22], "size": [6, 1, 4], "inflate": -0.1, "pivot": [0, 8, -18], "rotation": [20, 0, 0], "uv": [28, 41]},
						{"origin": [2, 8, -22.25], "size": [1, 2, 1], "inflate": -0.05, "uv": [26, 16]},
						{"origin": [0, 8, -22.25], "size": [1, 2, 1], "inflate": -0.05, "uv": [26, 16]},
						{"origin": [-1, 8, -22.25], "size": [1, 2, 1], "inflate": -0.05, "uv": [26, 16]},
						{"origin": [-3, 8, -22.25], "size": [1, 2, 1], "inflate": -0.05, "uv": [26, 16]},
						{"origin": [-2.5, 7.75, -22.4], "size": [2, 1, 1], "inflate": -0.25, "uv": [26, 16]},
						{"origin": [0.5, 7.75, -22.4], "size": [2, 1, 1], "inflate": -0.25, "uv": [26, 16]},
						{"origin": [-2.5, 9.15, -22.4], "size": [2, 1, 1], "inflate": -0.25, "uv": [26, 16]},
						{"origin": [0.5, 9.15, -22.4], "size": [2, 1, 1], "inflate": -0.25, "uv": [26, 16]},
						{"origin": [-1, 13, -22], "size": [2, 5, 2], "pivot": [1, 14, -22], "rotation": [20, 0, 0], "uv": [0, 74]},
						{"origin": [-1, 14, -18], "size": [2, 3, 2], "inflate": -0.25, "pivot": [1, 15, -17], "rotation": [20, 0, 0], "uv": [28, 58]},
						{"origin": [-1, 17, -22], "size": [2, 5, 2], "inflate": -0.25, "pivot": [1, 14, -22], "rotation": [20, 0, 0], "uv": [0, 84]},
						{"origin": [-1, 16, -18], "size": [2, 3, 2], "inflate": -0.45, "pivot": [1, 15, -17], "rotation": [20, 0, 0], "uv": [28, 76]}
					]
				},
				{
					"name": "chest2",
					"parent": "hat",
					"pivot": [0, 14, -10],
					"cubes": [
						{"origin": [-1, 13, -22], "size": [2, 5, 2], "inflate": 0.25, "pivot": [1, 14, -22], "rotation": [20, 0, 0], "uv": [0, 64]},
						{"origin": [-1, 17, -22], "size": [2, 5, 2], "pivot": [1, 14, -22], "rotation": [20, 0, 0], "uv": [0, 64]},
						{"origin": [-1, 21, -22], "size": [2, 5, 2], "inflate": -0.4, "pivot": [1, 14, -22], "rotation": [20, 0, 0], "uv": [0, 64]},
						{"origin": [-4, 15, -16], "size": [8, 1, 8], "inflate": 0.1, "uv": [54, 57]},
						{"origin": [-4, 8, -16], "size": [8, 1, 8], "inflate": 0.1, "uv": [54, 57]},
						{"origin": [3, 9, -16], "size": [1, 4, 8], "inflate": 0.06, "uv": [80, 64]},
						{"origin": [3, 13, -16], "size": [1, 2, 2], "inflate": 0.06, "uv": [71, 59]},
						{"origin": [-4, 13, -16], "size": [1, 2, 2], "inflate": 0.06, "uv": [71, 59]},
						{"origin": [3, 13, -12], "size": [1, 2, 2], "inflate": 0.06, "uv": [71, 59]},
						{"origin": [-4, 13, -12], "size": [1, 2, 2], "inflate": 0.06, "uv": [71, 59]},
						{"origin": [3, 13, -10], "size": [1, 2, 2], "inflate": 0.06, "uv": [71, 59]},
						{"origin": [-4, 13, -10], "size": [1, 2, 2], "inflate": 0.06, "uv": [71, 59]},
						{"origin": [-4, 9, -16], "size": [1, 4, 8], "inflate": 0.06, "uv": [80, 64]},
						{"origin": [-4, 13, -16], "size": [1, 1, 2], "inflate": 0.06, "uv": [71, 59]},
						{"origin": [-4, 14, -16], "size": [1, 1, 2], "inflate": 0.06, "uv": [71, 59]},
						{"origin": [2, 16, -11], "size": [2, 3, 1], "inflate": 0.15, "uv": [64, 71]},
						{"origin": [-4, 16, -11], "size": [2, 3, 1], "inflate": 0.15, "uv": [64, 71]},
						{"origin": [-1, 14, -18], "size": [2, 3, 2], "inflate": -0.1, "pivot": [1, 15, -17], "rotation": [20, 0, 0], "uv": [35, 63]},
						{"origin": [-1, 16, -18], "size": [2, 3, 2], "inflate": -0.3, "pivot": [1, 15, -17], "rotation": [20, 0, 0], "uv": [37, 76]},
						{"origin": [-1, 18, -18], "size": [2, 3, 2], "inflate": -0.5, "pivot": [1, 15, -17], "rotation": [20, 0, 0], "uv": [38, 85]},
						{"origin": [-4, 8, -19], "size": [1, 7, 1], "uv": [94, 37]},
						{"origin": [-4, 9, -19], "size": [1, 1, 1], "inflate": 0.25, "uv": [99, 40]},
						{"origin": [-3.5, 14.25, -19], "size": [7, 1, 1], "uv": [100, 37]},
						{"origin": [3, 8, -19], "size": [1, 7, 1], "uv": [94, 37]},
						{"origin": [3, 9, -19], "size": [1, 1, 1], "inflate": 0.25, "uv": [99, 40]},
						{"origin": [-3.5, 7.75, -19], "size": [7, 1, 1], "uv": [100, 37]},
						{"origin": [-3, 9, -8], "size": [6, 6, 1], "uv": [47, 69]}
					]
				},
				{
					"name": "leg0",
					"pivot": [6, 10, -4],
					"cubes": [
						{"origin": [4, 4, -6], "size": [4, 6, 4], "inflate": 0.5, "uv": [112, 99]},
						{"origin": [4, 9, -6], "size": [4, 4, 4], "inflate": 1, "uv": [112, 70]},
						{"origin": [2, 7, -8], "size": [8, 2, 8], "inflate": -0.5, "uv": [46, 43]},
						{"origin": [4, 0, -6], "size": [4, 4, 4], "uv": [112, 120]},
						{"origin": [6, -0.05, -6.5], "size": [2, 2, 1], "inflate": -0.1, "uv": [60, 120]},
						{"origin": [4, -0.05, -6.5], "size": [2, 2, 1], "inflate": -0.1, "uv": [60, 120]}
					]
				},
				{
					"name": "leg1",
					"pivot": [-6, 10, -4],
					"cubes": [
						{"origin": [-8, 4, -6], "size": [4, 6, 4], "inflate": 0.5, "uv": [112, 99]},
						{"origin": [-8, 9, -6], "size": [4, 4, 4], "inflate": 1, "uv": [112, 70]},
						{"origin": [-10, 7, -8], "size": [8, 2, 8], "inflate": -0.5, "uv": [46, 43]},
						{"origin": [-8, 0, -6], "size": [4, 4, 4], "uv": [112, 120]},
						{"origin": [-6, -0.05, -6.5], "size": [2, 2, 1], "inflate": -0.1, "uv": [60, 120]},
						{"origin": [-8, -0.05, -6.5], "size": [2, 2, 1], "inflate": -0.1, "uv": [60, 120]}
					]
				},
				{
					"name": "leg2",
					"pivot": [-6, 10, 13],
					"cubes": [
						{"origin": [-8, 4, 11], "size": [4, 6, 4], "inflate": 0.5, "uv": [112, 99]},
						{"origin": [-8, 9, 11], "size": [4, 4, 4], "inflate": 1, "uv": [112, 70]},
						{"origin": [-10, 7, 9], "size": [8, 2, 8], "inflate": -0.5, "uv": [46, 43]},
						{"origin": [-8, 0, 11], "size": [4, 4, 4], "uv": [112, 120]},
						{"origin": [-6, -0.05, 10.5], "size": [2, 2, 1], "inflate": -0.1, "uv": [60, 120]},
						{"origin": [-8, -0.05, 10.5], "size": [2, 2, 1], "inflate": -0.1, "uv": [60, 120]}
					]
				},
				{
					"name": "leg3",
					"pivot": [6, 10, 14],
					"cubes": [
						{"origin": [4, 4, 12], "size": [4, 6, 4], "inflate": 0.5, "uv": [112, 99]},
						{"origin": [4, 9, 12], "size": [4, 4, 4], "inflate": 1, "uv": [112, 70]},
						{"origin": [2, 7, 10], "size": [8, 2, 8], "inflate": -0.5, "uv": [46, 43]},
						{"origin": [4, 0, 12], "size": [4, 4, 4], "uv": [112, 120]},
						{"origin": [6, -0.05, 11.5], "size": [2, 2, 1], "inflate": -0.1, "uv": [60, 120]},
						{"origin": [4, -0.05, 11.5], "size": [2, 2, 1], "inflate": -0.1, "uv": [60, 120]}
					]
				},
				{
					"name": "chest1",
					"pivot": [0, 17, 9],
					"cubes": [
						{"origin": [-6, 17, 6], "size": [12, 2, 7], "uv": [0, 119]},
						{"origin": [-6, 17, 13], "size": [12, 6, 6], "inflate": 0.2, "uv": [0, 104]},
						{"origin": [-6, 18.8, -1], "size": [12, 1, 7], "inflate": -0.2, "uv": [0, 93]},
						{"origin": [-6, 18, -1], "size": [12, 1, 7], "inflate": 0.2, "uv": [0, 93]},
						{"origin": [5.5, 14, -11], "size": [1, 1, 12], "pivot": [7, 14, -6], "rotation": [35, 0, 0], "uv": [87, 80]},
						{"origin": [-6.5, 14, -11], "size": [1, 1, 12], "pivot": [-6, 14, -6], "rotation": [35, 0, 0], "uv": [87, 80]},
						{"origin": [-6, 14, -11], "size": [12, 1, 1], "inflate": -0.25, "pivot": [6, 14, -6], "rotation": [35, 0, 0], "uv": [87, 93]}
					]
				}
			]
		}
	]
}