{
	"format_version": "1.12.0",
	"minecraft:geometry": [
		{
			"description": {
				"identifier": "geometry.rhinocerosarmor",
				"texture_width": 128,
				"texture_height": 128,
				"visible_bounds_width": 4,
				"visible_bounds_height": 3,
				"visible_bounds_offset": [0, 0.5, 0]
			},
			"bones": [
				{
					"name": "bone",
					"pivot": [0, 17, 9],
					"cubes": [
						{"origin": [-6, 17, 6], "size": [12, 2, 7], "uv": [0, 119]},
						{"origin": [-6, 17, 13], "size": [12, 6, 6], "inflate": 0.2, "uv": [0, 104]},
						{"origin": [-6, 18.8, -1], "size": [12, 1, 7], "inflate": -0.2, "uv": [0, 93]},
						{"origin": [-6, 18, -1], "size": [12, 1, 7], "inflate": 0.2, "uv": [0, 93]},
						{"origin": [5.5, 14, -11], "size": [1, 1, 12], "pivot": [7, 14, -6], "rotation": [35, 0, 0], "uv": [87, 80]},
						{"origin": [-6.5, 14, -11], "size": [1, 1, 12], "pivot": [-6, 14, -6], "rotation": [35, 0, 0], "uv": [87, 80]},
						{"origin": [-6, 14, -11], "size": [12, 1, 1], "inflate": -0.25, "pivot": [6, 14, -6], "rotation": [35, 0, 0], "uv": [87, 93]}
					]
				},
				{
					"name": "head",
					"parent": "bone",
					"pivot": [0, 14, -10]
				},
				{
					"name": "hat",
					"parent": "head",
					"pivot": [0, 14, -10],
					"rotation": [20, 0, 0]
				},
				{
					"name": "chest2",
					"parent": "hat",
					"pivot": [0, 14, -10],
					"cubes": [
						{"origin": [-1, 13, -22], "size": [2, 5, 2], "inflate": 0.25, "pivot": [1, 14, -22], "rotation": [20, 0, 0], "uv": [0, 64]},
						{"origin": [-1, 17, -22], "size": [2, 5, 2], "pivot": [1, 14, -22], "rotation": [20, 0, 0], "uv": [0, 64]},
						{"origin": [-1, 21, -22], "size": [2, 5, 2], "inflate": -0.4, "pivot": [1, 14, -22], "rotation": [20, 0, 0], "uv": [0, 64]},
						{"origin": [-4, 15, -16], "size": [8, 1, 8], "inflate": 0.1, "uv": [54, 57]},
						{"origin": [-4, 8, -16], "size": [8, 1, 8], "inflate": 0.1, "uv": [54, 57]},
						{"origin": [3, 9, -16], "size": [1, 4, 8], "inflate": 0.06, "uv": [80, 64]},
						{"origin": [3, 13, -16], "size": [1, 2, 2], "inflate": 0.06, "uv": [71, 59]},
						{"origin": [-4, 13, -16], "size": [1, 2, 2], "inflate": 0.06, "uv": [71, 59]},
						{"origin": [3, 13, -12], "size": [1, 2, 2], "inflate": 0.06, "uv": [71, 59]},
						{"origin": [-4, 13, -12], "size": [1, 2, 2], "inflate": 0.06, "uv": [71, 59]},
						{"origin": [3, 13, -10], "size": [1, 2, 2], "inflate": 0.06, "uv": [71, 59]},
						{"origin": [-4, 13, -10], "size": [1, 2, 2], "inflate": 0.06, "uv": [71, 59]},
						{"origin": [-4, 9, -16], "size": [1, 4, 8], "inflate": 0.06, "uv": [80, 64]},
						{"origin": [-4, 13, -16], "size": [1, 1, 2], "inflate": 0.06, "uv": [71, 59]},
						{"origin": [-4, 14, -16], "size": [1, 1, 2], "inflate": 0.06, "uv": [71, 59]},
						{"origin": [2, 16, -11], "size": [2, 3, 1], "inflate": 0.15, "uv": [64, 71]},
						{"origin": [-4, 16, -11], "size": [2, 3, 1], "inflate": 0.15, "uv": [64, 71]},
						{"origin": [-1, 14, -18], "size": [2, 3, 2], "inflate": -0.1, "pivot": [1, 15, -17], "rotation": [20, 0, 0], "uv": [35, 63]},
						{"origin": [-1, 16, -18], "size": [2, 3, 2], "inflate": -0.3, "pivot": [1, 15, -17], "rotation": [20, 0, 0], "uv": [37, 76]},
						{"origin": [-1, 18, -18], "size": [2, 3, 2], "inflate": -0.5, "pivot": [1, 15, -17], "rotation": [20, 0, 0], "uv": [38, 85]},
						{"origin": [-4, 8, -19], "size": [1, 7, 1], "uv": [94, 37]},
						{"origin": [-4, 9, -19], "size": [1, 1, 1], "inflate": 0.25, "uv": [99, 40]},
						{"origin": [-3.5, 14.25, -19], "size": [7, 1, 1], "uv": [100, 37]},
						{"origin": [3, 8, -19], "size": [1, 7, 1], "uv": [94, 37]},
						{"origin": [3, 9, -19], "size": [1, 1, 1], "inflate": 0.25, "uv": [99, 40]},
						{"origin": [-3.5, 7.75, -19], "size": [7, 1, 1], "uv": [100, 37]},
						{"origin": [-3, 9, -8], "size": [6, 6, 1], "uv": [47, 69]}
					]
				}
			]
		}
	]
}