{
	"format_version": "1.12.0",
	"minecraft:geometry": [
		{
			"description": {
				"identifier": "geometry.seal",
				"texture_width": 64,
				"texture_height": 64,
				"visible_bounds_width": 7,
				"visible_bounds_height": 1,
				"visible_bounds_offset": [0, 0, 0]
			},
			"bones": [
				{
					"name": "body1",
					"pivot": [0, 0, -3],
					"mirror": true,
					"cubes": [
						{"origin": [-5, 0, -9], "size": [10, 8, 6], "uv": [0, 0]}
					]
				},
				{
					"name": "body",
					"pivot": [0, 0, -3],
					"mirror": true,
					"cubes": [
						{"origin": [-5, 0, -3], "size": [10, 8, 13], "uv": [18, 43]}
					]
				},
				{
					"name": "tail",
					"pivot": [0, 3.5, 10],
					"mirror": true,
					"cubes": [
						{"origin": [-3, 0, 10], "size": [6, 7, 11], "uv": [30, 25]}
					]
				},
				{
					"name": "tail_fin",
					"parent": "tail",
					"pivot": [0, 2.5, 20],
					"mirror": true,
					"cubes": [
						{"origin": [0, 1, 17], "size": [6, 2, 6], "pivot": [3, 2, 20], "rotation": [-10, -45, 10], "uv": [28, 0]},
						{"origin": [4, 1, 17], "size": [6, 2, 6], "inflate": -0.3, "pivot": [3, 2, 20], "rotation": [-10, -45, 10], "uv": [28, 0]},
						{"origin": [-6, 1, 17], "size": [6, 2, 6], "pivot": [-3, 2, 20], "rotation": [0, 45, -5], "uv": [28, 0]},
						{"origin": [-10, 1, 17], "size": [6, 2, 6], "inflate": -0.3, "pivot": [-3, 2, 20], "rotation": [0, 45, -5], "uv": [28, 0]}
					]
				},
				{
					"name": "back_fin",
					"pivot": [0, 7, 4],
					"mirror": true
				},
				{
					"name": "left_fin",
					"pivot": [-3, 1, -1],
					"mirror": true,
					"cubes": [
						{"origin": [-10, 1, -3], "size": [8, 1, 4], "inflate": 0.5, "pivot": [0, 0, 0], "rotation": [0, 20, 0], "uv": [40, 13]},
						{"origin": [-14, 1, -3], "size": [4, 1, 4], "pivot": [0, 0, 0], "rotation": [0, 20, 0], "uv": [32, 18]}
					]
				},
				{
					"name": "right_fin",
					"pivot": [3, 1, -1],
					"mirror": true,
					"cubes": [
						{"origin": [2, 1, -3], "size": [8, 1, 4], "inflate": 0.5, "pivot": [0, 0, 0], "rotation": [0, -20, 0], "uv": [40, 13]},
						{"origin": [10, 1, -3], "size": [4, 1, 4], "pivot": [0, 0, 0], "rotation": [0, -20, 0], "uv": [48, 18]}
					]
				},
				{
					"name": "head",
					"pivot": [0, 4, -9],
					"mirror": true,
					"cubes": [
						{"origin": [-3, 6, -19], "size": [6, 6, 8], "uv": [0, 15]},
						{"origin": [-3, -2, -9.5], "size": [6, 6, 8], "inflate": -0.25, "pivot": [0, 8, -3], "rotation": [-45, 0, 0], "uv": [0, 35]},
						{"origin": [-3, -2, -12.5], "size": [6, 6, 8], "inflate": -0.35, "pivot": [0, 8, -3], "rotation": [-45, 0, 0], "uv": [0, 35]},
						{"origin": [-2, 7, -21], "size": [4, 2, 2], "uv": [0, 29]}
					]
				}
			]
		}
	]
}