{
	"format_version": "1.12.0",
	"minecraft:geometry": [
		{
			"description": {
				"identifier": "geometry.shark_hat",
				"texture_width": 128,
				"texture_height": 128,
				"visible_bounds_width": 5,
				"visible_bounds_height": 4.5,
				"visible_bounds_offset": [0, 1.75, 0]
			},
			"bones": [
				{
					"name": "head",
					"pivot": [0, 24, 0],
					"mirror": true
				},
				{
					"name": "shark",
					"parent": "head",
					"pivot": [0, 34.2, 12],
					"rotation": [45, 0, 0]
				},
				{
					"name": "shadow",
					"parent": "shark",
					"pivot": [0, 34.97782, 6.80797],
					"rotation": [-30, 0, 0],
					"mirror": true,
					"cubes": [
						{"origin": [-4, 34.97782, 6.80797], "size": [8, 7, 10], "inflate": 0.25, "uv": [0, 13]}
					]
				},
				{
					"name": "cola",
					"parent": "shadow",
					"pivot": [0, 38.25427, 13.91019],
					"rotation": [-15, 0, 0],
					"mirror": true,
					"cubes": [
						{"origin": [-3, 35.75427, 15.91019], "size": [6, 7, 6], "inflate": -0.25, "uv": [100, 21]}
					]
				},
				{
					"name": "bone",
					"parent": "cola",
					"pivot": [0, 39.35427, 19.51019],
					"rotation": [-25, 0, 0],
					"cubes": [
						{"origin": [-3, 36.35427, 19.51019], "size": [6, 7, 6], "inflate": -0.5, "uv": [0, 33], "mirror": true},
						{"origin": [-0.5, 41.88365, 25.53807], "size": [1, 4, 6], "pivot": [0, 39.35427, 28.51019], "rotation": [45, 0, 0], "uv": [45, 50], "mirror": true},
						{"origin": [-0.5, 33.34849, 23.6046], "size": [1, 4, 6], "pivot": [0, 38.35427, 27.51019], "rotation": [-45, 0, 0], "uv": [45, 50], "mirror": true},
						{"origin": [-0.5, 50.21298, 14.956], "size": [1, 3, 6], "inflate": -0.35, "pivot": [0, 42.35427, 10.51019], "rotation": [-60, 0, 0], "uv": [79, 61], "mirror": true}
					]
				},
				{
					"name": "back_fin",
					"parent": "shadow",
					"pivot": [0, 40.97782, 10.80797],
					"rotation": [-60, 0, 0],
					"mirror": true,
					"cubes": [
						{"origin": [-0.5, 36.71599, 10.47175], "size": [1, 7, 7], "inflate": -0.05, "pivot": [0, 34.97782, 9.80797], "rotation": [21, 0, 0], "uv": [69, 31]}
					]
				},
				{
					"name": "left_fin",
					"parent": "shadow",
					"pivot": [-3, 35.97782, 8.80797],
					"rotation": [0, 25, -20],
					"mirror": true,
					"cubes": [
						{"origin": [-11, 35.97782, 7.80797], "size": [8, 1, 4], "uv": [40, 0]}
					]
				},
				{
					"name": "right_fin",
					"parent": "shadow",
					"pivot": [3, 35.97782, 8.80797],
					"rotation": [0, -25, 20],
					"mirror": true,
					"cubes": [
						{"origin": [3, 35.97782, 7.80797], "size": [8, 1, 4], "uv": [40, 6]}
					]
				},
				{
					"name": "cabeza",
					"parent": "shark",
					"pivot": [0, 34.2, 10],
					"mirror": true,
					"cubes": [
						{"origin": [-4, 35.7, 0], "size": [8, 2, 6], "inflate": 0.11, "pivot": [-1, 35.2, 5], "rotation": [45, 0, 0], "uv": [0, 51]},
						{"origin": [-4, 37.06889, -0.50141], "size": [8, 2, 6], "inflate": 0.11, "pivot": [-1, 40.2, 8], "rotation": [-30, 0, 0], "uv": [0, 67]},
						{"origin": [-4, 35.2, 4], "size": [8, 6, 6], "inflate": 0.1, "uv": [0, 0]},
						{"origin": [2.3, 38.2, 6], "size": [2, 2, 2], "uv": [0, 46]},
						{"origin": [-4.3, 38.2, 6], "size": [2, 2, 2], "uv": [0, 46]}
					]
				},
				{
					"name": "dientes",
					"parent": "cabeza",
					"pivot": [4, 41.18284, -0.33431],
					"rotation": [45, 0, 0],
					"cubes": [
						{"origin": [2.95, 36.25173, 0.06428], "size": [1, 1, 1], "inflate": 0.11, "pivot": [-1, 40.48284, 8.56569], "rotation": [-30, 0, 0], "uv": [0, 67], "mirror": true},
						{"origin": [-3.95, 36.25173, 0.06428], "size": [1, 1, 1], "inflate": 0.11, "pivot": [-1, 40.48284, 8.56569], "rotation": [-30, 0, 0], "uv": [0, 67], "mirror": true},
						{"origin": [2.95, 34.95173, 1.36428], "size": [1, 1, 1], "inflate": 0.11, "pivot": [-1, 40.48284, 8.56569], "rotation": [-30, 0, 0], "uv": [0, 67], "mirror": true},
						{"origin": [-3.95, 34.95173, 1.36428], "size": [1, 1, 1], "inflate": 0.11, "pivot": [-1, 40.48284, 8.56569], "rotation": [-30, 0, 0], "uv": [0, 67], "mirror": true},
						{"origin": [2.95, 33.57853, 2.66428], "size": [1, 1, 1], "inflate": 0.11, "pivot": [-1, 40.48284, 8.56569], "rotation": [-30, 0, 0], "uv": [0, 67], "mirror": true},
						{"origin": [-3.95, 33.57853, 2.66428], "size": [1, 1, 1], "inflate": 0.11, "pivot": [-1, 40.48284, 8.56569], "rotation": [-30, 0, 0], "uv": [0, 67], "mirror": true}
					]
				},
				{
					"name": "dientes2",
					"parent": "cabeza",
					"pivot": [4, 34.04106, 1.00919],
					"rotation": [125, 0, 0],
					"cubes": [
						{"origin": [2.95, 29.10995, 1.40778], "size": [1, 1, 1], "inflate": 0.11, "pivot": [-1, 33.34106, 9.90919], "rotation": [-30, 0, 0], "uv": [0, 67], "mirror": true},
						{"origin": [-3.95, 29.10995, 1.40778], "size": [1, 1, 1], "inflate": 0.11, "pivot": [-1, 33.34106, 9.90919], "rotation": [-30, 0, 0], "uv": [0, 67], "mirror": true},
						{"origin": [2.95, 27.80995, 2.70778], "size": [1, 1, 1], "inflate": 0.11, "pivot": [-1, 33.34106, 9.90919], "rotation": [-30, 0, 0], "uv": [0, 67], "mirror": true},
						{"origin": [-3.95, 27.80995, 2.70778], "size": [1, 1, 1], "inflate": 0.11, "pivot": [-1, 33.34106, 9.90919], "rotation": [-30, 0, 0], "uv": [0, 67], "mirror": true},
						{"origin": [2.95, 26.43675, 4.00778], "size": [1, 1, 1], "inflate": 0.11, "pivot": [-1, 33.34106, 9.90919], "rotation": [-30, 0, 0], "uv": [0, 67], "mirror": true},
						{"origin": [-3.95, 26.43675, 4.00778], "size": [1, 1, 1], "inflate": 0.11, "pivot": [-1, 33.34106, 9.90919], "rotation": [-30, 0, 0], "uv": [0, 67], "mirror": true}
					]
				}
			]
		}
	]
}