{
	"format_version": "1.12.0",
	"minecraft:geometry": [
		{
			"description": {
				"identifier": "geometry.shrimp",
				"texture_width": 64,
				"texture_height": 64,
				"visible_bounds_width": 2,
				"visible_bounds_height": 2,
				"visible_bounds_offset": [0, 0, 0]
			},
			"bones": [
				{
					"name": "bone",
					"pivot": [0, 4, 0],
					"cubes": [
						{"origin": [-1.5, 4, -1.5], "size": [3, 6, 3], "uv": [52, 17]},
						{"origin": [0.5, 5, -4.5], "size": [1, 1, 4], "inflate": -0.25, "uv": [54, 0]},
						{"origin": [-1.5, 5, -4.5], "size": [1, 1, 4], "inflate": -0.25, "uv": [54, 0]},
						{"origin": [0.5, 6, -4.5], "size": [1, 1, 4], "inflate": -0.25, "uv": [54, 0]},
						{"origin": [-1.5, 6, -4.5], "size": [1, 1, 4], "inflate": -0.25, "uv": [54, 0]},
						{"origin": [0.5, 7, -4.5], "size": [1, 1, 4], "inflate": -0.25, "uv": [54, 0]},
						{"origin": [-1.5, 7, -4.5], "size": [1, 1, 4], "inflate": -0.25, "uv": [54, 0]},
						{"origin": [0.5, 8, -4.5], "size": [1, 1, 4], "inflate": -0.25, "uv": [54, 0]},
						{"origin": [0.5, 7.7, -6.5], "size": [1, 1, 3], "inflate": -0.35, "pivot": [-2, 8, -5], "rotation": [20, 0, 0], "uv": [0, 0]},
						{"origin": [0.5, 6.7, -6.5], "size": [1, 1, 3], "inflate": -0.35, "pivot": [-2, 7, -5], "rotation": [20, 0, 0], "uv": [0, 0]},
						{"origin": [0.5, 5.7, -6.5], "size": [1, 1, 3], "inflate": -0.35, "pivot": [-2, 6, -5], "rotation": [20, 0, 0], "uv": [0, 0]},
						{"origin": [0.5, 4.7, -6.5], "size": [1, 1, 3], "inflate": -0.35, "pivot": [-2, 5, -5], "rotation": [20, 0, 0], "uv": [0, 0]},
						{"origin": [-1.5, 8, -4.5], "size": [1, 1, 4], "inflate": -0.25, "uv": [54, 0]},
						{"origin": [-1.5, 7.7, -6.5], "size": [1, 1, 3], "inflate": -0.35, "pivot": [-2, 8, -5], "rotation": [20, 0, 0], "uv": [0, 0]},
						{"origin": [-1.5, 6.7, -6.5], "size": [1, 1, 3], "inflate": -0.35, "pivot": [-2, 7, -5], "rotation": [20, 0, 0], "uv": [0, 0]},
						{"origin": [-1.5, 5.7, -6.5], "size": [1, 1, 3], "inflate": -0.35, "pivot": [-2, 6, -5], "rotation": [20, 0, 0], "uv": [0, 0]},
						{"origin": [-1.5, 4.7, -6.5], "size": [1, 1, 3], "inflate": -0.35, "pivot": [-2, 5, -5], "rotation": [20, 0, 0], "uv": [0, 0]},
						{"origin": [-1.5, 1.5, -5], "size": [3, 6, 3], "inflate": -0.5, "pivot": [0, 1, -4], "rotation": [-45, 0, 0], "uv": [25, 16]},
						{"origin": [-2.5, -0.5, -4.5], "size": [5, 3, 1], "inflate": -0.25, "pivot": [0, 1, -4], "rotation": [-65, 0, 0], "uv": [0, 53]}
					]
				},
				{
					"name": "head",
					"pivot": [0, 9, 0],
					"cubes": [
						{"origin": [-1, 9, -0.5], "size": [2, 4, 2], "pivot": [0, 9, -0.5], "rotation": [25, 0, 0], "uv": [0, 32]},
						{"origin": [-2, 10, -0.5], "size": [2, 2, 2], "inflate": -0.5, "pivot": [-2, 9, -0.5], "rotation": [25, 0, 0], "uv": [0, 23]},
						{"origin": [0, 10, -0.5], "size": [2, 2, 2], "inflate": -0.5, "pivot": [0, 9, -0.5], "rotation": [25, 0, 0], "uv": [0, 23]},
						{"origin": [0, 12, -0.5], "size": [1, 6, 1], "inflate": -0.45, "pivot": [0, 9, -0.5], "rotation": [25, 0, 0], "uv": [28, 0]},
						{"origin": [-1, 12, -0.5], "size": [1, 6, 1], "inflate": -0.45, "pivot": [-1, 9, -0.5], "rotation": [25, 0, 0], "uv": [28, 0]}
					]
				}
			]
		}
	]
}