{
	"format_version": "1.12.0",
	"minecraft:geometry": [
		{
			"description": {
				"identifier": "geometry.snail",
				"texture_width": 64,
				"texture_height": 64,
				"visible_bounds_width": 3,
				"visible_bounds_height": 1,
				"visible_bounds_offset": [0, 0, 0]
			},
			"bones": [
				{
					"name": "bone",
					"pivot": [0, 0, 0],
					"cubes": [
						{"origin": [-3, 0, -8], "size": [6, 2, 16], "uv": [0, 0]},
						{"origin": [1, 1, -6], "size": [1, 6, 1], "inflate": -0.25, "pivot": [2, 2, -6], "rotation": [0, 0, 10], "uv": [0, 0]},
						{"origin": [1, 6.25, -6], "size": [1, 1, 1], "inflate": -0.2, "pivot": [2, 2, -6], "rotation": [0, 0, 10], "uv": [60, 0]},
						{"origin": [-2, 1, -6], "size": [1, 6, 1], "inflate": -0.25, "pivot": [-1, 2, -6], "rotation": [0, 0, -10], "uv": [0, 0]},
						{"origin": [-2, 6.25, -6], "size": [1, 1, 1], "inflate": -0.2, "pivot": [-1, 2, -6], "rotation": [0, 0, -10], "uv": [60, 0]},
						{"origin": [-3, 2, 0], "size": [6, 8, 8], "inflate": 0.5, "pivot": [3, 2, 0], "rotation": [-10, 0, 0], "uv": [0, 43]}
					]
				}
			]
		}
	]
}