{
	"format_version": "1.12.0",
	"minecraft:geometry": [
		{
			"description": {
				"identifier": "geometry.snake_v2",
				"texture_width": 64,
				"texture_height": 64,
				"visible_bounds_width": 5,
				"visible_bounds_height": 1.5,
				"visible_bounds_offset": [0, 0.25, 0]
			},
			"bones": [
				{
					"name": "snake",
					"pivot": [0, 0, 0]
				},
				{
					"name": "body",
					"parent": "snake",
					"pivot": [0, 0, -20],
					"cubes": [
						{"origin": [-2, 0, -20], "size": [4, 3, 4], "uv": [24, 14]}
					]
				},
				{
					"name": "bone",
					"parent": "body",
					"pivot": [0, 0, -16],
					"cubes": [
						{"origin": [-2, 0, -16], "size": [4, 3, 4], "uv": [12, 24]}
					]
				},
				{
					"name": "bone2",
					"parent": "bone",
					"pivot": [0, 0, -12],
					"cubes": [
						{"origin": [-2, 0, -12], "size": [4, 3, 4], "uv": [24, 7]}
					]
				},
				{
					"name": "bone3",
					"parent": "bone2",
					"pivot": [0, 0, -8],
					"cubes": [
						{"origin": [-2, 0, -8], "size": [4, 3, 4], "uv": [24, 0]}
					]
				},
				{
					"name": "bone4",
					"parent": "bone3",
					"pivot": [0, 0, -4],
					"cubes": [
						{"origin": [-2, 0, -4], "size": [4, 3, 4], "uv": [0, 21]}
					]
				},
				{
					"name": "bone5",
					"parent": "bone4",
					"pivot": [0, 0, 0],
					"cubes": [
						{"origin": [-2, 0, 0], "size": [4, 3, 4], "uv": [12, 17]}
					]
				},
				{
					"name": "bone6",
					"parent": "bone5",
					"pivot": [0, 0, 4],
					"cubes": [
						{"origin": [-2, 0, 4], "size": [4, 3, 4], "uv": [0, 14]}
					]
				},
				{
					"name": "bone7",
					"parent": "bone6",
					"pivot": [0, 0, 8],
					"cubes": [
						{"origin": [-2, 0, 8], "size": [4, 3, 4], "uv": [12, 10]}
					]
				},
				{
					"name": "bone8",
					"parent": "bone7",
					"pivot": [0, 0, 12],
					"cubes": [
						{"origin": [-2, 0, 12], "size": [4, 3, 4], "uv": [12, 3]}
					]
				},
				{
					"name": "bone9",
					"parent": "bone8",
					"pivot": [0, 0, 16],
					"cubes": [
						{"origin": [-2, 0, 16], "size": [4, 3, 4], "uv": [0, 7]}
					]
				},
				{
					"name": "bone10",
					"parent": "bone9",
					"pivot": [0, 0, 20],
					"cubes": [
						{"origin": [-2, 0, 20], "size": [4, 3, 4], "uv": [0, 37]},
						{"origin": [-2, 0, 23.9], "size": [4, 3, 1], "inflate": 0.1, "uv": [0, 33]},
						{"origin": [-2, 0, 23.9], "size": [4, 3, 2], "uv": [22, 32]},
						{"origin": [-2, 0, 24.9], "size": [4, 3, 2], "inflate": -0.1, "uv": [10, 31]},
						{"origin": [-2, 0, 25.9], "size": [4, 3, 2], "inflate": -0.2, "uv": [0, 28]}
					]
				},
				{
					"name": "head",
					"parent": "snake",
					"pivot": [0, 1.5, -20],
					"cubes": [
						{"origin": [-2, 1, -24], "size": [4, 2, 4], "inflate": 0.1, "uv": [0, 0]},
						{"origin": [1, -1, -24], "size": [1, 2, 1], "uv": [0, 7]},
						{"origin": [-2, -1, -24], "size": [1, 2, 1], "uv": [0, 0]}
					]
				},
				{
					"name": "boca",
					"parent": "head",
					"pivot": [0, 1, -20],
					"cubes": [
						{"origin": [-2, 0, -23.975], "size": [4, 1, 4], "inflate": -0.025, "uv": [24, 27]},
						{"origin": [-2, 0.1, -23.95], "size": [4, 1, 4], "inflate": -0.05, "uv": [24, 21]}
					]
				}
			]
		}
	]
}