{
	"format_version": "1.12.0",
	"minecraft:geometry": [
		{
			"description": {
				"identifier": "geometry.snake",
				"texture_width": 64,
				"texture_height": 64,
				"visible_bounds_width": 4,
				"visible_bounds_height": 1.5,
				"visible_bounds_offset": [0, 0.25, 0]
			},
			"bones": [
				{
					"name": "snake",
					"pivot": [0, 0, 0]
				},
				{
					"name": "body",
					"parent": "snake",
					"pivot": [0, 1.5, -13],
					"cubes": [
						{"origin": [-2, 0, -13], "size": [4, 3, 4], "uv": [0, 7]}
					]
				},
				{
					"name": "body2",
					"parent": "body",
					"pivot": [0, 1.5, -9],
					"cubes": [
						{"origin": [-2, 0, -9.1], "size": [4, 3, 4], "inflate": -0.1, "uv": [0, 20]}
					]
				},
				{
					"name": "body3",
					"parent": "body2",
					"pivot": [0, 1.5, -5.1],
					"cubes": [
						{"origin": [-2, 0, -5.2], "size": [4, 3, 4], "uv": [0, 7]}
					]
				},
				{
					"name": "body4",
					"parent": "body3",
					"pivot": [0, 1.5, -1.2],
					"cubes": [
						{"origin": [-2, 0, -1.3], "size": [4, 3, 4], "inflate": -0.1, "uv": [0, 20]}
					]
				},
				{
					"name": "body5",
					"parent": "body4",
					"pivot": [0, 1.5, 2.7],
					"cubes": [
						{"origin": [-2, 0, 2.6], "size": [4, 3, 4], "uv": [0, 7]}
					]
				},
				{
					"name": "body6",
					"parent": "body5",
					"pivot": [0, 1.5, 6.6],
					"cubes": [
						{"origin": [-2, 0, 6.5], "size": [4, 3, 4], "inflate": -0.1, "uv": [0, 20]}
					]
				},
				{
					"name": "body7",
					"parent": "body6",
					"pivot": [0, 1.5, 10.5],
					"cubes": [
						{"origin": [-2, 0, 10.4], "size": [4, 3, 4], "uv": [0, 7]}
					]
				},
				{
					"name": "body8",
					"parent": "body7",
					"pivot": [0, 1.5, 14.4],
					"cubes": [
						{"origin": [-2, 0, 14.3], "size": [4, 3, 4], "inflate": -0.1, "uv": [0, 20]}
					]
				},
				{
					"name": "body9",
					"parent": "body8",
					"pivot": [0, 1.5, 18.3],
					"cubes": [
						{"origin": [-2, 0, 18.2], "size": [4, 3, 4], "uv": [0, 7]}
					]
				},
				{
					"name": "head",
					"parent": "body",
					"pivot": [0, 1.5, -13],
					"cubes": [
						{"origin": [-2, 0, -18], "size": [4, 1, 5], "uv": [1, 1]}
					]
				},
				{
					"name": "head1",
					"parent": "head",
					"pivot": [0, 1.5, -13],
					"rotation": [43.5, 0, 0],
					"cubes": [
						{"origin": [-2, 1, -19], "size": [4, 2, 6], "inflate": 0.3, "pivot": [0, 1, -13], "rotation": [-45, 0, 0], "uv": [44, 0]},
						{"origin": [-2, 2.6, -19], "size": [4, 1, 6], "pivot": [0, 1, -13], "rotation": [-45, 0, 0], "uv": [44, 8]},
						{"origin": [1, -0.7, -19], "size": [1, 3, 1], "inflate": -0.3, "pivot": [0, 1, -13], "rotation": [-45, 0, 0], "uv": [44, 0]},
						{"origin": [-2, -0.7, -19], "size": [1, 3, 1], "inflate": -0.3, "pivot": [0, 1, -13], "rotation": [-45, 0, 0], "uv": [44, 0]},
						{"origin": [-2, 0.80636, -18.97442], "size": [1, 2, 1], "inflate": -0.325, "pivot": [0, 1, -13], "rotation": [-17, 0, 0], "uv": [44, 0]},
						{"origin": [1, 0.80636, -18.97442], "size": [1, 2, 1], "inflate": -0.325, "pivot": [0, 1, -13], "rotation": [-17, 0, 0], "uv": [44, 0]}
					]
				}
			]
		}
	]
}