{
	"format_version": "1.12.0",
	"minecraft:geometry": [
		{
			"description": {
				"identifier": "geometry.sofa_zebra",
				"texture_width": 64,
				"texture_height": 64,
				"visible_bounds_width": 3,
				"visible_bounds_height": 2.5,
				"visible_bounds_offset": [0, 0.75, 0]
			},
			"bones": [
				{
					"name": "bone",
					"pivot": [0, 0, 0],
					"cubes": [
						{"origin": [-7, 1, -7], "size": [14, 6, 14], "uv": [5, 2]},
						{"origin": [-7, 7, -7], "size": [14, 9, 4], "uv": [14, 12]},
						{"origin": [4, 0, -7], "size": [3, 1, 3], "uv": [0, 0]},
						{"origin": [-7, 0, -7], "size": [3, 1, 3], "uv": [0, 0]},
						{"origin": [4, 0, 4], "size": [3, 1, 3], "uv": [0, 0]},
						{"origin": [-7, 0, 4], "size": [3, 1, 3], "uv": [0, 0]},
						{"origin": [7, 7, -7], "size": [4, 4, 14], "uv": [14, 5]},
						{"origin": [-11, 7, -7], "size": [4, 4, 14], "uv": [14, 5]}
					]
				}
			]
		}
	]
}