{
	"format_version": "1.12.0",
	"minecraft:geometry": [
		{
			"description": {
				"identifier": "geometry.squirrel",
				"texture_width": 64,
				"texture_height": 64,
				"visible_bounds_width": 3,
				"visible_bounds_height": 2.5,
				"visible_bounds_offset": [0, 0.75, 0]
			},
			"bones": [
				{
					"name": "head",
					"pivot": [0, 5.5, -2.5],
					"cubes": [
						{"origin": [-2, 5.5, -5.5], "size": [4, 4, 3], "uv": [0, 0]},
						{"origin": [-1.5, 5.5, -7], "size": [3, 2, 2], "uv": [16, 0]},
						{"origin": [0.5, 8.9, -3.5], "size": [2, 2, 1], "inflate": -0.3, "uv": [16, 6]},
						{"origin": [-2.5, 8.9, -3.5], "size": [2, 2, 1], "inflate": -0.3, "uv": [16, 6]}
					]
				},
				{
					"name": "bone",
					"pivot": [0, 3, 2],
					"rotation": [55, 0, 0],
					"cubes": [
						{"origin": [-2, 3, 1], "size": [4, 6, 3], "inflate": 0.1, "uv": [0, 18]}
					]
				},
				{
					"name": "tail",
					"pivot": [0, 3, 2],
					"rotation": [-52.5, 0, 0],
					"cubes": [
						{"origin": [-1.5, 3, 1], "size": [3, 6, 2], "uv": [0, 41]},
						{"origin": [-1.5, 6.6, -1.6], "size": [3, 3, 4], "inflate": -0.2, "pivot": [0, 8, 2], "rotation": [-35, 0, 0], "uv": [0, 57]},
						{"origin": [-1.5, 10.40716, -3.72032], "size": [3, 3, 4], "inflate": -0.3, "pivot": [0, 11.00716, -2.12032], "rotation": [-65, 0, 0], "uv": [14, 57]}
					]
				},
				{
					"name": "leg0",
					"pivot": [3, 3, 1],
					"cubes": [
						{"origin": [2, 0.6, 0], "size": [1, 4, 3], "inflate": 0.1, "pivot": [2.5, 3, 1], "rotation": [-17.5, 0, 0], "uv": [56, 0]},
						{"origin": [2, 0.2, -2], "size": [1, 1, 4], "inflate": 0.2, "uv": [54, 10]}
					]
				},
				{
					"name": "leg1",
					"pivot": [-2, 3, 1],
					"cubes": [
						{"origin": [-3, 0.6, 0], "size": [1, 4, 3], "inflate": 0.1, "pivot": [-2.5, 3, 1], "rotation": [-17.5, 0, 0], "uv": [56, 0]},
						{"origin": [-3, 0.2, -2], "size": [1, 1, 4], "inflate": 0.2, "uv": [54, 10]}
					]
				},
				{
					"name": "leg2",
					"pivot": [-2, 5, -3],
					"cubes": [
						{"origin": [-2.5, 0, -4.5], "size": [1, 6, 1], "pivot": [0, 3, -4], "rotation": [-27.5, 0, 0], "uv": [39, 25]}
					]
				},
				{
					"name": "leg3",
					"pivot": [2, 5, -3],
					"cubes": [
						{"origin": [1.5, 0, -4.5], "size": [1, 6, 1], "pivot": [0, 3, -4], "rotation": [-27.5, 0, 0], "uv": [39, 25]}
					]
				}
			]
		}
	]
}