{
	"format_version": "1.12.0",
	"minecraft:geometry": [
		{
			"description": {
				"identifier": "geometry.stingray",
				"texture_width": 64,
				"texture_height": 64,
				"visible_bounds_width": 4,
				"visible_bounds_height": 1,
				"visible_bounds_offset": [0, 0, 0]
			},
			"bones": [
				{
					"name": "bone",
					"pivot": [0, 0, 0],
					"cubes": [
						{"origin": [-6, 0, -6], "size": [12, 1, 12], "inflate": 0.25, "uv": [0, 0]},
						{"origin": [1, 1, -3], "size": [2, 2, 1], "uv": [0, 0]},
						{"origin": [-3, 1, -3], "size": [2, 2, 1], "uv": [0, 0]}
					]
				},
				{
					"name": "hueso1",
					"pivot": [0, 0, 6],
					"cubes": [
						{"origin": [-2, 0, 6], "size": [4, 1, 4], "inflate": -0.25, "uv": [0, 31]}
					]
				},
				{
					"name": "hueso2",
					"pivot": [0, 0, 6],
					"cubes": [
						{"origin": [-1.5, 0, 9], "size": [3, 1, 4], "inflate": -0.275, "uv": [50, 32]}
					]
				},
				{
					"name": "hueso3",
					"pivot": [0, 0, 6],
					"cubes": [
						{"origin": [-1, 0, 12], "size": [2, 1, 4], "inflate": -0.3, "uv": [52, 0]}
					]
				},
				{
					"name": "hueso4",
					"pivot": [0, 0, 6],
					"cubes": [
						{"origin": [-0.5, 0, 15], "size": [1, 1, 4], "inflate": -0.36, "uv": [21, 27]}
					]
				},
				{
					"name": "ala1",
					"pivot": [6, 0, 0],
					"cubes": [
						{"origin": [6, 0, -5], "size": [8, 1, 10], "uv": [0, 53]}
					]
				},
				{
					"name": "ala1_1",
					"pivot": [6, 0, 0],
					"cubes": [
						{"origin": [14, 0, -3], "size": [8, 1, 6], "uv": [36, 57]}
					]
				},
				{
					"name": "ala2",
					"pivot": [-6, 0, 0],
					"cubes": [
						{"origin": [-14, 0, -5], "size": [8, 1, 10], "uv": [0, 53]}
					]
				},
				{
					"name": "ala2_1",
					"pivot": [-6, 0, 0],
					"cubes": [
						{"origin": [-22, 0, -3], "size": [8, 1, 6], "uv": [36, 57]}
					]
				}
			]
		}
	]
}