{
	"format_version": "1.12.0",
	"minecraft:geometry": [
		{
			"description": {
				"identifier": "geometry.swordfish",
				"texture_width": 128,
				"texture_height": 128,
				"visible_bounds_width": 6,
				"visible_bounds_height": 2,
				"visible_bounds_offset": [0, 0, 0]
			},
			"bones": [
				{
					"name": "cabeza",
					"pivot": [0, 0, -2],
					"mirror": true,
					"cubes": [
						{"origin": [-4, 1, -13], "size": [8, 8, 10], "uv": [0, 0]},
						{"origin": [-1, 3, -23], "size": [2, 2, 10], "uv": [6, 66]},
						{"origin": [-1, 3, -32], "size": [2, 2, 10], "inflate": -0.25, "uv": [6, 66]},
						{"origin": [-1, 3, -41], "size": [2, 2, 10], "inflate": -0.5, "uv": [6, 66]},
						{"origin": [-1, 1.25, -16.75], "size": [2, 2, 5], "inflate": -0.25, "pivot": [0, 3, -13], "rotation": [-20, 0, 0], "uv": [0, 121]}
					]
				},
				{
					"name": "body",
					"pivot": [0, 0, -3],
					"mirror": true,
					"cubes": [
						{"origin": [-4, 0, -3], "size": [8, 9, 13], "inflate": 0.25, "uv": [0, 18]},
						{"origin": [-0.5, 4.25, -1.82045], "size": [1, 7, 8], "inflate": -0.3, "pivot": [-1, -3, 1], "rotation": [-15, 0, 0], "uv": [69, 31]}
					]
				},
				{
					"name": "tail",
					"pivot": [0, 2.5, 7],
					"mirror": true
				},
				{
					"name": "bone",
					"parent": "tail",
					"pivot": [0, 2.5, 7],
					"rotation": [5, 0, 0],
					"cubes": [
						{"origin": [-3, 0, 15], "size": [6, 7, 12], "inflate": -0.5, "uv": [92, 109], "mirror": true},
						{"origin": [-3, 0, 9], "size": [6, 7, 8], "inflate": -0.25, "uv": [100, 21], "mirror": true},
						{"origin": [-0.5, 2, 25], "size": [1, 4, 6], "pivot": [0, 3, 25], "rotation": [45, 0, 0], "uv": [45, 50], "mirror": true},
						{"origin": [-0.5, 1, 24], "size": [1, 4, 6], "pivot": [0, 2, 24], "rotation": [-45, 0, 0], "uv": [45, 50], "mirror": true},
						{"origin": [-0.5, 2.5, 29], "size": [1, 4, 6], "inflate": -0.25, "pivot": [0, 3, 23], "rotation": [30, 0, 0], "uv": [45, 50], "mirror": true},
						{"origin": [-0.5, 0.5, 28], "size": [1, 4, 6], "inflate": -0.25, "pivot": [0, 1, 22], "rotation": [-30, 0, 0], "uv": [45, 50], "mirror": true},
						{"origin": [-0.5, 11.5, 7], "size": [1, 6, 6], "inflate": -0.25, "pivot": [0, 3, 3], "rotation": [-45, 0, 0], "uv": [79, 61], "mirror": true},
						{"origin": [-0.5, 6.5, 7], "size": [1, 6, 6], "inflate": -0.25, "pivot": [0, -2, 3], "rotation": [-45, 0, 0], "uv": [79, 61], "mirror": true}
					]
				},
				{
					"name": "back_fin",
					"pivot": [0, 6, 1],
					"rotation": [-60, 0, 0],
					"mirror": true,
					"cubes": [
						{"origin": [-0.5, 4, -4.09808], "size": [1, 7, 8], "inflate": -0.25, "uv": [69, 31]}
					]
				},
				{
					"name": "left_fin",
					"pivot": [-3, 1, -1],
					"rotation": [0, 25, -20],
					"mirror": true,
					"cubes": [
						{"origin": [-11, 1, -2], "size": [8, 1, 4], "inflate": -0.25, "uv": [40, 0]}
					]
				},
				{
					"name": "right_fin",
					"pivot": [3, 1, -1],
					"rotation": [0, -25, 20],
					"mirror": true,
					"cubes": [
						{"origin": [3, 1, -2], "size": [8, 1, 4], "inflate": -0.25, "uv": [40, 6]}
					]
				}
			]
		}
	]
}