{
	"format_version": "1.12.0",
	"minecraft:geometry": [
		{
			"description": {
				"identifier": "geometry.tiger_saddle",
				"texture_width": 128,
				"texture_height": 128,
				"visible_bounds_width": 4,
				"visible_bounds_height": 3,
				"visible_bounds_offset": [0, 0.5, 0]
			},
			"bones": [
				{
					"name": "bone",
					"pivot": [0, 13, 0]
				},
				{
					"name": "chest1",
					"parent": "bone",
					"pivot": [6, 8, 3],
					"rotation": [0, -90, 0],
					"cubes": [
						{"origin": [2, 8, 2.5], "size": [4, 4, 2], "inflate": 0.45, "uv": [17, 28]},
						{"origin": [2, 8, 14], "size": [4, 4, 2], "inflate": 0.45, "uv": [17, 28]},
						{"origin": [2.5, 12.5, 14], "size": [3, 2, 1], "uv": [0, 51]},
						{"origin": [2.5, 12.5, 3], "size": [3, 2, 1], "uv": [0, 51]},
						{"origin": [2.5, 13.5, 4], "size": [3, 1, 10], "uv": [1, 45]},
						{"origin": [-0.5, 13.75, 6], "size": [8, 1, 6], "uv": [20, 39]},
						{"origin": [7.5, 13.75, 7], "size": [1, 1, 4], "uv": [22, 47]},
						{"origin": [-1.5, 13.75, 7], "size": [1, 1, 4], "uv": [22, 47]}
					]
				}
			]
		}
	]
}