{
	"format_version": "1.12.0",
	"minecraft:geometry": [
		{
			"description": {
				"identifier": "geometry.tucan",
				"texture_width": 64,
				"texture_height": 64,
				"visible_bounds_width": 2,
				"visible_bounds_height": 2.5,
				"visible_bounds_offset": [0, 0.75, 0]
			},
			"bones": [
				{
					"name": "Tuca",
					"pivot": [0, 2, 0]
				},
				{
					"name": "head",
					"parent": "Tuca",
					"pivot": [0, 7, -3]
				},
				{
					"name": "bone2",
					"parent": "head",
					"pivot": [0, 8.1, -4.5],
					"rotation": [17.5, 0, 0],
					"cubes": [
						{"origin": [-1.5, 8.1, -5.8], "size": [3, 4, 3], "uv": [20, 0]},
						{"origin": [-1.5, 5.23934, -5.72929], "size": [3, 4, 3], "inflate": -0.2, "pivot": [0, 8.1, -3.8], "rotation": [27.5, 0, 0], "uv": [32, 0]},
						{"origin": [-1, 9.90937, -8.94226], "size": [2, 2, 4], "inflate": 0.4, "pivot": [0, 8.8, -4.9], "rotation": [7.5, 0, 0], "uv": [52, 0]},
						{"origin": [-1, 10.00937, -9.64226], "size": [2, 2, 4], "inflate": 0.2, "pivot": [0, 8.8, -4.9], "rotation": [7.5, 0, 0], "uv": [52, 0]},
						{"origin": [-1, 9.60937, -7.74226], "size": [2, 1, 2], "inflate": 0.3, "pivot": [0, 8.8, -4.9], "rotation": [7.5, 0, 0], "uv": [0, 10]}
					]
				},
				{
					"name": "bone",
					"parent": "Tuca",
					"pivot": [0, 3, -1],
					"rotation": [-22.5, 0, 0],
					"cubes": [
						{"origin": [-2, 3, -4], "size": [4, 4, 6], "uv": [0, 0]},
						{"origin": [-2, 3, -2], "size": [4, 4, 6], "inflate": -0.2, "uv": [0, 0]},
						{"origin": [-2, 5.84021, 3.18231], "size": [4, 1, 3], "inflate": -0.3, "pivot": [0, 6, 4], "rotation": [-25, 0, 0], "uv": [0, 13]},
						{"origin": [-1.5, 5.84021, 5.38231], "size": [3, 1, 3], "inflate": -0.31, "pivot": [0, 6, 4], "rotation": [-25, 0, 0], "uv": [1, 13]}
					]
				},
				{
					"name": "alas0",
					"parent": "bone",
					"pivot": [-2, 7, 0]
				},
				{
					"name": "bone3",
					"parent": "alas0",
					"pivot": [-2, 7, 0],
					"rotation": [0, 0, -65],
					"cubes": [
						{"origin": [-7.7, 6.3, -2.5], "size": [6, 1, 5], "inflate": -0.3, "uv": [0, 17]},
						{"origin": [-9.1, 6.3, -2.5], "size": [2, 1, 4], "inflate": -0.3, "uv": [20, 23]}
					]
				},
				{
					"name": "alas1",
					"parent": "bone",
					"pivot": [2, 7, 0]
				},
				{
					"name": "bone4",
					"parent": "alas1",
					"pivot": [2, 7, 0],
					"rotation": [0, 0, 65],
					"cubes": [
						{"origin": [1.7, 6.3, -2.5], "size": [6, 1, 5], "inflate": -0.3, "uv": [22, 17]},
						{"origin": [7.1, 6.3, -2.5], "size": [2, 1, 4], "inflate": -0.3, "uv": [0, 23]}
					]
				},
				{
					"name": "pierna0",
					"pivot": [1, 3, 0],
					"cubes": [
						{"origin": [0.5, -0.2, -0.5], "size": [1, 3, 1], "inflate": -0.2, "uv": [0, 0]},
						{"origin": [0.5, 2, -0.5], "size": [1, 1, 1], "inflate": 0.1, "uv": [13, 7]}
					]
				},
				{
					"name": "pierna1",
					"pivot": [-1, 3, 0],
					"cubes": [
						{"origin": [-1.5, -0.2, -0.5], "size": [1, 3, 1], "inflate": -0.2, "uv": [0, 0]},
						{"origin": [-1.5, 2, -0.5], "size": [1, 1, 1], "inflate": 0.1, "uv": [13, 7]}
					]
				}
			]
		}
	]
}