{
	"format_version": "1.12.0",
	"minecraft:geometry": [
		{
			"description": {
				"identifier": "geometry.village_ice",
				"texture_width": 128,
				"texture_height": 128,
				"visible_bounds_width": 3,
				"visible_bounds_height": 4.5,
				"visible_bounds_offset": [0, 0.75, 0]
			},
			"bones": [
				{
					"name": "head",
					"pivot": [0, 24, 0],
					"mirror": true,
					"cubes": [
						{"origin": [-4, 24, -4], "size": [8, 10, 8], "uv": [0, 0]},
						{"origin": [-4, 23.8, 3.8], "size": [8, 9, 1], "uv": [82, 0]},
						{"origin": [-4.5, 33, -4.5], "size": [9, 1, 9], "inflate": 0.25, "uv": [28, 46]},
						{"origin": [-4.5, 33, -5.5], "size": [9, 1, 1], "inflate": 0.35, "uv": [39, 65]},
						{"origin": [3.5, 23.5, -4.5], "size": [1, 9, 9], "inflate": 0.25, "uv": [0, 89]},
						{"origin": [3.5, 23.3, -5.5], "size": [1, 9, 1], "inflate": 0.35, "uv": [0, 108]},
						{"origin": [-4.5, 23.5, -4.5], "size": [1, 9, 9], "inflate": 0.25, "uv": [0, 89]},
						{"origin": [-4.5, 23.3, -5.5], "size": [1, 9, 1], "inflate": 0.35, "uv": [0, 108]}
					]
				},
				{
					"name": "nose",
					"parent": "head",
					"pivot": [0, 26, 0],
					"mirror": true,
					"cubes": [
						{"origin": [-1, 23, -6], "size": [2, 4, 2], "uv": [24, 0]}
					]
				},
				{
					"name": "body",
					"pivot": [0, 24, 0],
					"mirror": true,
					"cubes": [
						{"origin": [-4, 12, -3], "size": [8, 12, 6], "uv": [16, 20]},
						{"origin": [-4, 6, -3], "size": [8, 18, 6], "inflate": 0.5, "uv": [0, 38]},
						{"origin": [-4, 16, 4], "size": [8, 8, 6], "inflate": 0.5, "uv": [0, 65]},
						{"origin": [5, 21, -1], "size": [1, 4, 4], "inflate": 0.5, "uv": [0, 80]},
						{"origin": [-6, 21, -1], "size": [1, 4, 4], "inflate": 0.5, "uv": [0, 80]},
						{"origin": [5, 9, -3], "size": [2, 6, 6], "inflate": 0.5, "uv": [64, 0]},
						{"origin": [-11, 9, -3], "size": [2, 6, 6], "inflate": 0.5, "pivot": [-8, 12, 0], "rotation": [0, 180, 0], "uv": [64, 0]}
					]
				},
				{
					"name": "leg0",
					"pivot": [2, 12, 0],
					"mirror": true,
					"cubes": [
						{"origin": [0, 0, -2], "size": [4, 12, 4], "uv": [0, 22]}
					]
				},
				{
					"name": "leg1",
					"pivot": [-2, 12, 0],
					"mirror": true,
					"cubes": [
						{"origin": [-4, 0, -2], "size": [4, 12, 4], "uv": [0, 22]}
					]
				},
				{
					"name": "arms",
					"pivot": [0, 22, 0],
					"rotation": [-55, 0, 0],
					"mirror": true,
					"cubes": [
						{"origin": [-4, 16, -2], "size": [8, 4, 4], "uv": [40, 38]},
						{"origin": [4, 16, -2], "size": [4, 8, 4], "uv": [44, 22]},
						{"origin": [-8, 16, -2], "size": [4, 8, 4], "uv": [44, 22]}
					]
				}
			]
		}
	]
}