{
	"format_version": "1.12.0",
	"minecraft:geometry": [
		{
			"description": {
				"identifier": "geometry.wild_boar",
				"texture_width": 128,
				"texture_height": 128,
				"visible_bounds_width": 3,
				"visible_bounds_height": 2,
				"visible_bounds_offset": [0, 0, 0]
			},
			"bones": [
				{
					"name": "body",
					"pivot": [0, 13, 2],
					"mirror": true,
					"cubes": [
						{"origin": [-5, 6, -7], "size": [10, 8, 16], "uv": [76, 104]},
						{"origin": [-1, 12, 8], "size": [2, 2, 8], "inflate": -0.25, "pivot": [0, 13, 8], "rotation": [-50, 0, 0], "uv": [60, 101]},
						{"origin": [-1, 12, 14], "size": [2, 2, 4], "pivot": [0, 13, 8], "rotation": [-50, 0, 0], "uv": [56, 69]},
						{"origin": [-6, 6, -11], "size": [12, 10, 10], "pivot": [1, 6, -6], "rotation": [-15, 0, 0], "uv": [28, 8]}
					]
				},
				{
					"name": "head",
					"pivot": [0, 12, -8],
					"mirror": true,
					"cubes": [
						{"origin": [-4, 8, -16], "size": [8, 8, 8], "uv": [0, 0]},
						{"origin": [2, 16, -11], "size": [2, 2, 1], "uv": [28, 37]},
						{"origin": [-4, 16, -11], "size": [2, 2, 1], "uv": [17, 37]}
					]
				},
				{
					"name": "Cabeza2",
					"parent": "head",
					"pivot": [0, 12, -15],
					"rotation": [10, 0, 0],
					"cubes": [
						{"origin": [-2.5, 8, -20], "size": [5, 2, 5], "uv": [108, 0], "mirror": true},
						{"origin": [-3, 10, -20], "size": [6, 4, 5], "uv": [15, 62], "mirror": true},
						{"origin": [-2, 11, -21], "size": [4, 3, 1], "uv": [0, 82], "mirror": true},
						{"origin": [1, 10, -18], "size": [2, 5, 2], "inflate": -0.25, "pivot": [2, 10, -17], "rotation": [0, 0, 45], "uv": [87, 93], "mirror": true},
						{"origin": [3.4, 13, -18], "size": [2, 5, 2], "inflate": -0.5, "pivot": [2, 10, -17], "rotation": [0, 0, 15], "uv": [0, 108], "mirror": true},
						{"origin": [-5.4, 13, -18], "size": [2, 5, 2], "inflate": -0.5, "pivot": [-2, 10, -17], "rotation": [0, 0, -15], "uv": [0, 108], "mirror": true},
						{"origin": [-3, 10, -18], "size": [2, 5, 2], "inflate": -0.25, "pivot": [-2, 10, -17], "rotation": [0, 0, -45], "uv": [87, 93], "mirror": true}
					]
				},
				{
					"name": "leg0",
					"pivot": [3, 8, 7],
					"mirror": true,
					"cubes": [
						{"origin": [1, 0, 5], "size": [4, 6, 4], "uv": [0, 16]},
						{"origin": [1, 6, 5], "size": [4, 4, 4], "inflate": 0.25, "uv": [112, 83]}
					]
				},
				{
					"name": "leg1",
					"pivot": [-3, 8, 7],
					"mirror": true,
					"cubes": [
						{"origin": [-5, 0, 5], "size": [4, 6, 4], "uv": [0, 16]},
						{"origin": [-5, 6, 5], "size": [4, 4, 4], "inflate": 0.25, "uv": [112, 83]}
					]
				},
				{
					"name": "leg2",
					"pivot": [3, 8, -5],
					"mirror": true,
					"cubes": [
						{"origin": [1, 0, -7], "size": [4, 6, 4], "uv": [0, 16]},
						{"origin": [1, 6, -7], "size": [4, 4, 4], "inflate": 0.25, "uv": [112, 83]}
					]
				},
				{
					"name": "leg3",
					"pivot": [-3, 8, -5],
					"mirror": true,
					"cubes": [
						{"origin": [-5, 0, -7], "size": [4, 6, 4], "uv": [0, 16]},
						{"origin": [-5, 6, -7], "size": [4, 4, 4], "inflate": 0.25, "uv": [112, 83]}
					]
				}
			]
		}
	]
}