{
	"format_version": "1.12.0",
	"minecraft:geometry": [
		{
			"description": {
				"identifier": "geometry.wild_boar_v2",
				"texture_width": 64,
				"texture_height": 64,
				"visible_bounds_width": 5,
				"visible_bounds_height": 2.5,
				"visible_bounds_offset": [0, 0.75, 0]
			},
			"bones": [
				{
					"name": "jabali",
					"pivot": [0, 0, 0]
				},
				{
					"name": "body",
					"parent": "jabali",
					"pivot": [-3, 6, 3],
					"cubes": [
						{"origin": [0, 13.25, 0.1], "size": [1, 4, 11], "pivot": [-3, 10, 8], "rotation": [-20, 0, 0], "uv": [29, 9]},
						{"origin": [-4, 5.45, 1.4], "size": [8, 8, 10], "pivot": [0, 10, 8], "rotation": [-20, 0, 0], "uv": [0, 20]},
						{"origin": [-5, 5.5, -7], "size": [10, 10, 10], "uv": [0, 0]},
						{"origin": [0, 15.5, -7], "size": [1, 4, 10], "inflate": 0.025, "uv": [0, 38]}
					]
				},
				{
					"name": "tail",
					"parent": "body",
					"pivot": [0, 10, 11.5],
					"cubes": [
						{"origin": [-0.5, 9.5, 11.5], "size": [1, 1, 5], "uv": [26, 24]},
						{"origin": [-0.5, 9.5, 15.7], "size": [1, 1, 6], "inflate": -0.2, "uv": [30, 0]},
						{"origin": [-0.2, 10.1, 15.7], "size": [1, 1, 6], "inflate": -0.2, "uv": [50, 57]},
						{"origin": [-0.2, 10.5, 11.5], "size": [1, 1, 5], "uv": [0, 58]}
					]
				},
				{
					"name": "pelo",
					"parent": "tail",
					"pivot": [0.25, 10, 22.3],
					"cubes": [
						{"origin": [0.15, 8, 20.3], "size": [1, 4, 4], "inflate": -0.2, "pivot": [0.25, 10, 22.3], "rotation": [0, -90, 0], "uv": [52, 47]},
						{"origin": [-0.25, 8, 20.3], "size": [1, 4, 4], "inflate": -0.2, "uv": [52, 47]}
					]
				},
				{
					"name": "pelo2",
					"parent": "tail",
					"pivot": [0.25, 10, 22.3],
					"rotation": [0, -45, 0],
					"cubes": [
						{"origin": [0.15, 8, 20.3], "size": [1, 4, 4], "inflate": -0.2, "pivot": [0.25, 10, 22.3], "rotation": [0, -90, 0], "uv": [52, 47]},
						{"origin": [-0.25, 8, 20.3], "size": [1, 4, 4], "inflate": -0.2, "uv": [52, 47]}
					]
				},
				{
					"name": "head",
					"parent": "body",
					"pivot": [0, 10, -7],
					"cubes": [
						{"origin": [-2, 9.9, -14.3], "size": [4, 3, 2], "pivot": [0, 9, -12], "rotation": [37.5, 0, 0], "uv": [45, 24]},
						{"origin": [-4, 7, -14.6], "size": [8, 8, 8], "uv": [28, 30]},
						{"origin": [0, 14.6, -14.6], "size": [1, 5, 8], "inflate": -0.1, "uv": [42, 0]},
						{"origin": [3.5, 14, -10.6], "size": [2, 3, 1], "pivot": [3, 15, -10.1], "rotation": [0, 0, 45], "uv": [52, 34]},
						{"origin": [-5.5, 14, -10.6], "size": [2, 3, 1], "pivot": [-3, 15, -10.1], "rotation": [0, 0, -45], "uv": [22, 38]}
					]
				},
				{
					"name": "nose",
					"parent": "head",
					"pivot": [0, 7, -15],
					"cubes": [
						{"origin": [-1.5, 7, -19], "size": [3, 3, 4], "inflate": 0.1, "uv": [12, 38]},
						{"origin": [-1.5, 7.55, -18.05], "size": [3, 3, 3], "inflate": 0.075, "pivot": [0, 10.7, -16.5], "rotation": [18, 0, 0], "uv": [38, 0]},
						{"origin": [-2, 6.5, -20], "size": [4, 4, 1], "inflate": -0.1, "uv": [46, 46]}
					]
				},
				{
					"name": "cuerno0",
					"parent": "head",
					"pivot": [3.38001, 8.61909, -16.5],
					"rotation": [0, 15, 0],
					"cubes": [
						{"origin": [1, 6.75, -17.5], "size": [3, 2, 2], "inflate": -0.4, "pivot": [2, 8, -16.5], "rotation": [0, 0, 15], "uv": [52, 16]},
						{"origin": [2.1, 6.9, -17.5], "size": [3, 2, 2], "inflate": -0.5, "pivot": [3.7, 7.9, -16.5], "rotation": [0, 0, -47.5], "uv": [8, 52]},
						{"origin": [3.3, 7.4, -17.5], "size": [2, 3, 2], "inflate": -0.6, "pivot": [3.7, 7.9, -16.5], "rotation": [0, 0, -12.5], "uv": [52, 29]},
						{"origin": [5, 8.05, -17], "size": [1, 2, 1], "inflate": -0.2, "pivot": [3.7, 7.9, -16.5], "rotation": [0, 0, -65.5], "uv": [26, 26]}
					]
				},
				{
					"name": "cuerno1",
					"parent": "head",
					"pivot": [-3.41999, 8.61909, -16.5],
					"rotation": [0, 165, 0],
					"cubes": [
						{"origin": [-5.8, 6.75, -17.5], "size": [3, 2, 2], "inflate": -0.4, "pivot": [-4.8, 8, -16.5], "rotation": [0, 0, 15], "uv": [52, 4]},
						{"origin": [-4.7, 6.9, -17.5], "size": [3, 2, 2], "inflate": -0.5, "pivot": [-3.1, 7.9, -16.5], "rotation": [0, 0, -47.5], "uv": [52, 0]},
						{"origin": [-3.5, 7.4, -17.5], "size": [2, 3, 2], "inflate": -0.6, "pivot": [-3.1, 7.9, -16.5], "rotation": [0, 0, -12.5], "uv": [18, 52]},
						{"origin": [-1.8, 8.05, -17], "size": [1, 2, 1], "inflate": -0.2, "pivot": [-3.1, 7.9, -16.5], "rotation": [0, 0, -65.5], "uv": [26, 23]}
					]
				},
				{
					"name": "leg0",
					"parent": "jabali",
					"pivot": [3.5, 11, 8],
					"cubes": [
						{"origin": [2.5, 5, 7.35], "size": [2, 6, 2], "inflate": 0.25, "pivot": [3.5, 9, 8], "rotation": [-17.5, 0, 0], "uv": [0, 20]}
					]
				},
				{
					"name": "leg0_0",
					"parent": "leg0",
					"pivot": [3.5, 6, 7],
					"rotation": [5, 0, 0],
					"cubes": [
						{"origin": [2.5, 0.4, 6], "size": [2, 5, 2], "inflate": -0.1, "uv": [38, 46]},
						{"origin": [2.5, 0.2, 5.725], "size": [2, 1, 2], "inflate": 0.2, "pivot": [3.5, 0.8, 6.825], "rotation": [-5, 0, 0], "uv": [0, 45]}
					]
				},
				{
					"name": "leg1",
					"parent": "jabali",
					"pivot": [-3.5, 11, 8],
					"cubes": [
						{"origin": [-4.5, 5, 7.35], "size": [2, 6, 2], "inflate": 0.25, "pivot": [-3.5, 9, 8], "rotation": [-17.5, 0, 0], "uv": [0, 0]}
					]
				},
				{
					"name": "leg0_1",
					"parent": "leg1",
					"pivot": [-3.5, 6, 7],
					"rotation": [5, 0, 0],
					"cubes": [
						{"origin": [-4.5, 0.4, 6], "size": [2, 5, 2], "inflate": -0.1, "uv": [30, 46]},
						{"origin": [-4.5, 0.2, 5.725], "size": [2, 1, 2], "inflate": 0.2, "pivot": [-3.5, 0.8, 6.825], "rotation": [-5, 0, 0], "uv": [30, 7]}
					]
				},
				{
					"name": "leg2",
					"parent": "jabali",
					"pivot": [3.5, 9, -6],
					"cubes": [
						{"origin": [2.5, 5.7, -7], "size": [2, 5, 2], "inflate": 0.225, "uv": [22, 45]}
					]
				},
				{
					"name": "leg2_0",
					"parent": "leg2",
					"pivot": [3.5, 5.7, -6],
					"cubes": [
						{"origin": [2.5, 1.7, -7], "size": [2, 4, 2], "inflate": 0.125, "uv": [0, 52]},
						{"origin": [2, -0.2, -7.6], "size": [3, 2, 3], "inflate": -0.2, "uv": [42, 13]}
					]
				},
				{
					"name": "leg3",
					"parent": "jabali",
					"pivot": [-3.5, 9, -6],
					"cubes": [
						{"origin": [-4.5, 5.7, -7], "size": [2, 5, 2], "inflate": 0.225, "uv": [0, 38]}
					]
				},
				{
					"name": "leg2_1",
					"parent": "leg3",
					"pivot": [-3.5, 5.7, -6],
					"cubes": [
						{"origin": [-4.5, 1.7, -7], "size": [2, 4, 2], "inflate": 0.125, "uv": [44, 51]},
						{"origin": [-5, -0.2, -7.6], "size": [3, 2, 3], "inflate": -0.2, "uv": [33, 24]}
					]
				}
			]
		}
	]
}