{
	"format_version": "1.12.0",
	"minecraft:geometry": [
		{
			"description": {
				"identifier": "geometry.zebra",
				"texture_width": 128,
				"texture_height": 128,
				"visible_bounds_width": 4,
				"visible_bounds_height": 4.5,
				"visible_bounds_offset": [0, 0.75, 0]
			},
			"bones": [
				{
					"name": "Body",
					"pivot": [0, 13, 9],
					"mirror": true,
					"cubes": [
						{"origin": [-5, 11, -11], "size": [10, 10, 22], "uv": [0, 32]}
					]
				},
				{
					"name": "tail",
					"pivot": [0, 20, 11],
					"rotation": [30, 0, 0],
					"mirror": true,
					"cubes": [
						{"origin": [-0.5, 11, 10.5], "size": [1, 9, 1], "uv": [42, 36]},
						{"origin": [-0.5, 7.7, 10.5], "size": [1, 3, 1], "inflate": 0.3, "uv": [0, 78]}
					]
				},
				{
					"name": "leg0",
					"pivot": [-3, 11, 9],
					"mirror": true,
					"cubes": [
						{"origin": [-5, 9, 7], "size": [4, 6, 4], "inflate": 0.1, "uv": [48, 21], "mirror": false},
						{"origin": [-4.5, 3, 7.5], "size": [3, 6, 3], "uv": [0, 90], "mirror": false},
						{"origin": [-4.5, 0.3, 7.5], "size": [3, 3, 3], "inflate": 0.3, "uv": [23, 90], "mirror": false}
					]
				},
				{
					"name": "leg1",
					"pivot": [3, 11, 9],
					"mirror": true,
					"cubes": [
						{"origin": [1, 9, 7], "size": [4, 6, 4], "inflate": 0.1, "uv": [48, 21]},
						{"origin": [1.5, 3, 7.5], "size": [3, 6, 3], "uv": [0, 90]},
						{"origin": [1.5, 0.3, 7.5], "size": [3, 3, 3], "inflate": 0.3, "uv": [23, 90]}
					]
				},
				{
					"name": "leg2",
					"pivot": [-3, 11, -9],
					"mirror": true,
					"cubes": [
						{"origin": [-5, 9, -11], "size": [4, 6, 4], "inflate": 0.1, "uv": [48, 21], "mirror": false},
						{"origin": [-4.5, 3, -10.5], "size": [3, 6, 3], "uv": [0, 90], "mirror": false},
						{"origin": [-4.5, 0.3, -10.5], "size": [3, 3, 3], "inflate": 0.3, "uv": [23, 90], "mirror": false}
					]
				},
				{
					"name": "leg3",
					"pivot": [3, 11, -9],
					"mirror": true,
					"cubes": [
						{"origin": [1, 9, -11], "size": [4, 6, 4], "inflate": 0.1, "uv": [48, 21]},
						{"origin": [1.5, 3, -10.5], "size": [3, 6, 3], "uv": [0, 90]},
						{"origin": [1.5, 0.3, -10.5], "size": [3, 3, 3], "inflate": 0.3, "uv": [23, 90]}
					]
				},
				{
					"name": "Head",
					"pivot": [0, 18, -8],
					"rotation": [5, 0, 0],
					"mirror": true,
					"cubes": [
						{"origin": [-3, 30, -2], "size": [6, 5, 7], "inflate": 0.3, "pivot": [0, 0, 0], "rotation": [30, 0, 0], "uv": [0, 13]}
					]
				},
				{
					"name": "Neck",
					"parent": "Head",
					"pivot": [0, 17, -8],
					"rotation": [30, 0, 0],
					"mirror": true,
					"cubes": [
						{"origin": [-2, 17, -11], "size": [4, 12, 7], "uv": [0, 35]}
					]
				},
				{
					"name": "UMouth",
					"parent": "Head",
					"pivot": [0, 28, -11],
					"rotation": [30, 0, 0],
					"mirror": true,
					"cubes": [
						{"origin": [-2.5, 30, -23.95], "size": [5, 3, 5], "inflate": 0.2, "uv": [0, 25]},
						{"origin": [-2.5, 30, -18.55], "size": [5, 3, 5], "inflate": 0.2, "uv": [0, 25]},
						{"origin": [-2.5, 28, -23.95], "size": [5, 2, 2], "uv": [36, 112]},
						{"origin": [-2.5, 28, -21.95], "size": [5, 2, 3], "inflate": 0.1, "uv": [0, 105]},
						{"origin": [-2.5, 28, -18.75], "size": [5, 2, 3], "inflate": 0.1, "uv": [0, 105]}
					]
				},
				{
					"name": "Mane",
					"parent": "Head",
					"pivot": [0, 17, -8],
					"rotation": [30, 0, 0],
					"mirror": true,
					"cubes": [
						{"origin": [-1, 17, -4.6], "size": [2, 16, 2], "uv": [56, 36]}
					]
				},
				{
					"name": "Ear1",
					"parent": "Head",
					"pivot": [0, 17, -8],
					"rotation": [30, 0, 5],
					"mirror": true,
					"cubes": [
						{"origin": [-0.5, 33, -6.01], "size": [2, 3, 1], "uv": [19, 16], "mirror": false}
					]
				},
				{
					"name": "Ear2",
					"parent": "Head",
					"pivot": [0, 17, -8],
					"rotation": [30, 0, -5],
					"mirror": true,
					"cubes": [
						{"origin": [-1.5, 33, -6.01], "size": [2, 3, 1], "uv": [19, 16]}
					]
				},
				{
					"name": "chest2",
					"parent": "Head",
					"pivot": [-5, 21, 11],
					"mirror": true
				},
				{
					"name": "MuleEarL",
					"pivot": [0, 17, -8],
					"rotation": [30, 0, 15],
					"mirror": true
				},
				{
					"name": "MuleEarR",
					"pivot": [0, 17, -8],
					"rotation": [30, 0, -15],
					"mirror": true
				}
			]
		}
	]
}