{
	"format_version": "1.8.0",
	"animations": {
		"animation.ender_minion.idle": {
			"loop": true,
			"animation_length": 3,
			"bones": {
				"body": {
					"rotation": {
						"0.0": [0, 0, 0],
						"1.5": [-10, 0, 0],
						"3.0": [0, 0, 0]
					}
				},
				"minion": {
					"position": {
						"0.0": [0, 0, 0],
						"1.5": [0, 2, 0],
						"3.0417": [0, 0, 0]
					}
				}
			}
		},
		"animation.ender_minion.attack": {
			"animation_length": 0.5,
			"bones": {
				"body": {
					"rotation": {
						"0.0": [0, 0, 0],
						"0.125": [-42.5, 0, 0],
						"0.25": [45, 0, 0],
						"0.5": [0, 0, 0]
					}
				},
				"Arm_1": {
					"rotation": {
						"0.0": [0, 0, 0],
						"0.125": [-152.5, 0, 0],
						"0.25": [-55, 0, 0],
						"0.5": [0, 0, 0]
					}
				}
			}
		},
		"animation.ender_minion.sit": {
			"loop": true,
			"bones": {
				"Leg2": {
					"rotation": [35, 0, 0],
					"position": [0, -3, 3]
				},
				"minion": {
					"position": [0, -7, 0]
				}
			}
		}
	}
}