{
	"format_version": "1.8.0",
	"animations": {
		"animation.ender_golem.idle": {
			"loop": true,
			"animation_length": 2,
			"bones": {
				"body": {
					"rotation": {
						"0.0": [0, 0, 0],
						"1.0": [-5, 0, 0],
						"2.0": [0, 0, 0]
					},
					"position": {
						"0.0": [0, 0, 0],
						"1.0": [0, -0.1, 0],
						"2.0": [0, 0, 0]
					}
				},
				"arm0_0": {
					"rotation": {
						"0.0": [0, 0, 0],
						"1.0": [-2.5, 0, 0],
						"2.0": [0, 0, 0]
					}
				},
				"arm1_0": {
					"rotation": {
						"0.0": [0, 0, 0],
						"1.0": [-2.5, 0, 0],
						"2.0": [0, 0, 0]
					}
				}
			}
		},
		"animation.ender_golem.scream": {
			"loop": true,
			"animation_length": 1,
			"bones": {
				"head": {
					"position": {
						"0.0": [0, 0, 0],
						"0.0833": [0, 6, 0],
						"0.9167": [0, 6, 0],
						"1.0": [0, 0, 0]
					}
				},
				"boca": {
					"position": {
						"0.0": [0, 0, 0],
						"0.0833": [0, -6, 0],
						"0.9167": [0, -6, 0],
						"1.0": [0, 0, 0]
					}
				},
				"body": {
					"rotation": {
						"0.0": [0, 0, 0],
						"0.0833": [0, 0, 0],
						"0.1667": [0, 0, -5],
						"0.25": [0, 0, 0],
						"0.3333": [0, 0, -5],
						"0.4167": [0, 0, 0],
						"0.5": [0, 0, -5],
						"0.5833": [0, 0, 0],
						"0.6667": [0, 0, -5],
						"0.75": [0, 0, 0],
						"0.8333": [0, 0, -5],
						"1.0": [0, 0, 0]
					}
				}
			}
		},
		"animation.ender_golem.attack": {
			"loop": true,
			"animation_length": 0.5,
			"bones": {
				"ender_golem": {
					"position": {
						"0.0": [0, 0, 0],
						"0.1667": [0, 0, 0],
						"0.2083": [0, -2.75, 5],
						"0.25": [0, -6.5, 8],
						"0.2917": [0, -5.12, 6.67],
						"0.375": [0, -2.57, 4],
						"0.4167": [0, -1.61, 2.67],
						"0.5": [0, 0, 0]
					}
				},
				"leftLeg": {
					"rotation": {
						"0.0": [0, 0, 0],
						"0.1667": [0, 0, 0],
						"0.25": [-47.5, 0, 0],
						"0.5": [0, 0, 0]
					}
				},
				"leg1_0": {
					"rotation": {
						"0.0": [0, 0, 0],
						"0.1667": [0, 0, 0],
						"0.25": [45, 0, 0],
						"0.5": [0, 0, 0]
					},
					"position": {
						"0.0": [0, 0, 0],
						"0.1667": [0, 0, 0],
						"0.25": [0, 0.6, -0.3],
						"0.5": [0, 0, 0]
					}
				},
				"rightLeg": {
					"rotation": {
						"0.0": [0, 0, 0],
						"0.1667": [0, 0, 0],
						"0.25": [-47.5, 0, 0],
						"0.5": [0, 0, 0]
					}
				},
				"leg0_0": {
					"rotation": {
						"0.0": [0, 0, 0],
						"0.1667": [0, 0, 0],
						"0.25": [45, 0, 0],
						"0.5": [0, 0, 0]
					},
					"position": {
						"0.0": [0, 0, 0],
						"0.1667": [0, 0, 0],
						"0.25": [0, 0.6, -0.3],
						"0.5": [0, 0, 0]
					}
				},
				"body": {
					"rotation": {
						"0.0": [0, 0, 0],
						"0.125": [-22.5, 0, 0],
						"0.25": [22.5, 0, 0],
						"0.5": [0, 0, 0]
					}
				},
				"head": {
					"position": {
						"0.0": [0, 0, 0],
						"0.125": [0, 6, 0],
						"0.25": [0, 6, 0],
						"0.5": [0, 0, 0]
					}
				},
				"rightArm": {
					"rotation": {
						"0.0": [0, 0, 0],
						"0.125": [-125, 0, 0],
						"0.25": [-55, 0, 0],
						"0.5": [0, 0, 0]
					}
				},
				"arm0_0": {
					"rotation": {
						"0.0": [0, 0, 0],
						"0.125": [-25, 0, 0],
						"0.25": [0, 0, 0],
						"0.5": [0, 0, 0]
					},
					"position": {
						"0.0": [0, 0, 0],
						"0.125": [0, 0.6, 0.3],
						"0.25": [0, 0, 0],
						"0.5": [0, 0, 0]
					}
				},
				"leftArm": {
					"rotation": {
						"0.0": [0, 0, 0],
						"0.125": [-125, 0, 0],
						"0.25": [-55, 0, 0],
						"0.5": [0, 0, 0]
					}
				},
				"arm1_0": {
					"rotation": {
						"0.0": [0, 0, 0],
						"0.125": [-30, 0, 0],
						"0.25": [0, 0, 0],
						"0.5": [0, 0, 0]
					},
					"position": {
						"0.0": [0, 0, 0],
						"0.125": [0, 0.5, 0.3],
						"0.25": [0, 0, 0],
						"0.5": [0, 0, 0]
					}
				},
				"boca": {
					"position": {
						"0.0": [0, 0, 0],
						"0.125": [0, -6, 0],
						"0.25": [0, -6, 0],
						"0.5": [0, 0, 0]
					}
				}
			}
		},
		"animation.ender_golem.walk": {
			"loop": true,
			"animation_length": 0.5,
			"bones": {
				"ender_golem": {
					"position": {
						"0.0": [0, 0, 0],
						"0.125": [0, -2, 0],
						"0.25": [0, 0, 0],
						"0.375": [0, -2, 0],
						"0.5": [0, 0, 0]
					}
				},
				"leftLeg": {
					"rotation": {
						"0.0": [0, 0, 0],
						"0.125": [-35, 0, 0],
						"0.25": [0, 0, 0],
						"0.375": [35, 0, 0],
						"0.5": [0, 0, 0]
					}
				},
				"leg1_0": {
					"rotation": {
						"0.0": [0, 0, 0],
						"0.125": [0, 0, 0],
						"0.25": [0, 0, 0],
						"0.375": [77.5, 0, 0],
						"0.5": [0, 0, 0]
					}
				},
				"rightLeg": {
					"rotation": {
						"0.0": [0, 0, 0],
						"0.125": [35, 0, 0],
						"0.25": [0, 0, 0],
						"0.375": [-35, 0, 0],
						"0.5": [0, 0, 0]
					}
				},
				"leg0_0": {
					"rotation": {
						"0.0": [0, 0, 0],
						"0.125": [77.5, 0, 0],
						"0.25": [0, 0, 0],
						"0.375": [0, 0, 0],
						"0.5": [0, 0, 0]
					}
				},
				"body": {
					"rotation": {
						"0.0": [0, 0, 0],
						"0.125": [0, 0, 0],
						"0.25": [0, 0, 0],
						"0.375": [0, 0, 0],
						"0.5": [0, 0, 0]
					},
					"position": {
						"0.0": [0, 0, 0],
						"0.125": [0, -0.3, 0],
						"0.25": [0, 0, 0],
						"0.375": [0, -0.3, 0],
						"0.5": [0, 0, 0]
					}
				},
				"rightArm": {
					"rotation": {
						"0.0": [0, 0, 0],
						"0.125": [-25, 0, 0],
						"0.25": [0, 0, 0],
						"0.375": [25, 0, 0],
						"0.5": [0, 0, 0]
					}
				},
				"leftArm": {
					"rotation": {
						"0.0": [0, 0, 0],
						"0.125": [25, 0, 0],
						"0.25": [0, 0, 0],
						"0.375": [-25, 0, 0],
						"0.5": [0, 0, 0]
					}
				}
			}
		}
	}
}