{
	"format_version": "1.8.0",
	"animations": {
		"animation.rebel_farlander.attack": {
			"animation_length": 0.75,
			"bones": {
				"body": {
					"rotation": {
						"0.0": [0, 0, 0],
						"0.125": [-17.5, 0, 0],
						"0.2917": [42.5, 0, 0],
						"0.75": [0, 0, 0]
					}
				},
				"leftArm": {
					"rotation": {
						"0.0": [0, 0, 0],
						"0.125": [-222.5, 0, 0],
						"0.2917": [-47.5, 0, 0],
						"0.75": [0, 0, 0]
					}
				}
			}
		},
		"animation.rebel_farlander.walk": {
			"loop": true,
			"animation_length": 0.5,
			"bones": {
				"leftArm": {
					"rotation": {
						"0.0": [0, 0, 0],
						"0.125": [-35, 0, 0],
						"0.25": [0, 0, 0],
						"0.375": [35, 0, 0],
						"0.5": [0, 0, 0]
					}
				},
				"rightArm": {
					"rotation": {
						"0.0": [0, 0, 0],
						"0.125": [35, 0, 0],
						"0.25": [0, 0, 0],
						"0.375": [-35, 0, 0],
						"0.5": [0, 0, 0]
					}
				},
				"body": {
					"position": {
						"0.0": [0, 0, 0],
						"0.125": [0, -1, 0],
						"0.25": [0, 0, 0],
						"0.375": [0, -1, 0],
						"0.5": [0, 0, 0]
					}
				},
				"leftLeg": {
					"rotation": {
						"0.0": [0, 0, 0],
						"0.125": [-35, 0, 0],
						"0.25": [0, 0, 0],
						"0.375": [35, 0, 0],
						"0.5": [0, 0, 0]
					}
				},
				"rightLeg": {
					"rotation": {
						"0.0": [0, 0, 0],
						"0.125": [35, 0, 0],
						"0.25": [0, 0, 0],
						"0.375": [-35, 0, 0],
						"0.5": [0, 0, 0]
					}
				}
			}
		},
		"animation.rebel_farlander.idle": {
			"animation_length": 3,
			"bones": {
				"body": {
					"rotation": {
						"0.0": [0, 0, 0],
						"1.5": [-8, 0, 0],
						"3.0": [0, 0, 0]
					}
				}
			}
		}
	}
}