{
	"format_version": "1.8.0",
	"animations": {
		"animation.titan.walk": {
			"loop": true,
			"animation_length": 0.53333,
			"bones": {
				"leftLeg": {
					"rotation": {
						"0.0": [0, 0, 0],
						"0.1333": [45, 0, 0],
						"0.2667": [0, 0, 0],
						"0.4": [-45, 0, 0],
						"0.5333": [0, 0, 0]
					}
				},
				"rightLeg": {
					"rotation": {
						"0.0": [0, 0, 0],
						"0.1333": [-45, 0, 0],
						"0.2667": [0, 0, 0],
						"0.4": [45, 0, 0],
						"0.5333": [0, 0, 0]
					}
				},
				"rightArm": {
					"rotation": {
						"0.0": [0, 0, 0],
						"0.1333": [-45, 0, 0],
						"0.2667": [0, 0, 0],
						"0.4": [45, 0, 0],
						"0.5333": [0, 0, 0]
					}
				},
				"leftArm": {
					"rotation": {
						"0.0": [0, 0, 0],
						"0.1333": [45, 0, 0],
						"0.2667": [0, 0, 0],
						"0.4": [-45, 0, 0],
						"0.5333": [0, 0, 0]
					}
				},
				"bone": {
					"position": {
						"0.0": [0, 0, 0],
						"0.1333": [0, -1, 0],
						"0.2667": [0, 0, 0],
						"0.4": [0, -1, 0],
						"0.5333": [0, 0, 0]
					}
				},
				"arm1_0": {
					"rotation": {
						"0.0": [0, 0, 0],
						"0.1333": [-30, 0, 0],
						"0.2667": [0, 0, 0],
						"0.4": [-30, 0, 0],
						"0.5333": [0, 0, 0]
					},
					"position": {
						"0.0": [0, 0, 0],
						"0.1333": [0, 1.1, 0.4],
						"0.2667": [0, 0, 0],
						"0.4": [0, 1.1, 0.4],
						"0.5333": [0, 0, 0]
					}
				},
				"arm0_0": {
					"rotation": {
						"0.0": [0, 0, 0],
						"0.1333": [-22.5, 0, 0],
						"0.2667": [0, 0, 0],
						"0.4": [-22.5, 0, 0],
						"0.5333": [0, 0, 0]
					},
					"position": {
						"0.0": [0, 0, 0],
						"0.1333": [0, 0.9, 0.2],
						"0.2667": [0, 0, 0],
						"0.4": [0, 0.9, 0.2],
						"0.5333": [0, 0, 0]
					}
				},
				"leg0_0": {
					"rotation": {
						"0.0": [0, 0, 0],
						"0.1333": [67.5, 0, 0],
						"0.2667": [0, 0, 0],
						"0.4": [0, 0, 0],
						"0.5333": [0, 0, 0]
					},
					"position": {
						"0.0": [0, 0, 0],
						"0.1333": [0, 0.8, -0.8],
						"0.2667": [0, 0, 0],
						"0.4": [0, 0, 0],
						"0.5333": [0, 0, 0]
					}
				},
				"leg1_0": {
					"rotation": {
						"0.0": [0, 0, 0],
						"0.1333": [0, 0, 0],
						"0.2667": [0, 0, 0],
						"0.4": [67.5, 0, 0],
						"0.5333": [0, 0, 0]
					},
					"position": {
						"0.0": [0, 0, 0],
						"0.1333": [0, 0, 0],
						"0.2667": [0, 0, 0],
						"0.4": [0, 0.8, -0.8],
						"0.5333": [0, 0, 0]
					}
				},
				"titan": {
					"position": {
						"0.0": [0, 0, 0],
						"0.1333": [0, -3.5, 0],
						"0.2667": [0, 0, 0],
						"0.4": [0, -3.5, 0],
						"0.5333": [0, 0, 0]
					}
				}
			}
		},
		"animation.titan.idle": {
			"loop": true,
			"animation_length": 2,
			"bones": {
				"bone": {
					"rotation": {
						"0.0": [0, 0, 0],
						"1.0": [-7.5, 0, 0],
						"2.0": [0, 0, 0]
					},
					"position": {
						"0.0": [0, 0, 0],
						"1.0": [0, -0.2, 0],
						"2.0": [0, 0, 0]
					}
				}
			}
		},
		"animation.titan.look_at_target": {
			"loop": true,
			"bones": {
				"head1": {
					"rotation": ["query.target_x_rotation - this", "query.target_y_rotation - this", 0]
				},
				"head2": {
					"rotation": ["query.target_x_rotation - this", "query.target_y_rotation - this", 0]
				}
			}
		},
		"animation.titan.scream": {
			"animation_length": 2.5,
			"bones": {
				"bone": {
					"rotation": {
						"0.0": [0, 0, 0],
						"0.1667": [-27.5, 0, 0],
						"0.4167": [22.5, 0, 0],
						"0.5": [22.5, 0, 0],
						"0.625": [22.5, 0, -7.5],
						"0.7917": [22.5, 0, 0],
						"0.9167": [22.5, 0, -7.5],
						"1.0833": [22.5, 0, 0],
						"1.2083": [22.5, 0, -7.5],
						"1.375": [22.5, 0, 0],
						"1.5": [22.5, 0, -7.5],
						"1.625": [22.5, 0, 0],
						"1.75": [22.5, 0, -7.5],
						"1.875": [22.5, 0, 0],
						"2.0": [22.5, 0, -7.5],
						"2.5": [0, 0, 0]
					},
					"position": {
						"0.0": [0, 0, 0],
						"0.1667": [0, -0.5, 0],
						"2.0": [0, -0.5, 0],
						"2.5": [0, 0, 0]
					}
				},
				"head1": {
					"rotation": {
						"0.0": [0, 0, 0],
						"0.1667": [0, 0, 0],
						"0.4167": [-25, 0, 0],
						"2.0": [-25, 0, 0],
						"2.5": [0, 0, 0]
					},
					"position": {
						"0.0": [0, 0, 0],
						"0.1667": [0, 0, 0],
						"0.4167": [0, -0.6, 0],
						"0.5": [0, 3.4, 2],
						"2.0": [0, 3.4, 2],
						"2.5": [0, 0, 0]
					}
				},
				"head2": {
					"rotation": {
						"0.0": [0, 0, 0],
						"0.1667": [0, 0, 0],
						"0.4167": [-17.5, 0, 0],
						"2.0": [-17.5, 0, 0],
						"2.5": [0, 0, 0]
					},
					"position": {
						"0.0": [0, 0, 0],
						"0.1667": [0, 0, 0],
						"0.4167": [0, -0.6, 0],
						"0.5": [0, 3.4, 2],
						"2.0": [0, 3.4, 2],
						"2.5": [0, 0, 0]
					}
				},
				"rightArm": {
					"rotation": {
						"0.0": [0, 0, 0],
						"0.1667": [-70, 0, 60],
						"0.4167": [-5, 10, 22.5],
						"2.0": [-5, 10, 22.5],
						"2.5": [0, 0, 0]
					}
				},
				"leftArm": {
					"rotation": {
						"0.0": [0, 0, 0],
						"0.1667": [-80, 0, -52.5],
						"0.4167": [-47.5, 0, -42.5],
						"2.0": [-47.5, 0, -42.5],
						"2.5": [0, 0, 0]
					}
				},
				"arm1_0": {
					"rotation": {
						"0.0": [0, 0, 0],
						"0.1667": [-47.5, 0, 0],
						"2.0": [-47.5, 0, 0],
						"2.5": [0, 0, 0]
					}
				},
				"arm0_0": {
					"rotation": {
						"0.0": [0, 0, 0],
						"0.1667": [-80, 0, 0],
						"2.0": [-80, 0, 0],
						"2.5": [0, 0, 0]
					}
				},
				"boca2": {
					"position": {
						"0.0": [0, 0, 0],
						"0.375": [0, 0, 0],
						"0.5": [0, -4, 0],
						"2.0": [0, -4, 0],
						"2.5": [0, 0, 0]
					}
				},
				"boca1": {
					"position": {
						"0.0": [0, 0, 0],
						"0.375": [0, 0, 0],
						"0.5": [0, -4, 0],
						"2.0": [0, -4, 0],
						"2.5": [0, 0, 0]
					}
				}
			}
		},
		"animation.titan.attack": {
			"animation_length": 0.5,
			"bones": {
				"titan": {
					"position": {
						"0.0": [0, 0, 0],
						"0.125": [0, 0, 0],
						"0.25": [0, -2.2, 8],
						"0.5": [0, 0, 0]
					}
				},
				"rightLeg": {
					"rotation": {
						"0.0": [0, 0, 0],
						"0.125": [0, 0, 0],
						"0.25": [-20, 0, 0],
						"0.5": [0, 0, 0]
					}
				},
				"leg1_0": {
					"rotation": {
						"0.0": [0, 0, 0],
						"0.25": [17.5, 0, 0],
						"0.5": [0, 0, 0]
					}
				},
				"leftLeg": {
					"rotation": {
						"0.0": [0, 0, 0],
						"0.125": [0, 0, 0],
						"0.25": [-20, 0, 0],
						"0.5": [0, 0, 0]
					}
				},
				"leg0_0": {
					"rotation": {
						"0.0": [0, 0, 0],
						"0.25": [17.5, 0, 0],
						"0.5": [0, 0, 0]
					}
				},
				"bone": {
					"rotation": {
						"0.0": [0, 0, 0],
						"0.125": [-25, 0, 0],
						"0.25": [70, 0, 0],
						"0.5": [0, 0, 0]
					}
				},
				"rightArm": {
					"rotation": {
						"0.0": [0, 0, 0],
						"0.125": [-215, 0, 0],
						"0.25": [-100, 0, 0],
						"0.5": [0, 0, 0]
					}
				},
				"leftArm": {
					"rotation": {
						"0.0": [0, 0, 0],
						"0.125": [-215, 0, 0],
						"0.25": [-100, 0, 0],
						"0.5": [0, 0, 0]
					}
				}
			}
		}
	}
}