{
	"format_version": "1.12.0",
	"minecraft:geometry": [
		{
			"description": {
				"identifier": "geometry.boat_geometry",
				"texture_width": 128,
				"texture_height": 64,
				"visible_bounds_width": 4,
				"visible_bounds_height": 3,
				"visible_bounds_offset": [0, 0.5, 0]
			},
			"bones": [
				{
					"name": "head",
					"pivot": [0, 0, 0],
					"cubes": [
						{
							"origin": [-14, 3, 8],
							"size": [28, 6, 2],
							"uv": {
								"north": {"uv": [32, 45], "uv_size": [28, 6]},
								"east": {"uv": [58, 45], "uv_size": [2, 6]},
								"south": {"uv": [2, 45], "uv_size": [28, 6]},
								"west": {"uv": [0, 45], "uv_size": [2, 6]},
								"up": {"uv": [30, 43], "uv_size": [-28, 2]},
								"down": {"uv": [58, 45], "uv_size": [-28, -2]}
							}
						},
						{
							"origin": [-14, 3, -10],
							"size": [28, 6, 2],
							"uv": {
								"north": {"uv": [32, 37], "uv_size": [28, 6]},
								"east": {"uv": [58, 37], "uv_size": [2, 6]},
								"south": {"uv": [2, 37], "uv_size": [28, 6]},
								"west": {"uv": [0, 37], "uv_size": [2, 6]},
								"up": {"uv": [30, 45], "uv_size": [-28, -2]},
								"down": {"uv": [58, 35], "uv_size": [-28, 2]}
							}
						},
						{
							"origin": [-16, 3, -9],
							"size": [2, 6, 18],
							"uv": {
								"north": {"uv": [18, 21], "uv_size": [2, 6]},
								"east": {"uv": [22, 21], "uv_size": [18, 6]},
								"south": {"uv": [0, 21], "uv_size": [2, 6]},
								"west": {"uv": [2, 21], "uv_size": [18, 6]},
								"up": {"uv": [80, 19], "uv_size": [2, 18]},
								"down": {"uv": [80, 19], "uv_size": [2, 18]}
							}
						},
						{
							"origin": [14, 3, -8],
							"size": [2, 6, 16],
							"uv": {
								"north": {"uv": [18, 29], "uv_size": [2, 6]},
								"east": {"uv": [2, 29], "uv_size": [16, 6]},
								"south": {"uv": [0, 29], "uv_size": [2, 6]},
								"west": {"uv": [20, 29], "uv_size": [16, 6]},
								"up": {"uv": [80, 21], "uv_size": [2, 16]},
								"down": {"uv": [80, 21], "uv_size": [2, 16]}
							}
						},
						{
							"origin": [-14, 0, -8],
							"size": [28, 3, 16],
							"uv": {
								"north": {"uv": [3, 0], "uv_size": [28, 3]},
								"east": {"uv": [37, 0], "uv_size": [16, 3]},
								"south": {"uv": [31, 0], "uv_size": [28, 3]},
								"west": {"uv": [37, 0], "uv_size": [16, 3]},
								"up": {"uv": [62, 19], "uv_size": [-28, -16]},
								"down": {"uv": [31, 19], "uv_size": [-28, -16]}
							}
						},
						{
							"origin": [-14, 2.5, -8],
							"size": [28, 5.5, 16],
							"uv": {}
						}
					]
				},
				{
					"name": "paddle1",
					"parent": "head",
					"pivot": [1, 9, -10],
					"cubes": [
						{
							"origin": [0.15654, -12.61983, -14.76042],
							"size": [2.01, 18, 2],
							"pivot": [0, 0, 0],
							"rotation": [-35.3335, -13.47157, -18.19144],
							"uv": {
								"north": {"uv": [80, 0], "uv_size": [2, 18]},
								"east": {"uv": [82, 20], "uv_size": [2, 18]},
								"south": {"uv": [80, 20], "uv_size": [2, 18]},
								"west": {"uv": [82, 0], "uv_size": [2, 18]},
								"up": {"uv": [82, 20], "uv_size": [-2, -2]},
								"down": {"uv": [82, 40], "uv_size": [-2, -2]}
							}
						},
						{
							"origin": [0.16654, 10.80948, -14.62171],
							"size": [1, 6, 7],
							"pivot": [0, 0, 0],
							"rotation": [55.1665, -13.4716, -18.1914],
							"uv": {
								"north": {"uv": [77, 27], "uv_size": [1, 6]},
								"east": {"uv": [70, 27], "uv_size": [7, 6]},
								"south": {"uv": [69, 27], "uv_size": [1, 6]},
								"west": {"uv": [63, 27], "uv_size": [7, 6]},
								"up": {"uv": [70, 27], "uv_size": [-1, -7]},
								"down": {"uv": [71, 27], "uv_size": [-1, -7]}
							}
						}
					]
				},
				{
					"name": "paddle2",
					"parent": "head",
					"pivot": [1, 9, 10],
					"cubes": [
						{
							"origin": [0.15654, -12.61983, 12.76042],
							"size": [2.01, 18, 2],
							"pivot": [0, 0, 0],
							"rotation": [35.3335, 13.47157, -18.19144],
							"uv": {
								"north": {"uv": [82, 20], "uv_size": [-2, 18]},
								"east": {"uv": [84, 20], "uv_size": [-2, 18]},
								"south": {"uv": [82, 0], "uv_size": [-2, 18]},
								"west": {"uv": [84, 0], "uv_size": [-2, 18]},
								"up": {"uv": [82, 18], "uv_size": [-2, 2]},
								"down": {"uv": [82, 38], "uv_size": [-2, 2]}
							}
						},
						{
							"origin": [0.16654, 10.80948, 7.62171],
							"size": [1, 6, 7],
							"pivot": [0, 0, 0],
							"rotation": [-55.1665, 13.4716, -18.1914],
							"uv": {
								"north": {"uv": [70, 27], "uv_size": [-1, 6]},
								"east": {"uv": [77, 27], "uv_size": [-7, 6]},
								"south": {"uv": [78, 27], "uv_size": [-1, 6]},
								"west": {"uv": [70, 27], "uv_size": [-7, 6]},
								"up": {"uv": [70, 20], "uv_size": [-1, 7]},
								"down": {"uv": [71, 20], "uv_size": [-1, 7]}
							}
						}
					]
				}
			]
		}
	]
}