{
	"format_version": "1.10.0",
	"geometry.deer_head": {
		"texturewidth": 64,
		"textureheight": 64,
		"visible_bounds_width": 3,
		"visible_bounds_height": 3.125,
		"visible_bounds_offset": [0, 1.4375, 0],
		"bones": [
			{
				"name": "root",
				"pivot": [0, 0, 0],
				"rotation": [-180, 0, 180]
			},
			{
				"name": "plaque",
				"parent": "root",
				"pivot": [0, 0, 0],
				"cubes": [
					{"origin": [-8, 0, 6], "size": [16, 16, 2], "uv": [0, 0]}
				]
			},
			{
				"name": "head",
				"parent": "root",
				"pivot": [0, 7, 2],
				"cubes": [
					{"origin": [-3, 10, -1], "size": [6, 5, 6], "uv": [30, 12]},
					{"origin": [-2, 10, -4], "size": [4, 3, 3], "uv": [32, 23]}
				],
				"locators": {
					"lead": [0, 7, 2]
				}
			},
			{
				"name": "neck",
				"parent": "head",
				"pivot": [0, 6, 3.5],
				"rotation": [22.5, 0, 0],
				"cubes": [
					{"origin": [-2.5, 5, 1.5], "size": [5, 7, 5], "uv": [31, 33]}
				]
			},
			{
				"name": "antlers",
				"parent": "head",
				"pivot": [0, 14, 2],
				"cubes": [
					{"origin": [-3, 15, -3], "size": [0, 8, 9], "uv": [18, 21]},
					{"origin": [3, 15, -3], "size": [0, 8, 9], "uv": [0, 21]}
				]
			},
			{
				"name": "ears",
				"parent": "head",
				"pivot": [0, 7, 2]
			},
			{
				"name": "ear1",
				"parent": "ears",
				"pivot": [3, 12.9, 2],
				"rotation": [0, -27.5, 0],
				"cubes": [
					{"origin": [2.72232, 12.5, 1.51346], "size": [3, 2, 1], "uv": [0, 21]}
				]
			},
			{
				"name": "ear2",
				"parent": "ears",
				"pivot": [-3, 13, 2],
				"rotation": [0, 27.5, 0],
				"cubes": [
					{"origin": [-5.8093, 12.5, 1.55171], "size": [3, 2, 1], "uv": [0, 18]}
				]
			},
			{
				"name": "body",
				"parent": "root",
				"pivot": [0, 18, 2],
				"rotation": [90, 0, 0],
				"cubes": [
					{"origin": [-4, 14, -16], "size": [8, 4, 8], "uv": [0, 18]}
				]
			}
		]
	}
}