{
	"format_version": "1.10.0",
	"geometry.deer": {
		"texturewidth": 64,
		"textureheight": 64,
		"visible_bounds_width": 3,
		"visible_bounds_height": 3.125,
		"visible_bounds_offset": [0, 1.4375, 0],
		"bones": [
			{
				"name": "body",
				"pivot": [0, 18, 2],
				"rotation": [90, 0, 0],
				"cubes": [
					{"origin": [-4, 10, -4], "size": [8, 18, 8], "uv": [0, 0]}
				]
			},
			{
				"name": "tail",
				"parent": "body",
				"pivot": [0, 9.6, 3],
				"rotation": [30, 0, 0],
				"cubes": [
					{"origin": [-1, 9.6, 0], "size": [2, 1, 4], "uv": [24, 0]}
				]
			},
			{
				"name": "head",
				"pivot": [0, 19, -8],
				"cubes": [
					{"origin": [-3, 22, -11], "size": [6, 5, 6.5], "uv": [0, 26]},
					{"origin": [-2, 22, -14], "size": [4, 3, 3.5], "uv": [32, 12]}
				],
				"locators": {
					"lead": [0, 19, -8]
				}
			},
			{
				"name": "neck",
				"parent": "head",
				"pivot": [0, 18, -6.5],
				"rotation": [22.5, 0, 0],
				"cubes": [
					{"origin": [-2.5, 17, -8.5], "size": [5, 7, 5], "uv": [32, 0]}
				]
			},
			{
				"name": "antlers",
				"parent": "head",
				"pivot": [0, 26, -8],
				"cubes": [
					{"origin": [-3, 27, -13], "size": [0, 8, 9], "uv": [26, 25]},
					{"origin": [3, 27, -13], "size": [0, 8, 9], "uv": [26, 17]}
				]
			},
			{
				"name": "ears",
				"parent": "head",
				"pivot": [0, 19, -8]
			},
			{
				"name": "ear1",
				"parent": "ears",
				"pivot": [3, 24.9, -8],
				"rotation": [0, -27.5, 0],
				"cubes": [
					{"origin": [2.72232, 24.5, -8.48654], "size": [3, 2, 1], "uv": [0, 3]}
				]
			},
			{
				"name": "ear2",
				"parent": "ears",
				"pivot": [-3, 25, -8],
				"rotation": [0, 27.5, 0],
				"cubes": [
					{"origin": [-5.8093, 24.5, -8.44829], "size": [3, 2, 1], "uv": [0, 0]}
				]
			},
			{
				"name": "leg0",
				"pivot": [-4, 12, 7],
				"cubes": [
					{"origin": [-4, 0, 6], "size": [3, 12, 3], "uv": [24, 42]}
				]
			},
			{
				"name": "leg1",
				"pivot": [4, 12, 7],
				"mirror": true,
				"cubes": [
					{"origin": [1, 0, 6], "size": [3, 12, 3], "uv": [41, 39], "mirror": false}
				]
			},
			{
				"name": "leg2",
				"pivot": [-4, 12, -6],
				"cubes": [
					{"origin": [-4, 0, -7], "size": [3, 12, 3], "uv": [12, 37]}
				]
			},
			{
				"name": "leg3",
				"pivot": [4, 12, -6],
				"mirror": true,
				"cubes": [
					{"origin": [1, 0, -7], "size": [3, 12, 3], "uv": [0, 37], "mirror": false}
				]
			}
		]
	}
}