{
	"format_version": "1.10.0",
	"geometry.ghost": {
		"texturewidth": 64,
		"textureheight": 64,
		"visible_bounds_width": 3,
		"visible_bounds_height": 3,
		"visible_bounds_offset": [0, 1.5, 0],
		"bones": [
			{
				"name": "body",
				"pivot": [0, 24, 0],
				"cubes": [
					{"origin": [-4, 14, -2], "size": [8, 10, 4], "uv": [0, 16]}
				]
			},
			{
				"name": "head",
				"parent": "body",
				"pivot": [0, 24, 0],
				"cubes": [
					{"origin": [-4, 24, -4], "size": [8, 8, 8], "uv": [0, 0]}
				]
			},
			{
				"name": "rightArm",
				"parent": "body",
				"pivot": [-5, 22, 0],
				"cubes": [
					{"origin": [-8, 12, -2], "size": [4, 12, 4], "uv": [0, 30]}
				]
			},
			{
				"name": "armcloths",
				"parent": "rightArm",
				"pivot": [-5, 16, 7],
				"rotation": [90, 0, 0],
				"cubes": [
					{"origin": [-4, 20, 7], "size": [0, 1, 1], "uv": [30, 2]},
					{"origin": [-4, 19, 9], "size": [0, 2, 1], "uv": [28, 20]},
					{"origin": [-8, 18, 9], "size": [0, 3, 1], "uv": [24, 15]},
					{"origin": [-8, 18, 3], "size": [0, 3, 1], "uv": [24, 4]},
					{"origin": [-4, 18, 3], "size": [0, 3, 1], "uv": [24, 24]},
					{"origin": [-4, 19, 5], "size": [0, 2, 1], "uv": [28, 18]},
					{"origin": [-8, 20, 5], "size": [0, 1, 1], "uv": [30, 1]},
					{"origin": [-8, 19, 7], "size": [0, 2, 1], "uv": [0, 29]},
					{"origin": [-5, 18, 3], "size": [1, 3, 0], "uv": [28, 16]},
					{"origin": [-7, 17, 3], "size": [1, 4, 0], "uv": [22, 16]},
					{"origin": [-8, 19, 3], "size": [1, 2, 0], "uv": [30, 0]}
				]
			},
			{
				"name": "leftArm",
				"parent": "body",
				"pivot": [5, 22, 0],
				"mirror": true,
				"cubes": [
					{"origin": [4, 12, -2], "size": [4, 12, 4], "uv": [24, 24], "mirror": false}
				]
			},
			{
				"name": "armcloths2",
				"parent": "leftArm",
				"pivot": [7, 16, 7],
				"rotation": [90, 0, 0],
				"cubes": [
					{"origin": [8, 20, 7], "size": [0, 1, 1], "uv": [28, 22]},
					{"origin": [8, 19, 9], "size": [0, 2, 1], "uv": [28, 5]},
					{"origin": [4, 18, 9], "size": [0, 3, 1], "uv": [20, 15]},
					{"origin": [4, 18, 3], "size": [0, 3, 1], "uv": [6, 4]},
					{"origin": [8, 18, 3], "size": [0, 3, 1], "uv": [4, 4]},
					{"origin": [8, 19, 5], "size": [0, 2, 1], "uv": [28, 3]},
					{"origin": [4, 20, 5], "size": [0, 1, 1], "uv": [20, 18]},
					{"origin": [4, 19, 7], "size": [0, 2, 1], "uv": [0, 5]},
					{"origin": [7, 18, 3], "size": [1, 3, 0], "uv": [2, 0]},
					{"origin": [5, 17, 3], "size": [1, 4, 0], "uv": [2, 16]},
					{"origin": [4, 19, 3], "size": [1, 2, 0], "uv": [22, 30]}
				]
			},
			{
				"name": "cloth",
				"parent": "body",
				"pivot": [-1, 0, 1],
				"cubes": [
					{"origin": [4, 11, -1], "size": [0, 3, 1], "uv": [24, 18]},
					{"origin": [-4, 11, -1], "size": [0, 3, 1], "uv": [24, 21]},
					{"origin": [4, 9, -2], "size": [0, 5, 1], "uv": [0, 0]},
					{"origin": [-4, 9, -2], "size": [0, 5, 1], "uv": [2, 2]},
					{"origin": [4, 10, 1], "size": [0, 4, 1], "uv": [4, 0]},
					{"origin": [-4, 10, 1], "size": [0, 4, 1], "uv": [0, 15]},
					{"origin": [4, 12, 0], "size": [0, 2, 1], "uv": [2, 29]},
					{"origin": [-4, 12, 0], "size": [0, 2, 1], "uv": [16, 29]},
					{"origin": [3, 10, -2], "size": [1, 4, 0], "uv": [26, 16]},
					{"origin": [3, 10, 2], "size": [1, 4, 0], "uv": [26, 20]},
					{"origin": [1, 10, -2], "size": [1, 4, 0], "uv": [26, 4]},
					{"origin": [1, 10, 2], "size": [1, 4, 0], "uv": [26, 24]},
					{"origin": [-1, 10, -2], "size": [1, 4, 0], "uv": [26, 0]},
					{"origin": [-1, 10, 2], "size": [1, 4, 0], "uv": [28, 0]},
					{"origin": [-3, 9, -2], "size": [1, 5, 0], "uv": [6, 0]},
					{"origin": [-3, 9, 2], "size": [1, 5, 0], "uv": [24, 0]},
					{"origin": [2, 12, -2], "size": [1, 2, 0], "uv": [30, 6]},
					{"origin": [2, 12, 2], "size": [1, 2, 0], "uv": [30, 16]},
					{"origin": [0, 11, -2], "size": [1, 3, 0], "uv": [12, 30]},
					{"origin": [0, 11, 2], "size": [1, 3, 0], "uv": [18, 30]},
					{"origin": [-2, 12, -2], "size": [1, 2, 0], "uv": [30, 4]},
					{"origin": [-4, 11, -2], "size": [1, 3, 0], "uv": [14, 30]},
					{"origin": [-4, 11, 2], "size": [1, 3, 0], "uv": [20, 30]},
					{"origin": [-2, 12, 2], "size": [1, 2, 0], "uv": [30, 18]}
				]
			},
			{
				"name": "rightItem",
				"parent": "body",
				"pivot": [-6, 13, 0]
			}
		]
	}
}