{
	"format_version": "1.10.0",
	"geometry.moobloom": {
		"texturewidth": 64,
		"textureheight": 64,
		"visible_bounds_width": 3,
		"visible_bounds_height": 3,
		"visible_bounds_offset": [0, 1.5, 0],
		"bones": [
			{
				"name": "body",
				"pivot": [0, 19, 2],
				"rotation": [90, 0, 0],
				"cubes": [
					{"origin": [-6, 11, -5], "size": [12, 18, 10], "uv": [18, 4]},
					{"origin": [-2, 11, -6], "size": [4, 6, 1], "uv": [52, 0]}
				]
			},
			{
				"name": "head",
				"pivot": [0, 20, -8],
				"cubes": [
					{"origin": [-4, 16, -14], "size": [8, 8, 6], "uv": [0, 0]},
					{"origin": [-5, 22, -12], "size": [1, 3, 1], "uv": [22, 0]},
					{"origin": [4, 22, -12], "size": [1, 3, 1], "uv": [22, 0]}
				],
				"locators": {
					"lead": [0, 20, -8]
				}
			},
			{
				"name": "flower2",
				"parent": "head",
				"pivot": [0, 26, -10],
				"cubes": [
					{"origin": [1, 24, -13], "size": [0, 5, 4], "uv": [52, 4]},
					{"origin": [-1, 24, -11], "size": [4, 5, 0], "uv": [52, 8]}
				]
			},
			{
				"name": "leg0",
				"pivot": [-4, 12, 7],
				"cubes": [
					{"origin": [-6, 0, 5], "size": [4, 12, 4], "uv": [0, 16]}
				]
			},
			{
				"name": "leg1",
				"pivot": [4, 12, 7],
				"mirror": true,
				"cubes": [
					{"origin": [2, 0, 5], "size": [4, 12, 4], "uv": [0, 16]}
				]
			},
			{
				"name": "leg2",
				"pivot": [-4, 12, -6],
				"cubes": [
					{"origin": [-6, 0, -7], "size": [4, 12, 4], "uv": [0, 16]}
				]
			},
			{
				"name": "leg3",
				"pivot": [4, 12, -6],
				"mirror": true,
				"cubes": [
					{"origin": [2, 0, -7], "size": [4, 12, 4], "uv": [0, 16]}
				]
			},
			{
				"name": "top_flowers",
				"pivot": [0, 22, 6]
			},
			{
				"name": "flower1",
				"parent": "top_flowers",
				"pivot": [0, 22, 6],
				"cubes": [
					{"origin": [-2, 22, 6], "size": [4, 6, 0], "uv": [52, 8]},
					{"origin": [0, 22, 4], "size": [0, 6, 4], "uv": [52, 4]}
				]
			},
			{
				"name": "flower3",
				"parent": "top_flowers",
				"pivot": [4, 22, -2],
				"cubes": [
					{"origin": [2, 22, -2], "size": [4, 5, 0], "uv": [52, 8]},
					{"origin": [4, 22, -4], "size": [0, 5, 4], "uv": [52, 4]}
				]
			},
			{
				"name": "flower4",
				"parent": "top_flowers",
				"pivot": [0, 22, 6],
				"cubes": [
					{"origin": [-5, 22, 0], "size": [4, 5, 0], "uv": [52, 8]},
					{"origin": [-3, 22, -2], "size": [0, 5, 4], "uv": [52, 4]}
				]
			}
		]
	}
}