{
	"format_version": "1.10.0",
	"geometry.raccoon": {
		"texturewidth": 64,
		"textureheight": 64,
		"visible_bounds_width": 4,
		"visible_bounds_height": 3.5,
		"visible_bounds_offset": [0, 1.25, 0],
		"bones": [
			{
				"name": "world",
				"pivot": [0, 0, 0]
			},
			{
				"name": "root",
				"parent": "world",
				"pivot": [0, 0, 0]
			},
			{
				"name": "body",
				"parent": "root",
				"pivot": [0, 8, 0],
				"rotation": [90, 0, 0],
				"cubes": [
					{"origin": [-4.5, 0, -3], "size": [9, 7, 6], "uv": [0, 13]},
					{"origin": [-3.5, 7, -3], "size": [7, 4, 6], "uv": [24, 7]}
				]
			},
			{
				"name": "head",
				"parent": "root",
				"pivot": [0, 8, -3],
				"cubes": [
					{"origin": [-4.5, 4.5, -9], "size": [9, 7, 6], "uv": [0, 0]},
					{"origin": [-4, 11.5, -8], "size": [2, 2, 1], "uv": [0, 3]},
					{"origin": [2, 11.5, -8], "size": [2, 2, 1], "uv": [0, 0]},
					{"origin": [-2, 4.5, -12], "size": [4, 3, 3], "uv": [24, 0]}
				],
				"locators": {
					"lead": [0, 5, -3],
					"held_item": [-2, 5, -10]
				}
			},
			{
				"name": "rightarm",
				"parent": "head",
				"pivot": [0, 8, -3]
			},
			{
				"name": "rightItem",
				"parent": "rightarm",
				"pivot": [-2, 5.5, -6],
				"rotation": [10, 0, -12.5]
			},
			{
				"name": "head_sleeping",
				"parent": "head",
				"pivot": [0, 8, -3],
				"cubes": [
					{"origin": [-4.5, 4.5, -9], "size": [9, 7, 6], "uv": [0, 42]}
				]
			},
			{
				"name": "hat",
				"parent": "head",
				"pivot": [0, 8, -3],
				"cubes": [
					{"origin": [-2.5, 11.6, -8.5], "size": [5, 1, 5], "uv": [43, 40]},
					{"origin": [-2, 12.6, -8], "size": [4, 4.4, 4], "uv": [43, 46]}
				]
			},
			{
				"name": "leg0",
				"parent": "root",
				"pivot": [-3, 6, 6],
				"cubes": [
					{"origin": [-3.005, 0, 5], "size": [2, 6, 2], "uv": [0, 34]}
				]
			},
			{
				"name": "leg1",
				"parent": "root",
				"pivot": [1, 6, 6],
				"cubes": [
					{"origin": [1.005, 0, 5], "size": [2, 6, 2], "uv": [16, 26]}
				]
			},
			{
				"name": "leg2",
				"parent": "root",
				"pivot": [-3, 6, -1],
				"cubes": [
					{"origin": [-3.005, 0, -2], "size": [2, 6, 2], "uv": [8, 26]}
				]
			},
			{
				"name": "leg3",
				"parent": "root",
				"pivot": [1, 6, -1],
				"cubes": [
					{"origin": [1.005, 0, -2], "size": [2, 6, 2], "uv": [0, 26]}
				]
			},
			{
				"name": "tail",
				"parent": "root",
				"pivot": [0, 8, 7],
				"rotation": [75, 0, 0],
				"cubes": [
					{"origin": [-2.5, -5, 4.75], "size": [5, 12, 5], "uv": [25, 21]}
				]
			}
		]
	}
}