{
	"format_version": "1.12.0",
	"minecraft:geometry": [
		{
			"description": {
				"identifier": "geometry.standing_torch_top",
				"texture_width": 16,
				"texture_height": 16,
				"visible_bounds_width": 2,
				"visible_bounds_height": 4,
				"visible_bounds_offset": [0, 1, 0]
			},
			"bones": [
				{
					"name": "bone",
					"pivot": [0, -13, 0],
					"cubes": [
						{"origin": [-1.2, 7, -1.2], "size": [2.4, 2, 2.4], "uv": [8, 7]},
						{"origin": [-1, 9, -1], "size": [2, 2, 2], "uv": [0, 9]},
						{"origin": [-1, 0, -1], "size": [2, 7, 2], "uv": [0, 0]}
					]
				}
			]
		}
	]
}