{
	"entity_sounds": {
		"entities": {
		"farlandersaddon:farlander": {
		"volume": 1.0,
        "pitch": [ 0.8, 1.2 ],
        "events": {
          "ambient": "mob.farlander.idle",
          "hurt": "mob.farlander.hurt",
          "death": "mob.farlander.death"
		}
	},
		"farlandersaddon:mystic_ender_minion": {
		"volume": 1.0,
        "pitch": [ 0.8, 1.2 ],
        "events": {
          "ambient": "mob.mystic_enderminion.idle",
          "hurt": "mob.mystic_enderminion.hurt",
          "death": "mob.mystic_enderminion.death"
		}
	},
		"farlandersaddon:ender_minion": {
		"volume": 1.0,
        "pitch": [ 0.8, 1.2 ],
        "events": {
          "ambient": "mob.enderminion.idle",
          "hurt": "mob.enderminion.hurt",
          "death": "mob.enderminion.death"
		}
	},
		"farlandersaddon:mystic_enderman": {
		"volume": 1.0,
        "pitch": [ 0.8, 1.2 ],
        "events": {
          "ambient": "mob.mystic_enderman.idle",
          "hurt": "mob.mystic_enderman.hurt",
          "death": "mob.mystic_enderman.death"
		}
	},
		"farlandersaddon:farlander_1": {
		"volume": 1.0,
        "pitch": [ 0.8, 1.2 ],
        "events": {
          "ambient": "mob.farlander.idle",
          "hurt": "mob.farlander.hurt",
          "death": "mob.farlander.death"
		}
	},
		"farlandersaddon:farlander_2": {
		"volume": 1.0,
        "pitch": [ 0.8, 1.2 ],
        "events": {
          "ambient": "mob.farlander.idle",
          "hurt": "mob.farlander.hurt",
          "death": "mob.farlander.death"
		}
	},
		"farlandersaddon:farlander_3": {
		"volume": 1.0,
        "pitch": [ 0.8, 1.2 ],
        "events": {
          "ambient": "mob.farlander.idle",
          "hurt": "mob.farlander.hurt",
          "death": "mob.farlander.death"
		}
	},
		"farlandersaddon:farlander_4": {
		"volume": 1.0,
        "pitch": [ 0.8, 1.2 ],
        "events": {
          "ambient": "mob.farlander.idle",
          "hurt": "mob.farlander.hurt",
          "death": "mob.farlander.death"
		}
	},
		"farlandersaddon:farlander_5": {
		"volume": 1.0,
        "pitch": [ 0.8, 1.2 ],
        "events": {
          "ambient": "mob.farlander.idle",
          "hurt": "mob.farlander.hurt",
          "death": "mob.farlander.death"
		}
	},
      "ores_enderman:enderman_endumium": {
        "volume": 1.0,
        "pitch": [ 0.8, 1.2 ],
        "events": {
          "ambient": "mob.endermen.idle",
          "hurt": "mob.endermen.hit",
          "death": "mob.endermen.death",
          "mad": "mob.endermen.scream",
          "stare": {
            "sound": "mob.endermen.stare",
            "volume": 1.0,
            "pitch": 1.0
          }
        }
      },
      "farlandersaddon:fanmade_enderman": {
        "volume": 1.0,
        "pitch": [ 0.8, 1.2 ],
        "events": {
          "ambient": "mob.fanmade_enderman.idle",
          "hurt": "mob.fanmade_enderman.hurt",
          "death": "mob.fanmade_enderman.death",
          "mad": "mob.endermen.scream",
          "stare": {
            "sound": "mob.endermen.stare",
            "volume": 1.0,
            "pitch": 1.0
          }
        }
      },
		"farlandersaddon:elder_farlander": {
		"volume": 1.0,
        "pitch": [ 0.8, 1.2 ],
        "events": {
          "ambient": "mob.farlander.idle",
          "hurt": "mob.farlander.hurt",
          "death": "mob.farlander.death"
		}
	},
		"farlandersaddon:rebel_farlander": {
		"volume": 1.0,
        "pitch": [ 0.8, 1.2 ],
        "events": {
          "ambient": "mob.farlander.idle",
          "hurt": "mob.farlander.hurt",
          "death": "mob.farlander.death"
		}
	},
		"farlandersaddon:ender_golem": {
		"volume": 1.0,
        "pitch": [ 0.8, 1.2 ],
        "events": {
          "ambient": "mob.farlander.idle",
          "hurt": "mob.farlander.hurt",
          "death": "mob.farlander.death"
		}
	},
		"farlandersaddon:wanderer": {
		"volume": 1.0,
        "pitch": [ 0.8, 1.2 ],
        "events": {
          "ambient": "mob.farlander.idle",
          "hurt": "mob.farlander.hurt",
          "death": "mob.farlander.death"
		}
	},
		"farlandersaddon:ender_guardian": {
		"volume": 1.0,
        "pitch": [ 0.8, 1.2 ],
        "events": {
          "ambient": "mob.farlander.idle",
          "hurt": "mob.farlander.hurt",
          "death": "mob.farlander.death"
		}
	},
		"farlandersaddon:ender_golem": {
		"volume": 1.0,
        "pitch": [ 0.8, 1.2 ],
        "events": {
          "ambient": "mob.titan.idle",
          "hurt": "mob.titan.hurt",
          "death": "mob.titan.death"
		}
	},
			"farlandersaddon:titan": {
				"volume": 1.0,
        "pitch": [ 0.8, 1.2 ],
        "events": {
          "ambient": "mob.titan.idle",
          "hurt": "mob.titan.hurt",
          "death": "mob.titan.death"
			}
			}
		}
	}
}