{
	"format_version": "1.12.0",
	"minecraft:geometry": [
		{
			"description": {
				"identifier": "geometry.reptil_chest",
				"texture_width": 64,
				"texture_height": 64,
				"visible_bounds_width": 3,
				"visible_bounds_height": 3.5,
				"visible_bounds_offset": [0, 1.25, 0]
			},
			"bones": [
				{
					"name": "body",
					"pivot": [0, 24, 0],
					"mirror": true,
					"cubes": [
						{"origin": [-4, 12, -2], "size": [8, 12, 4], "inflate": 0.3, "uv": [16, 16]},
						{"origin": [-0.5, 12, 1.7], "size": [1, 2, 1], "uv": [16, 32]},
						{"origin": [-0.5, 17, 1.7], "size": [1, 2, 1], "uv": [16, 32]},
						{"origin": [-0.5, 14.5, 1.7], "size": [1, 2, 1], "uv": [16, 32]},
						{"origin": [-0.5, 19.5, 1.7], "size": [1, 2, 1], "uv": [16, 32]},
						{"origin": [-0.5, 22, 1.7], "size": [1, 2, 1], "uv": [16, 32]},
						{"origin": [-0.5, 12, 2.5], "size": [1, 2, 1], "inflate": -0.2, "uv": [16, 32]},
						{"origin": [-0.5, 17, 2.5], "size": [1, 2, 1], "inflate": -0.2, "uv": [16, 32]},
						{"origin": [-0.5, 14.5, 2.5], "size": [1, 2, 1], "inflate": -0.2, "uv": [16, 32]},
						{"origin": [-0.5, 19.5, 2.5], "size": [1, 2, 1], "inflate": -0.2, "uv": [16, 32]},
						{"origin": [-0.5, 22, 2.5], "size": [1, 2, 1], "inflate": -0.2, "uv": [16, 32]}
					]
				},
				{
					"name": "leftArm",
					"pivot": [-7, 24, 0],
					"mirror": true,
					"cubes": [
						{"origin": [-8, 20, -2], "size": [4, 6, 4], "inflate": 0.35, "uv": [40, 16], "mirror": false}
					]
				},
				{
					"name": "rightArm",
					"pivot": [7, 24, 0],
					"mirror": true,
					"cubes": [
						{"origin": [4, 20, -2], "size": [4, 6, 4], "inflate": 0.35, "uv": [40, 16]}
					]
				}
			]
		}
	]
}