{
	"format_version": "1.12.0",
	"minecraft:geometry": [
		{
			"description": {
				"identifier": "geometry.reptil_boots",
				"texture_width": 64,
				"texture_height": 64,
				"visible_bounds_width": 2,
				"visible_bounds_height": 1.5,
				"visible_bounds_offset": [0, 0.25, 0]
			},
			"bones": [
				{
					"name": "leftLeg",
					"pivot": [-1.9, 12, 0],
					"mirror": true,
					"cubes": [
						{"origin": [-2.3, 0, -7], "size": [1, 3, 3], "pivot": [-2.5, 0, 0], "rotation": [0, -52.5, 0], "uv": [0, 24]},
						{"origin": [-4.1, 0, -2], "size": [4, 4, 4], "inflate": 0.3, "uv": [0, 16]},
						{"origin": [-4.3, 0, -4], "size": [2, 3, 2], "uv": [4, 17]},
						{"origin": [-3.8, 0, -7], "size": [1, 3, 3], "uv": [0, 24]},
						{"origin": [-1.9, 0, -4], "size": [2, 3, 2], "uv": [4, 17]},
						{"origin": [-1.4, 0, -7], "size": [1, 3, 3], "uv": [0, 24]},
						{"origin": [-2.8, 0, -4], "size": [2, 3, 2], "pivot": [-2.5, 0, 0], "rotation": [0, -52.5, 0], "uv": [4, 17]}
					]
				},
				{
					"name": "rightLeg",
					"pivot": [1.9, 12, 0],
					"mirror": true,
					"cubes": [
						{"origin": [0.1, 0, -2], "size": [4, 4, 4], "inflate": 0.3, "uv": [0, 16], "mirror": false},
						{"origin": [0.7, 0, -4], "size": [2, 3, 2], "pivot": [2.5, 0, 0], "rotation": [0, 52.5, 0], "uv": [4, 17]},
						{"origin": [1.2, 0, -7], "size": [1, 3, 3], "pivot": [2.5, 0, 0], "rotation": [0, 52.5, 0], "uv": [0, 24]},
						{"origin": [2.3, 0, -4], "size": [2, 3, 2], "uv": [4, 17]},
						{"origin": [2.8, 0, -7], "size": [1, 3, 3], "uv": [0, 24]},
						{"origin": [0.4, 0, -7], "size": [1, 3, 3], "uv": [0, 24]},
						{"origin": [-0.1, 0, -4], "size": [2, 3, 2], "uv": [4, 17]}
					]
				}
			]
		}
	]
}