{
	"format_version": "1.12.0",
	"minecraft:geometry": [
		{
			"description": {
				"identifier": "geometry.reptil_legs",
				"texture_width": 64,
				"texture_height": 64,
				"visible_bounds_width": 3,
				"visible_bounds_height": 2.5,
				"visible_bounds_offset": [0, 0.75, 0]
			},
			"bones": [
				{
					"name": "body",
					"pivot": [0, 24, 0],
					"mirror": true,
					"cubes": [
						{"origin": [-4, 12, -2], "size": [8, 2, 4], "inflate": 0.1, "uv": [16, 16]},
						{"origin": [-1, 12, 1], "size": [2, 2, 4], "inflate": 0.3, "pivot": [0, 12.4, 2], "rotation": [-30, 0, 0], "uv": [16, 16]},
						{"origin": [-0.5, 13, 1], "size": [1, 2, 2], "inflate": -0.2, "pivot": [0, 12.4, 2], "rotation": [-30, 0, 0], "uv": [0, 12]},
						{"origin": [-0.5, 13, 3], "size": [1, 2, 2], "inflate": -0.2, "pivot": [0, 12.4, 2], "rotation": [-30, 0, 0], "uv": [0, 12]},
						{"origin": [-1, 10.9, 5], "size": [2, 2, 4], "inflate": 0, "pivot": [0, 12.4, 2], "rotation": [-11, 0, 0], "uv": [16, 16]},
						{"origin": [-0.5, 11.6, 5.5], "size": [1, 2, 2], "inflate": -0.3, "pivot": [0, 12.4, 2], "rotation": [-11, 0, 0], "uv": [0, 12]},
						{"origin": [-0.5, 11.6, 7.2], "size": [1, 2, 2], "inflate": -0.3, "pivot": [0, 12.4, 2], "rotation": [-11, 0, 0], "uv": [0, 12]},
						{"origin": [-1, 9.9, 8.5], "size": [2, 2, 4], "inflate": -0.2, "pivot": [0, 12.4, 2], "rotation": [-3.5, 0, 0], "uv": [16, 16]},
						{"origin": [-1, 9.5, 11], "size": [2, 2, 4], "inflate": -0.3, "pivot": [0, 12.4, 2], "rotation": [-1, 0, 0], "uv": [16, 16]},
						{"origin": [-0.5, 10.4, 8.8], "size": [1, 2, 2], "inflate": -0.3, "pivot": [0, 11.8, 2.3], "rotation": [-3.5, 0, 0], "uv": [0, 12]},
						{"origin": [-0.5, 10.4, 10.4], "size": [1, 2, 2], "inflate": -0.3, "pivot": [0, 11.8, 2.3], "rotation": [-3.5, 0, 0], "uv": [0, 12]},
						{"origin": [-0.5, 10, 12], "size": [1, 2, 2], "inflate": -0.4, "pivot": [0, 11.8, 2.3], "rotation": [-1, 0, 0], "uv": [0, 12]}
					]
				},
				{
					"name": "leftLeg",
					"pivot": [-1.9, 12, 0],
					"mirror": true,
					"cubes": [
						{"origin": [-3.9, 2, -2], "size": [4, 10, 4], "inflate": 0.1, "uv": [0, 16], "mirror": false}
					]
				},
				{
					"name": "rightLeg",
					"pivot": [1.9, 12, 0],
					"mirror": true,
					"cubes": [
						{"origin": [-0.1, 2, -2], "size": [4, 10, 4], "inflate": 0.1, "uv": [0, 16]}
					]
				}
			]
		}
	]
}