{
  "resource_pack_name": "the_farlanders resource",
  "texture_name": "atlas.items",
  "texture_data": {
    "ender_skin": {
      "textures": "textures/items/ender_skin"
    },
    "ender_chest": {
      "textures": "textures/items/ender_chest"
    },
    "ender_helmet": {
      "textures": "textures/items/ender_helmet"
    },
    "rebel_helmet": {
      "textures": "textures/items/rebel_helmet"
    },
    "ender_legs": {
      "textures": "textures/items/ender_legs"
    },
    "ender_boots": {
      "textures": "textures/items/ender_boots"
    },
    "egg_farlander": {
      "textures": "textures/items/egg_farlander"
    },
    "endumium_pearl": {
      "textures": "textures/items/endumium_pearl"
    },
    "regeneration_mystic_wand": {
      "textures": "textures/items/mystic_wand"
    },
    "mystic_wand": {
      "textures": "textures/items/mystic_wand"
    },
    "egg_ender_minion": {
      "textures": "textures/items/egg_ender_minion"
    },
    "egg_mystic_enderman": {
      "textures": "textures/items/egg_mystic_enderman"
    },
    "egg_fanmade_enderman": {
      "textures": "textures/items/egg_fanmade_enderman"
    },
    "egg_enderman_endumium": {
      "textures": "textures/items/egg_enderman_endumium"
    },
    "cuerno": {
      "textures": "textures/items/cuerno"
    },
    "endumium_crystal": {
      "textures": "textures/items/endumium_crystal"
    },
    "ender_sword": {
      "textures": "textures/items/ender_sword"
    },
    "ender_apple": {
      "textures": "textures/items/ender_apple"
    },
    "egg_titan": {
      "textures": "textures/items/egg_titan"
    },
    "egg_ender_golem": {
      "textures": "textures/items/egg_ender_golem"
    },
    "egg_ender_guardian": {
      "textures": "textures/items/egg_ender_guardian"
    },
    "egg_wanderer": {
      "textures": "textures/items/egg_wanderer"
    },
    "egg_rebel_farlander": {
      "textures": "textures/items/egg_rebel_farlander"
    },
     "egg_elder_farlander": {
	"textures": "textures/items/egg_elder_farlander"
   }
  }
}