{
  "format_version": "1.19.10",
  "minecraft:block": {
    "description": {
      "identifier": "chisel:slanted_coal",
      "properties": {
	  
	  }
    },
        "components": {
			"minecraft:creative_category": {
				"category": "construction",
				"group": "itemGroup.name.stoneBrick"
			},
			"minecraft:destroy_time": 0.5,
			"minecraft:explosion_resistance": 20,
			"minecraft:block_light_filter": 15,
			"minecraft:map_color": "#29251f",
			"minecraft:block_light_emission": 0,
			
			"tag:stone": {}
        }
    }
}